date_hkt,daily_composite_mm,coverage_complete,covered_minutes,missing_minutes,observed_original,observed_mm,observed_lower_mm,observed_upper_mm,observation_completeness,difference_mm,difference_lower_mm,difference_upper_mm,contains_extreme_source_value,lead_30_minutes,lead_60_minutes,lead_90_minutes,lead_120_minutes,prorated_segments
2025-01-01,0.8,True,1440.0,0.0,Trace,,0,0.05,C,,0.75,0.8,False,0,720.0,708.0,12.0,10
2025-01-02,0.04,True,1440.0,0.0,0.0,0.0,0.0,0.0,C,0.04,0.04,0.04,False,0,720.0,684.0,36.0,21
2025-01-03,0,True,1440.0,0.0,0.0,0.0,0.0,0.0,C,0.0,0.0,0.0,False,0,720.0,696.0,24.0,21
2025-01-04,0,True,1440.0,0.0,Trace,,0,0.05,C,,-0.05,0,False,0,720.0,684.0,36.0,21
2025-01-05,1.634,True,1440.0,0.0,Trace,,0,0.05,C,,1.584,1.634,False,0,720.0,684.0,36.0,26
2025-01-06,0,True,1440.0,0.0,0.0,0.0,0.0,0.0,C,0.0,0.0,0.0,False,0,720.0,696.0,24.0,17
2025-01-07,0,True,1440.0,0.0,0.0,0.0,0.0,0.0,C,0.0,0.0,0.0,False,0,720.0,696.0,24.0,17
2025-01-08,0,True,1440.0,0.0,0.0,0.0,0.0,0.0,C,0.0,0.0,0.0,False,0,720.0,696.0,24.0,22
2025-01-09,0,True,1440.0,0.0,0.0,0.0,0.0,0.0,C,0.0,0.0,0.0,False,0,720.0,648.0,72.0,45
2025-01-10,0,True,1440.0,0.0,0.0,0.0,0.0,0.0,C,0.0,0.0,0.0,False,0,720.0,636.0,84.0,57
2025-01-11,0,True,1440.0,0.0,0.0,0.0,0.0,0.0,C,0.0,0.0,0.0,False,0,720.0,672.0,48.0,34
2025-01-12,0,True,1440.0,0.0,0.0,0.0,0.0,0.0,C,0.0,0.0,0.0,False,0,720.0,684.0,36.0,31
2025-01-13,0,True,1440.0,0.0,0.0,0.0,0.0,0.0,C,0.0,0.0,0.0,False,0,720.0,660.0,60.0,37
2025-01-14,0.02,True,1440.0,0.0,0.0,0.0,0.0,0.0,C,0.02,0.02,0.02,False,0,720.0,708.0,12.0,10
2025-01-15,0.2,True,1440.0,0.0,Trace,,0,0.05,C,,0.15,0.2,False,0,720.0,672.0,48.0,34
2025-01-16,0,True,1440.0,0.0,0.0,0.0,0.0,0.0,C,0.0,0.0,0.0,False,0,720.0,684.0,36.0,30
2025-01-17,0,True,1440.0,0.0,0.0,0.0,0.0,0.0,C,0.0,0.0,0.0,False,0,720.0,672.0,48.0,29
2025-01-18,0,True,1440.0,0.0,0.0,0.0,0.0,0.0,C,0.0,0.0,0.0,False,0,720.0,648.0,72.0,50
2025-01-19,0,True,1440.0,0.0,0.0,0.0,0.0,0.0,C,0.0,0.0,0.0,False,0,720.0,660.0,60.0,42
2025-01-20,0,True,1440.0,0.0,0.0,0.0,0.0,0.0,C,0.0,0.0,0.0,False,0,720.0,696.0,24.0,18
2025-01-21,0.55,True,1440.0,0.0,0.6,0.6,0.6,0.6,C,-0.05,-0.05,-0.05,False,0,720.0,684.0,36.0,26
2025-01-22,1.17,True,1440.0,0.0,1.0,1.0,1.0,1.0,C,0.17,0.17,0.17,False,0,720.0,720.0,0,2
2025-01-23,0.676,True,1440.0,0.0,1.2,1.2,1.2,1.2,C,-0.524,-0.524,-0.524,False,0,720.0,708.0,12.0,10
2025-01-24,0,True,1440.0,0.0,0.0,0.0,0.0,0.0,C,0.0,0.0,0.0,False,0,720.0,696.0,24.0,18
2025-01-25,0,True,1440.0,0.0,Trace,,0,0.05,C,,-0.05,0,False,0,720.0,708.0,12.0,14
2025-01-26,0.144,True,1440.0,0.0,0.2,0.2,0.2,0.2,C,-0.056,-0.056,-0.056,False,0,720.0,684.0,36.0,21
2025-01-27,0,True,1440.0,0.0,0.0,0.0,0.0,0.0,C,0.0,0.0,0.0,False,0,720.0,720.0,0,2
2025-01-28,0,True,1440.0,0.0,0.0,0.0,0.0,0.0,C,0.0,0.0,0.0,False,0,720.0,708.0,12.0,10
2025-01-29,0,True,1440.0,0.0,0.0,0.0,0.0,0.0,C,0.0,0.0,0.0,False,0,720.0,720.0,0,2
2025-01-30,0,True,1440.0,0.0,0.0,0.0,0.0,0.0,C,0.0,0.0,0.0,False,0,720.0,720.0,0,2
2025-01-31,3.372,True,1440.0,0.0,1.2,1.2,1.2,1.2,C,2.172,2.172,2.172,False,0,720.0,708.0,12.0,10
2025-02-01,1.778,True,1440.0,0.0,1.7,1.7,1.7,1.7,C,0.078,0.078,0.078,False,0,720.0,720.0,0,2
2025-02-02,0,True,1440.0,0.0,Trace,,0,0.05,C,,-0.05,0,False,0,720.0,708.0,12.0,10
2025-02-03,0,True,1440.0,0.0,0.1,0.1,0.1,0.1,C,-0.1,-0.1,-0.1,False,0,720.0,720.0,0,2
2025-02-04,0,True,1440.0,0.0,0.0,0.0,0.0,0.0,C,0.0,0.0,0.0,False,0,720.0,720.0,0,2
2025-02-05,0,True,1440.0,0.0,0.0,0.0,0.0,0.0,C,0.0,0.0,0.0,False,0,720.0,696.0,24.0,10
2025-02-06,0,True,1440.0,0.0,0.0,0.0,0.0,0.0,C,0.0,0.0,0.0,False,0,720.0,648.0,72.0,53
2025-02-07,0,True,1440.0,0.0,0.0,0.0,0.0,0.0,C,0.0,0.0,0.0,False,0,720.0,696.0,24.0,13
2025-02-08,0,True,1440.0,0.0,0.0,0.0,0.0,0.0,C,0.0,0.0,0.0,False,0,720.0,708.0,12.0,10
2025-02-09,0,True,1440.0,0.0,0.0,0.0,0.0,0.0,C,0.0,0.0,0.0,False,0,720.0,696.0,24.0,17
2025-02-10,0,True,1440.0,0.0,0.0,0.0,0.0,0.0,C,0.0,0.0,0.0,False,0,720.0,708.0,12.0,10
2025-02-11,0.04,True,1440.0,0.0,Trace,,0,0.05,C,,-0.01,0.04,False,0,720.0,708.0,12.0,10
2025-02-12,10.032,True,1440.0,0.0,23.8,23.8,23.8,23.8,C,-13.768,-13.768,-13.768,False,0,720.0,696.0,24.0,18
2025-02-13,0,True,1440.0,0.0,Trace,,0,0.05,C,,-0.05,0,False,0,720.0,708.0,12.0,10
2025-02-14,0,True,1440.0,0.0,0.2,0.2,0.2,0.2,C,-0.2,-0.2,-0.2,False,0,720.0,696.0,24.0,18
2025-02-15,0,True,1440.0,0.0,Trace,,0,0.05,C,,-0.05,0,False,0,720.0,696.0,24.0,18
2025-02-16,0,True,1440.0,0.0,0.0,0.0,0.0,0.0,C,0.0,0.0,0.0,False,0,720.0,720.0,0,2
2025-02-17,0,True,1440.0,0.0,0.0,0.0,0.0,0.0,C,0.0,0.0,0.0,False,0,720.0,708.0,12.0,10
2025-02-18,0,True,1440.0,0.0,0.0,0.0,0.0,0.0,C,0.0,0.0,0.0,False,0,720.0,708.0,12.0,10
2025-02-19,0,True,1440.0,0.0,0.0,0.0,0.0,0.0,C,0.0,0.0,0.0,False,0,720.0,708.0,12.0,10
2025-02-20,0,True,1440.0,0.0,0.0,0.0,0.0,0.0,C,0.0,0.0,0.0,False,0,720.0,696.0,24.0,18
2025-02-21,0,True,1440.0,0.0,Trace,,0,0.05,C,,-0.05,0,False,0,720.0,696.0,24.0,18
2025-02-22,0.04,True,1440.0,0.0,Trace,,0,0.05,C,,-0.01,0.04,False,0,720.0,708.0,12.0,10
2025-02-23,0,True,1440.0,0.0,Trace,,0,0.05,C,,-0.05,0,False,0,720.0,708.0,12.0,10
2025-02-24,0,True,1440.0,0.0,0.0,0.0,0.0,0.0,C,0.0,0.0,0.0,False,0,720.0,708.0,12.0,10
2025-02-25,0.242,True,1440.0,0.0,Trace,,0,0.05,C,,0.192,0.242,False,0,720.0,660.0,60.0,42
2025-02-26,1.136,True,1440.0,0.0,0.3,0.3,0.3,0.3,C,0.836,0.836,0.836,False,0,720.0,684.0,36.0,26
2025-02-27,0,True,1440.0,0.0,0.0,0.0,0.0,0.0,C,0.0,0.0,0.0,False,0,720.0,660.0,60.0,47
2025-02-28,0,True,1440.0,0.0,0.0,0.0,0.0,0.0,C,0.0,0.0,0.0,False,0,720.0,672.0,48.0,29
2025-03-01,0.656,True,1440.0,0.0,Trace,,0,0.05,C,,0.606,0.656,False,0,720.0,660.0,60.0,41
2025-03-02,0,True,1440.0,0.0,0.0,0.0,0.0,0.0,C,0.0,0.0,0.0,False,0,720.0,672.0,48.0,37
2025-03-03,0,True,1440.0,0.0,0.0,0.0,0.0,0.0,C,0.0,0.0,0.0,False,0,720.0,684.0,36.0,21
2025-03-04,0,True,1440.0,0.0,0.0,0.0,0.0,0.0,C,0.0,0.0,0.0,False,0,720.0,660.0,60.0,42
2025-03-05,0.132,True,1440.0,0.0,1.0,1.0,1.0,1.0,C,-0.868,-0.868,-0.868,False,0,720.0,660.0,60.0,41
2025-03-06,4.988,True,1440.0,0.0,11.5,11.5,11.5,11.5,C,-6.512,-6.512,-6.512,False,0,720.0,672.0,48.0,33
2025-03-07,8.278,True,1440.0,0.0,5.3,5.3,5.3,5.3,C,2.978,2.978,2.978,False,0,720.0,708.0,12.0,10
2025-03-08,0.02,True,1440.0,0.0,0.0,0.0,0.0,0.0,C,0.02,0.02,0.02,False,0,720.0,708.0,12.0,10
2025-03-09,0,True,1440.0,0.0,0.0,0.0,0.0,0.0,C,0.0,0.0,0.0,False,0,720.0,708.0,12.0,10
2025-03-10,0.078,True,1440.0,0.0,Trace,,0,0.05,C,,0.028,0.078,False,0,720.0,696.0,24.0,18
2025-03-11,0.01,True,1440.0,0.0,0.0,0.0,0.0,0.0,C,0.01,0.01,0.01,False,0,720.0,720.0,0,2
2025-03-12,0.15,True,1440.0,0.0,2.8,2.8,2.8,2.8,C,-2.65,-2.65,-2.65,False,0,720.0,684.0,36.0,31
2025-03-13,0,True,1440.0,0.0,0.0,0.0,0.0,0.0,C,0.0,0.0,0.0,False,0,720.0,672.0,48.0,29
2025-03-14,0,True,1440.0,0.0,Trace,,0,0.05,C,,-0.05,0,False,0,720.0,696.0,24.0,17
2025-03-15,36.35,True,1440.0,0.0,12.6,12.6,12.6,12.6,C,23.75,23.75,23.75,False,0,720.0,720.0,0,2
2025-03-16,0.8,True,1440.0,0.0,Trace,,0,0.05,C,,0.75,0.8,False,0,720.0,720.0,0,2
2025-03-17,0.34,True,1440.0,0.0,Trace,,0,0.05,C,,0.29,0.34,False,0,720.0,708.0,12.0,10
2025-03-18,0.64,True,1440.0,0.0,Trace,,0,0.05,C,,0.59,0.64,False,0,720.0,720.0,0,2
2025-03-19,0,True,1440.0,0.0,0.0,0.0,0.0,0.0,C,0.0,0.0,0.0,False,0,720.0,696.0,24.0,18
2025-03-20,0,True,1440.0,0.0,0.0,0.0,0.0,0.0,C,0.0,0.0,0.0,False,0,720.0,708.0,12.0,10
2025-03-21,0,True,1440.0,0.0,0.0,0.0,0.0,0.0,C,0.0,0.0,0.0,False,0,720.0,708.0,12.0,10
2025-03-22,0,True,1440.0,0.0,0.0,0.0,0.0,0.0,C,0.0,0.0,0.0,False,0,720.0,708.0,12.0,10
2025-03-23,0,True,1440.0,0.0,0.0,0.0,0.0,0.0,C,0.0,0.0,0.0,False,0,720.0,708.0,12.0,10
2025-03-24,0.02,True,1440.0,0.0,0.0,0.0,0.0,0.0,C,0.02,0.02,0.02,False,0,720.0,708.0,12.0,10
2025-03-25,0,True,1440.0,0.0,0.0,0.0,0.0,0.0,C,0.0,0.0,0.0,False,0,720.0,696.0,24.0,18
2025-03-26,0,True,1440.0,0.0,0.0,0.0,0.0,0.0,C,0.0,0.0,0.0,False,0,720.0,696.0,24.0,18
2025-03-27,0,True,1440.0,0.0,0.0,0.0,0.0,0.0,C,0.0,0.0,0.0,False,0,720.0,696.0,24.0,18
2025-03-28,0.44,True,1440.0,0.0,1.5,1.5,1.5,1.5,C,-1.06,-1.06,-1.06,False,0,720.0,708.0,12.0,10
2025-03-29,0.282,True,1440.0,0.0,1.2,1.2,1.2,1.2,C,-0.918,-0.918,-0.918,False,0,720.0,720.0,0,2
2025-03-30,1.888,True,1440.0,0.0,2.2,2.2,2.2,2.2,C,-0.312,-0.312,-0.312,False,0,720.0,708.0,12.0,10
2025-03-31,0.08,True,1440.0,0.0,Trace,,0,0.05,C,,0.03,0.08,False,0,720.0,708.0,12.0,10
2025-04-01,0,True,1440.0,0.0,0.0,0.0,0.0,0.0,C,0.0,0.0,0.0,False,0,720.0,696.0,24.0,18
2025-04-02,0,True,1440.0,0.0,0.0,0.0,0.0,0.0,C,0.0,0.0,0.0,False,0,720.0,708.0,12.0,10
2025-04-03,0,True,1440.0,0.0,0.0,0.0,0.0,0.0,C,0.0,0.0,0.0,False,0,720.0,708.0,12.0,10
2025-04-04,0,True,1440.0,0.0,Trace,,0,0.05,C,,-0.05,0,False,0,720.0,708.0,12.0,10
2025-04-05,0.92,True,1440.0,0.0,7.3,7.3,7.3,7.3,C,-6.38,-6.38,-6.38,False,0,720.0,720.0,0,2
2025-04-06,0.03,True,1440.0,0.0,Trace,,0,0.05,C,,-0.02,0.03,False,0,720.0,720.0,0,2
2025-04-07,0,True,1440.0,0.0,0.0,0.0,0.0,0.0,C,0.0,0.0,0.0,False,0,720.0,708.0,12.0,10
2025-04-08,0,True,1440.0,0.0,0.0,0.0,0.0,0.0,C,0.0,0.0,0.0,False,0,720.0,696.0,24.0,18
2025-04-09,0,True,1440.0,0.0,0.0,0.0,0.0,0.0,C,0.0,0.0,0.0,False,0,720.0,696.0,24.0,18
2025-04-10,0.006,True,1440.0,0.0,0.0,0.0,0.0,0.0,C,0.006,0.006,0.006,False,0,720.0,708.0,12.0,10
2025-04-11,0.01,True,1440.0,0.0,Trace,,0,0.05,C,,-0.04,0.01,False,0,720.0,708.0,12.0,10
2025-04-12,4.178,True,1440.0,0.0,6.9,6.9,6.9,6.9,C,-2.722,-2.722,-2.722,False,0,720.0,660.0,60.0,34
2025-04-13,0.58,True,1440.0,0.0,Trace,,0,0.05,C,,0.53,0.58,False,0,720.0,696.0,24.0,18
2025-04-14,0.04,True,1440.0,0.0,0.0,0.0,0.0,0.0,C,0.04,0.04,0.04,False,0,720.0,684.0,36.0,26
2025-04-15,0,True,1440.0,0.0,0.0,0.0,0.0,0.0,C,0.0,0.0,0.0,False,0,720.0,684.0,36.0,22
2025-04-16,0,True,1440.0,0.0,0.0,0.0,0.0,0.0,C,0.0,0.0,0.0,False,0,720.0,696.0,24.0,18
2025-04-17,0,True,1440.0,0.0,0.0,0.0,0.0,0.0,C,0.0,0.0,0.0,False,0,720.0,708.0,12.0,10
2025-04-18,0,True,1440.0,0.0,3.5,3.5,3.5,3.5,C,-3.5,-3.5,-3.5,False,0,720.0,708.0,12.0,10
2025-04-19,0.4,True,1440.0,0.0,0.1,0.1,0.1,0.1,C,0.3,0.3,0.3,False,0,720.0,708.0,12.0,10
2025-04-20,0,True,1440.0,0.0,0.0,0.0,0.0,0.0,C,0.0,0.0,0.0,False,0,720.0,708.0,12.0,10
2025-04-21,0,True,1440.0,0.0,0.0,0.0,0.0,0.0,C,0.0,0.0,0.0,False,0,720.0,708.0,12.0,10
2025-04-22,0,True,1440.0,0.0,0.0,0.0,0.0,0.0,C,0.0,0.0,0.0,False,0,720.0,708.0,12.0,10
2025-04-23,0,True,1440.0,0.0,0.0,0.0,0.0,0.0,C,0.0,0.0,0.0,False,0,720.0,708.0,12.0,10
2025-04-24,0.88,True,1440.0,0.0,0.5,0.5,0.5,0.5,C,0.38,0.38,0.38,False,0,720.0,684.0,36.0,18
2025-04-25,23.22,True,1440.0,0.0,18.9,18.9,18.9,18.9,C,4.32,4.32,4.32,False,0,720.0,660.0,60.0,42
2025-04-26,1.618,True,1440.0,0.0,Trace,,0,0.05,C,,1.568,1.618,False,0,720.0,672.0,48.0,33
2025-04-27,0,True,1440.0,0.0,0.8,0.8,0.8,0.8,C,-0.8,-0.8,-0.8,False,0,720.0,696.0,24.0,18
2025-04-28,11.848,True,1440.0,0.0,19.1,19.1,19.1,19.1,C,-7.252,-7.252,-7.252,False,0,720.0,696.0,24.0,18
2025-04-29,0,True,1440.0,0.0,0.0,0.0,0.0,0.0,C,0.0,0.0,0.0,False,0,720.0,696.0,24.0,18
2025-04-30,0,True,1440.0,0.0,0.0,0.0,0.0,0.0,C,0.0,0.0,0.0,False,0,720.0,708.0,12.0,10
2025-05-01,0.93,True,1440.0,0.0,1.4,1.4,1.4,1.4,C,-0.47,-0.47,-0.47,False,0,720.0,708.0,12.0,10
2025-05-02,0.018,True,1440.0,0.0,0.0,0.0,0.0,0.0,C,0.018,0.018,0.018,False,0,720.0,684.0,36.0,26
2025-05-03,0.2,True,1440.0,0.0,0.0,0.0,0.0,0.0,C,0.2,0.2,0.2,False,0,720.0,708.0,12.0,10
2025-05-04,0.04,True,1440.0,0.0,Trace,,0,0.05,C,,-0.01,0.04,False,0,720.0,708.0,12.0,10
2025-05-05,0.17,True,1440.0,0.0,Trace,,0,0.05,C,,0.12,0.17,False,0,720.0,708.0,12.0,10
2025-05-06,3.422,True,1440.0,0.0,0.4,0.4,0.4,0.4,C,3.022,3.022,3.022,False,0,720.0,672.0,48.0,34
2025-05-07,17.04,True,1440.0,0.0,9.8,9.8,9.8,9.8,C,7.24,7.24,7.24,False,0,720.0,672.0,48.0,34
2025-05-08,0.01,True,1440.0,0.0,0.6,0.6,0.6,0.6,C,-0.59,-0.59,-0.59,False,0,720.0,684.0,36.0,26
2025-05-09,3.936,True,1440.0,0.0,0.4,0.4,0.4,0.4,C,3.536,3.536,3.536,False,0,720.0,648.0,72.0,49
2025-05-10,0.234,True,1440.0,0.0,Trace,,0,0.05,C,,0.184,0.234,False,0,720.0,672.0,48.0,34
2025-05-11,9.928,True,1440.0,0.0,3.9,3.9,3.9,3.9,C,6.028,6.028,6.028,False,0,720.0,672.0,48.0,33
2025-05-12,0.02,True,1440.0,0.0,0.0,0.0,0.0,0.0,C,0.02,0.02,0.02,False,0,720.0,684.0,36.0,21
2025-05-13,0,True,1440.0,0.0,0.0,0.0,0.0,0.0,C,0.0,0.0,0.0,False,0,720.0,666.0,54.0,23
2025-05-14,0,True,1440.0,0.0,Trace,,0,0.05,C,,-0.05,0,False,0,720.0,690.0,30.0,12
2025-05-15,0.02,True,1440.0,0.0,0.0,0.0,0.0,0.0,C,0.02,0.02,0.02,False,0,720.0,708.0,12.0,10
2025-05-16,0.02,True,1440.0,0.0,Trace,,0,0.05,C,,-0.03,0.02,False,0,720.0,708.0,12.0,10
2025-05-17,0,True,1440.0,0.0,0.0,0.0,0.0,0.0,C,0.0,0.0,0.0,False,0,720.0,708.0,12.0,10
2025-05-18,0,True,1440.0,0.0,0.0,0.0,0.0,0.0,C,0.0,0.0,0.0,False,0,720.0,720.0,0,2
2025-05-19,0.02,True,1440.0,0.0,Trace,,0,0.05,C,,-0.03,0.02,False,0,720.0,720.0,0,2
2025-05-20,0,True,1440.0,0.0,0.0,0.0,0.0,0.0,C,0.0,0.0,0.0,False,0,720.0,708.0,12.0,10
2025-05-21,0,True,1440.0,0.0,0.0,0.0,0.0,0.0,C,0.0,0.0,0.0,False,0,720.0,708.0,12.0,10
2025-05-22,0,True,1440.0,0.0,0.0,0.0,0.0,0.0,C,0.0,0.0,0.0,False,0,720.0,708.0,12.0,10
2025-05-23,4.04,True,1440.0,0.0,2.0,2.0,2.0,2.0,C,2.04,2.04,2.04,False,0,720.0,708.0,12.0,10
2025-05-24,6.604,True,1440.0,0.0,3.5,3.5,3.5,3.5,C,3.104,3.104,3.104,False,0,720.0,696.0,24.0,18
2025-05-25,0.34,True,1440.0,0.0,0.0,0.0,0.0,0.0,C,0.34,0.34,0.34,False,0,720.0,672.0,48.0,34
2025-05-26,0.01,True,1440.0,0.0,0.0,0.0,0.0,0.0,C,0.01,0.01,0.01,False,0,720.0,708.0,12.0,10
2025-05-27,0,True,1440.0,0.0,0.0,0.0,0.0,0.0,C,0.0,0.0,0.0,False,0,720.0,684.0,36.0,18
2025-05-28,1.606,True,1440.0,0.0,Trace,,0,0.05,C,,1.556,1.606,False,0,720.0,708.0,12.0,10
2025-05-29,16.454,True,1440.0,0.0,53.2,53.2,53.2,53.2,C,-36.746,-36.746,-36.746,False,0,720.0,708.0,12.0,10
2025-05-30,393.384,True,1440.0,0.0,6.4,6.4,6.4,6.4,C,386.984,386.984,386.984,True,0,720.0,696.0,24.0,13
2025-05-31,0.47,True,1440.0,0.0,Trace,,0,0.05,C,,0.42,0.47,False,0,720.0,708.0,12.0,10
2025-06-01,0.11,True,1440.0,0.0,0.1,0.1,0.1,0.1,C,0.01,0.01,0.01,False,0,720.0,720.0,0,2
2025-06-02,0.138,True,1440.0,0.0,0.1,0.1,0.1,0.1,C,0.038,0.038,0.038,False,0,720.0,696.0,24.0,18
2025-06-03,0.012,True,1440.0,0.0,Trace,,0,0.05,C,,-0.038,0.012,False,0,720.0,696.0,24.0,13
2025-06-04,6.4,True,1440.0,0.0,3.8,3.8,3.8,3.8,C,2.6,2.6,2.6,False,0,720.0,708.0,12.0,10
2025-06-05,0,True,1440.0,0.0,Trace,,0,0.05,C,,-0.05,0,False,0,720.0,708.0,12.0,10
2025-06-06,0.34,True,1440.0,0.0,0.0,0.0,0.0,0.0,C,0.34,0.34,0.34,False,0,720.0,708.0,12.0,10
2025-06-07,0,True,1440.0,0.0,0.0,0.0,0.0,0.0,C,0.0,0.0,0.0,False,0,720.0,720.0,0,2
2025-06-08,0,True,1440.0,0.0,0.0,0.0,0.0,0.0,C,0.0,0.0,0.0,False,0,720.0,708.0,12.0,10
2025-06-09,0.05,True,1440.0,0.0,0.0,0.0,0.0,0.0,C,0.05,0.05,0.05,False,0,720.0,708.0,12.0,10
2025-06-10,0,True,1440.0,0.0,0.0,0.0,0.0,0.0,C,0.0,0.0,0.0,False,0,720.0,708.0,12.0,10
2025-06-11,5.29,True,1440.0,0.0,4.7,4.7,4.7,4.7,C,0.59,0.59,0.59,False,0,720.0,708.0,12.0,10
2025-06-12,5.948,True,1440.0,0.0,14.6,14.6,14.6,14.6,C,-8.652,-8.652,-8.652,False,0,720.0,708.0,12.0,14
2025-06-13,66.94,True,1440.0,0.0,46.1,46.1,46.1,46.1,C,20.84,20.84,20.84,False,0,720.0,696.0,24.0,13
2025-06-14,3.63,True,1440.0,0.0,1.6,1.6,1.6,1.6,C,2.03,2.03,2.03,False,0,720.0,720.0,0,2
2025-06-15,0.09,True,1440.0,0.0,0.9,0.9,0.9,0.9,C,-0.81,-0.81,-0.81,False,0,720.0,720.0,0,2
2025-06-16,0.08,True,1440.0,0.0,1.0,1.0,1.0,1.0,C,-0.92,-0.92,-0.92,False,0,720.0,720.0,0,2
2025-06-17,53.212,True,1440.0,0.0,46.3,46.3,46.3,46.3,C,6.912,6.912,6.912,False,0,720.0,660.0,60.0,42
2025-06-18,0.022,True,1440.0,0.0,0.5,0.5,0.5,0.5,C,-0.478,-0.478,-0.478,False,0,720.0,684.0,36.0,26
2025-06-19,11.56,True,1440.0,0.0,11.1,11.1,11.1,11.1,C,0.46,0.46,0.46,False,0,720.0,720.0,0,2
2025-06-20,2.93,True,1440.0,0.0,6.3,6.3,6.3,6.3,C,-3.37,-3.37,-3.37,False,0,720.0,720.0,0,2
2025-06-21,2.12,True,1440.0,0.0,10.6,10.6,10.6,10.6,C,-8.48,-8.48,-8.48,False,0,720.0,720.0,0,2
2025-06-22,5.08,True,1440.0,0.0,2.9,2.9,2.9,2.9,C,2.18,2.18,2.18,False,0,720.0,720.0,0,2
2025-06-23,4.654,True,1440.0,0.0,7.6,7.6,7.6,7.6,C,-2.946,-2.946,-2.946,False,0,720.0,708.0,12.0,10
2025-06-24,0,True,1440.0,0.0,0.0,0.0,0.0,0.0,C,0.0,0.0,0.0,False,0,720.0,720.0,0,2
2025-06-25,0.02,True,1440.0,0.0,0.2,0.2,0.2,0.2,C,-0.18,-0.18,-0.18,False,0,720.0,720.0,0,2
2025-06-26,4.57,True,1440.0,0.0,48.9,48.9,48.9,48.9,C,-44.33,-44.33,-44.33,False,0,720.0,708.0,12.0,10
2025-06-27,1.536,True,1440.0,0.0,5.6,5.6,5.6,5.6,C,-4.064,-4.064,-4.064,False,0,720.0,720.0,0,2
2025-06-28,6.784,True,1440.0,0.0,3.1,3.1,3.1,3.1,C,3.684,3.684,3.684,False,0,720.0,696.0,24.0,18
2025-06-29,1.722,True,1440.0,0.0,3.7,3.7,3.7,3.7,C,-1.978,-1.978,-1.978,False,0,720.0,696.0,24.0,18
2025-06-30,8.774,True,1440.0,0.0,17.6,17.6,17.6,17.6,C,-8.826,-8.826,-8.826,False,0,720.0,696.0,24.0,18
2025-07-01,22.986,True,1440.0,0.0,5.5,5.5,5.5,5.5,C,17.486,17.486,17.486,False,0,720.0,720.0,0,2
2025-07-02,0.11,True,1440.0,0.0,0.5,0.5,0.5,0.5,C,-0.39,-0.39,-0.39,False,0,720.0,720.0,0,2
2025-07-03,0.61,True,1440.0,0.0,0.0,0.0,0.0,0.0,C,0.61,0.61,0.61,False,0,720.0,720.0,0,2
2025-07-04,0,True,1440.0,0.0,0.0,0.0,0.0,0.0,C,0.0,0.0,0.0,False,0,720.0,720.0,0,2
2025-07-05,0.6,True,1440.0,0.0,3.7,3.7,3.7,3.7,C,-3.1,-3.1,-3.1,False,0,720.0,720.0,0,2
2025-07-06,0,True,1440.0,0.0,0.0,0.0,0.0,0.0,C,0.0,0.0,0.0,False,0,720.0,720.0,0,2
2025-07-07,0,True,1440.0,0.0,0.0,0.0,0.0,0.0,C,0.0,0.0,0.0,False,0,720.0,720.0,0,2
2025-07-08,0.02,True,1440.0,0.0,0.0,0.0,0.0,0.0,C,0.02,0.02,0.02,False,0,720.0,720.0,0,2
2025-07-09,25.702,True,1440.0,0.0,15.2,15.2,15.2,15.2,C,10.502,10.502,10.502,False,0,720.0,720.0,0,2
2025-07-10,137.292,True,1440.0,0.0,126.4,126.4,126.4,126.4,C,10.892,10.892,10.892,False,0,720.0,708.0,12.0,10
2025-07-11,0.1,True,1440.0,0.0,0.0,0.0,0.0,0.0,C,0.1,0.1,0.1,False,0,720.0,696.0,24.0,18
2025-07-12,40.1,True,1440.0,0.0,38.4,38.4,38.4,38.4,C,1.7,1.7,1.7,False,0,720.0,720.0,0,2
2025-07-13,4.49,True,1440.0,0.0,1.9,1.9,1.9,1.9,C,2.59,2.59,2.59,False,0,720.0,720.0,0,2
2025-07-14,11.32,True,1440.0,0.0,9.2,9.2,9.2,9.2,C,2.12,2.12,2.12,False,0,720.0,720.0,0,2
2025-07-15,7.45,True,1440.0,0.0,3.2,3.2,3.2,3.2,C,4.25,4.25,4.25,False,0,720.0,720.0,0,2
2025-07-16,0,True,1440.0,0.0,0.0,0.0,0.0,0.0,C,0.0,0.0,0.0,False,0,720.0,720.0,0,2
2025-07-17,0.02,True,1440.0,0.0,0.0,0.0,0.0,0.0,C,0.02,0.02,0.02,False,0,720.0,720.0,0,2
2025-07-18,7.996,True,1440.0,0.0,19.0,19.0,19.0,19.0,C,-11.004,-11.004,-11.004,False,0,720.0,684.0,36.0,26
2025-07-19,8.7,True,1440.0,0.0,10.0,10.0,10.0,10.0,C,-1.3,-1.3,-1.3,False,0,720.0,672.0,48.0,39
2025-07-20,26.422,True,1440.0,0.0,87.6,87.6,87.6,87.6,C,-61.178,-61.178,-61.178,False,0,720.0,696.0,24.0,18
2025-07-21,65.776,True,1440.0,0.0,42.4,42.4,42.4,42.4,C,23.376,23.376,23.376,False,0,720.0,684.0,36.0,26
2025-07-22,26.036,True,1440.0,0.0,95.7,95.7,95.7,95.7,C,-69.664,-69.664,-69.664,False,0,720.0,624.0,96.0,64
2025-07-23,2.5,True,1440.0,0.0,2.6,2.6,2.6,2.6,C,-0.1,-0.1,-0.1,False,0,720.0,672.0,48.0,29
2025-07-24,5.316,True,1440.0,0.0,Trace,,0,0.05,C,,5.266,5.316,False,0,720.0,720.0,0,2
2025-07-25,13.47,True,1440.0,0.0,31.8,31.8,31.8,31.8,C,-18.33,-18.33,-18.33,False,0,720.0,696.0,24.0,10
2025-07-26,0.12,True,1440.0,0.0,0.0,0.0,0.0,0.0,C,0.12,0.12,0.12,False,0,720.0,708.0,12.0,10
2025-07-27,0,True,1440.0,0.0,0.0,0.0,0.0,0.0,C,0.0,0.0,0.0,False,0,720.0,720.0,0,2
2025-07-28,0.15,True,1440.0,0.0,0.6,0.6,0.6,0.6,C,-0.45,-0.45,-0.45,False,0,720.0,708.0,12.0,10
2025-07-29,10.024,True,1440.0,0.0,106.5,106.5,106.5,106.5,C,-96.476,-96.476,-96.476,False,0,720.0,708.0,12.0,10
2025-07-30,0,True,1440.0,0.0,0.0,0.0,0.0,0.0,C,0.0,0.0,0.0,False,0,720.0,696.0,24.0,10
2025-07-31,7.01,True,1440.0,0.0,1.5,1.5,1.5,1.5,C,5.51,5.51,5.51,False,0,720.0,720.0,0,2
2025-08-01,1.0,True,1440.0,0.0,3.0,3.0,3.0,3.0,C,-2.0,-2.0,-2.0,False,0,720.0,696.0,24.0,18
2025-08-02,73.342,True,1440.0,0.0,109.0,109.0,109.0,109.0,C,-35.658,-35.658,-35.658,False,0,720.0,672.0,48.0,33
2025-08-03,26.142,True,1440.0,0.0,47.5,47.5,47.5,47.5,C,-21.358,-21.358,-21.358,False,0,720.0,684.0,36.0,26
2025-08-04,31.96,True,1440.0,0.0,72.2,72.2,72.2,72.2,C,-40.24,-40.24,-40.24,False,0,720.0,672.0,48.0,34
2025-08-05,161.442,True,1440.0,0.0,368.9,368.9,368.9,368.9,C,-207.458,-207.458,-207.458,False,0,720.0,684.0,36.0,29
2025-08-06,5.146,True,1440.0,0.0,6.8,6.8,6.8,6.8,C,-1.654,-1.654,-1.654,False,0,720.0,696.0,24.0,13
2025-08-07,0,True,1440.0,0.0,0.0,0.0,0.0,0.0,C,0.0,0.0,0.0,False,0,720.0,708.0,12.0,10
2025-08-08,0,True,1440.0,0.0,0.0,0.0,0.0,0.0,C,0.0,0.0,0.0,False,0,720.0,696.0,24.0,10
2025-08-09,0,True,1440.0,0.0,0.0,0.0,0.0,0.0,C,0.0,0.0,0.0,False,0,720.0,720.0,0,2
2025-08-10,0.26,True,1440.0,0.0,0.0,0.0,0.0,0.0,C,0.26,0.26,0.26,False,0,720.0,720.0,0,2
2025-08-11,3.59,True,1440.0,0.0,0.3,0.3,0.3,0.3,C,3.29,3.29,3.29,False,0,720.0,720.0,0,2
2025-08-12,2.91,True,1440.0,0.0,8.5,8.5,8.5,8.5,C,-5.59,-5.59,-5.59,False,0,720.0,720.0,0,2
2025-08-13,0.13,True,1440.0,0.0,0.0,0.0,0.0,0.0,C,0.13,0.13,0.13,False,0,720.0,720.0,0,2
2025-08-14,112.54,True,1440.0,0.0,117.4,117.4,117.4,117.4,C,-4.86,-4.86,-4.86,False,0,720.0,684.0,36.0,31
2025-08-15,3.986,True,1440.0,0.0,4.3,4.3,4.3,4.3,C,-0.314,-0.314,-0.314,False,0,720.0,708.0,12.0,5
2025-08-16,0,True,1440.0,0.0,0.0,0.0,0.0,0.0,C,0.0,0.0,0.0,False,0,720.0,708.0,12.0,10
2025-08-17,22.634,True,1440.0,0.0,41.5,41.5,41.5,41.5,C,-18.866,-18.866,-18.866,False,0,720.0,720.0,0,2
2025-08-18,52.7,True,1440.0,0.0,80.1,80.1,80.1,80.1,C,-27.4,-27.4,-27.4,False,0,720.0,696.0,24.0,18
2025-08-19,16.81,True,1440.0,0.0,68.9,68.9,68.9,68.9,C,-52.09,-52.09,-52.09,False,0,720.0,708.0,12.0,10
2025-08-20,0.07,True,1440.0,0.0,0.2,0.2,0.2,0.2,C,-0.13,-0.13,-0.13,False,0,720.0,720.0,0,2
2025-08-21,0,True,1440.0,0.0,0.0,0.0,0.0,0.0,C,0.0,0.0,0.0,False,0,720.0,720.0,0,2
2025-08-22,0,True,1440.0,0.0,0.0,0.0,0.0,0.0,C,0.0,0.0,0.0,False,0,720.0,708.0,12.0,10
2025-08-23,0.2,True,1440.0,0.0,0.2,0.2,0.2,0.2,C,0.0,0.0,0.0,False,0,720.0,708.0,12.0,10
2025-08-24,0.44,True,1440.0,0.0,0.0,0.0,0.0,0.0,C,0.44,0.44,0.44,False,0,720.0,720.0,0,2
2025-08-25,3.69,True,1440.0,0.0,0.1,0.1,0.1,0.1,C,3.59,3.59,3.59,False,0,720.0,696.0,24.0,13
2025-08-26,0,True,1440.0,0.0,0.0,0.0,0.0,0.0,C,0.0,0.0,0.0,False,0,720.0,720.0,0,2
2025-08-27,0,True,1440.0,0.0,0.0,0.0,0.0,0.0,C,0.0,0.0,0.0,False,0,720.0,696.0,24.0,10
2025-08-28,2.192,True,1440.0,0.0,2.7,2.7,2.7,2.7,C,-0.508,-0.508,-0.508,False,0,720.0,684.0,36.0,18
2025-08-29,0,True,1440.0,0.0,0.5,0.5,0.5,0.5,C,-0.5,-0.5,-0.5,False,0,720.0,720.0,0,2
2025-08-30,3.35,True,1440.0,0.0,7.1,7.1,7.1,7.1,C,-3.75,-3.75,-3.75,False,0,720.0,720.0,0,2
2025-08-31,0,True,1440.0,0.0,0.0,0.0,0.0,0.0,C,0.0,0.0,0.0,False,0,720.0,720.0,0,2
2025-09-01,0,True,1440.0,0.0,0.0,0.0,0.0,0.0,C,0.0,0.0,0.0,False,0,720.0,720.0,0,2
2025-09-02,1.83,True,1440.0,0.0,0.1,0.1,0.1,0.1,C,1.73,1.73,1.73,False,0,720.0,720.0,0,2
2025-09-03,0,True,1440.0,0.0,0.0,0.0,0.0,0.0,C,0.0,0.0,0.0,False,0,720.0,720.0,0,2
2025-09-04,0,True,1440.0,0.0,0.0,0.0,0.0,0.0,C,0.0,0.0,0.0,False,0,720.0,720.0,0,2
2025-09-05,0.114,True,1440.0,0.0,0.0,0.0,0.0,0.0,C,0.114,0.114,0.114,False,0,720.0,720.0,0,2
2025-09-06,0.126,True,1440.0,0.0,0.0,0.0,0.0,0.0,C,0.126,0.126,0.126,False,0,720.0,696.0,24.0,10
2025-09-07,13.07,True,1440.0,0.0,46.7,46.7,46.7,46.7,C,-33.63,-33.63,-33.63,False,0,720.0,684.0,36.0,26
2025-09-08,24.352,True,1440.0,0.0,85.6,85.6,85.6,85.6,C,-61.248,-61.248,-61.248,False,0,720.0,672.0,48.0,33
2025-09-09,22.48,True,1440.0,0.0,13.1,13.1,13.1,13.1,C,9.38,9.38,9.38,False,0,720.0,708.0,12.0,9
2025-09-10,7.92,True,1440.0,0.0,0.1,0.1,0.1,0.1,C,7.82,7.82,7.82,False,0,720.0,720.0,0,2
2025-09-11,0.03,True,1440.0,0.0,0.0,0.0,0.0,0.0,C,0.03,0.03,0.03,False,0,720.0,720.0,0,2
2025-09-12,0,True,1440.0,0.0,0.0,0.0,0.0,0.0,C,0.0,0.0,0.0,False,0,720.0,720.0,0,2
2025-09-13,0,True,1440.0,0.0,0.0,0.0,0.0,0.0,C,0.0,0.0,0.0,False,0,720.0,720.0,0,2
2025-09-14,0,True,1440.0,0.0,0.0,0.0,0.0,0.0,C,0.0,0.0,0.0,False,0,720.0,720.0,0,2
2025-09-15,0,True,1440.0,0.0,Trace,,0,0.05,C,,-0.05,0,False,0,720.0,720.0,0,2
2025-09-16,0.03,True,1440.0,0.0,0.5,0.5,0.5,0.5,C,-0.47,-0.47,-0.47,False,0,720.0,720.0,0,2
2025-09-17,12.87,True,1440.0,0.0,18.1,18.1,18.1,18.1,C,-5.23,-5.23,-5.23,False,0,720.0,720.0,0,2
2025-09-18,20.598,True,1440.0,0.0,1.4,1.4,1.4,1.4,C,19.198,19.198,19.198,False,0,720.0,708.0,12.0,10
2025-09-19,,False,1398.0,42.0,0.4,0.4,0.4,0.4,C,,,,False,0,684.0,624.0,90.0,26
2025-09-20,114.488,True,1440.0,0.0,98.4,98.4,98.4,98.4,C,16.088,16.088,16.088,False,0,720.0,720.0,0,2
2025-09-21,14.088,True,1440.0,0.0,81.6,81.6,81.6,81.6,C,-67.512,-67.512,-67.512,False,0,720.0,696.0,24.0,18
2025-09-22,0.04,True,1440.0,0.0,0.0,0.0,0.0,0.0,C,0.04,0.04,0.04,False,0,720.0,708.0,12.0,10
2025-09-23,8.836,True,1440.0,0.0,10.2,10.2,10.2,10.2,C,-1.364,-1.364,-1.364,False,0,720.0,696.0,24.0,18
2025-09-24,,False,1344.0,96.0,170.1,170.1,170.1,170.1,C,,,,False,0,660.0,600.0,84.0,27
2025-09-25,4.94,True,1440.0,0.0,1.7,1.7,1.7,1.7,C,3.24,3.24,3.24,False,0,720.0,708.0,12.0,10
2025-09-26,0,True,1440.0,0.0,0.0,0.0,0.0,0.0,C,0.0,0.0,0.0,False,0,720.0,708.0,12.0,10
2025-09-27,0,True,1440.0,0.0,Trace,,0,0.05,C,,-0.05,0,False,0,720.0,720.0,0,2
2025-09-28,0,True,1440.0,0.0,0.7,0.7,0.7,0.7,C,-0.7,-0.7,-0.7,False,0,720.0,720.0,0,2
2025-09-29,0,True,1440.0,0.0,0.0,0.0,0.0,0.0,C,0.0,0.0,0.0,False,0,720.0,720.0,0,2
2025-09-30,0,True,1440.0,0.0,0.0,0.0,0.0,0.0,C,0.0,0.0,0.0,False,0,720.0,720.0,0,2
2025-10-01,0,True,1440.0,0.0,0.0,0.0,0.0,0.0,C,0.0,0.0,0.0,False,0,720.0,720.0,0,2
2025-10-02,0,True,1440.0,0.0,Trace,,0,0.05,C,,-0.05,0,False,0,720.0,720.0,0,2
2025-10-03,0.064,True,1440.0,0.0,0.0,0.0,0.0,0.0,C,0.064,0.064,0.064,False,0,720.0,720.0,0,2
2025-10-04,3.486,True,1440.0,0.0,0.6,0.6,0.6,0.6,C,2.886,2.886,2.886,False,0,720.0,720.0,0,2
2025-10-05,2.41,True,1440.0,0.0,1.0,1.0,1.0,1.0,C,1.41,1.41,1.41,False,0,720.0,720.0,0,2
2025-10-06,0.2,True,1440.0,0.0,0.6,0.6,0.6,0.6,C,-0.4,-0.4,-0.4,False,0,720.0,720.0,0,2
2025-10-07,0.02,True,1440.0,0.0,0.0,0.0,0.0,0.0,C,0.02,0.02,0.02,False,0,720.0,720.0,0,2
2025-10-08,0.03,True,1440.0,0.0,0.0,0.0,0.0,0.0,C,0.03,0.03,0.03,False,0,720.0,720.0,0,2
2025-10-09,0.89,True,1440.0,0.0,Trace,,0,0.05,C,,0.84,0.89,False,0,720.0,720.0,0,2
2025-10-10,0.6,True,1440.0,0.0,0.1,0.1,0.1,0.1,C,0.5,0.5,0.5,False,0,720.0,720.0,0,2
2025-10-11,0,True,1440.0,0.0,0.0,0.0,0.0,0.0,C,0.0,0.0,0.0,False,0,720.0,720.0,0,2
2025-10-12,8.09,True,1440.0,0.0,15.7,15.7,15.7,15.7,C,-7.61,-7.61,-7.61,False,0,720.0,720.0,0,2
2025-10-13,0.29,True,1440.0,0.0,3.8,3.8,3.8,3.8,C,-3.51,-3.51,-3.51,False,0,720.0,720.0,0,2
2025-10-14,4.228,True,1440.0,0.0,5.5,5.5,5.5,5.5,C,-1.272,-1.272,-1.272,False,0,720.0,720.0,0,2
2025-10-15,7.03,True,1440.0,0.0,0.0,0.0,0.0,0.0,C,7.03,7.03,7.03,False,0,720.0,720.0,0,2
2025-10-16,3.654,True,1440.0,0.0,0.0,0.0,0.0,0.0,C,3.654,3.654,3.654,False,0,720.0,720.0,0,2
2025-10-17,0.018,True,1440.0,0.0,0.0,0.0,0.0,0.0,C,0.018,0.018,0.018,False,0,720.0,720.0,0,2
2025-10-18,0,True,1440.0,0.0,0.0,0.0,0.0,0.0,C,0.0,0.0,0.0,False,0,720.0,708.0,12.0,10
2025-10-19,0.05,True,1440.0,0.0,0.0,0.0,0.0,0.0,C,0.05,0.05,0.05,False,0,720.0,708.0,12.0,10
2025-10-20,1.27,True,1440.0,0.0,Trace,,0,0.05,C,,1.22,1.27,False,0,720.0,708.0,12.0,10
2025-10-21,4.3,True,1440.0,0.0,0.1,0.1,0.1,0.1,C,4.2,4.2,4.2,False,0,720.0,684.0,36.0,26
2025-10-22,11.288,True,1440.0,0.0,3.3,3.3,3.3,3.3,C,7.988,7.988,7.988,False,0,720.0,672.0,48.0,26
2025-10-23,0.32,True,1440.0,0.0,0.0,0.0,0.0,0.0,C,0.32,0.32,0.32,False,0,720.0,720.0,0,2
2025-10-24,0,True,1440.0,0.0,Trace,,0,0.05,C,,-0.05,0,False,0,720.0,720.0,0,2
2025-10-25,0,True,1440.0,0.0,Trace,,0,0.05,C,,-0.05,0,False,0,720.0,720.0,0,2
2025-10-26,0,True,1440.0,0.0,0.0,0.0,0.0,0.0,C,0.0,0.0,0.0,False,0,720.0,720.0,0,2
2025-10-27,0.24,True,1440.0,0.0,Trace,,0,0.05,C,,0.19,0.24,False,0,720.0,720.0,0,2
2025-10-28,0.84,True,1440.0,0.0,0.5,0.5,0.5,0.5,C,0.34,0.34,0.34,False,0,720.0,720.0,0,2
2025-10-29,0,True,1440.0,0.0,Trace,,0,0.05,C,,-0.05,0,False,0,720.0,720.0,0,2
2025-10-30,,False,1410.0,30.0,Trace,,0,0.05,C,,,,False,0,690.0,690.0,30.0,2
2025-10-31,0.036,True,1440.0,0.0,0.0,0.0,0.0,0.0,C,0.036,0.036,0.036,False,0,720.0,720.0,0,2
2025-11-01,0,True,1440.0,0.0,0.0,0.0,0.0,0.0,C,0.0,0.0,0.0,False,0,720.0,720.0,0,2
2025-11-02,0,True,1440.0,0.0,0.0,0.0,0.0,0.0,C,0.0,0.0,0.0,False,0,720.0,720.0,0,2
2025-11-03,0.02,True,1440.0,0.0,0.0,0.0,0.0,0.0,C,0.02,0.02,0.02,False,0,720.0,720.0,0,2
2025-11-04,0.01,True,1440.0,0.0,Trace,,0,0.05,C,,-0.04,0.01,False,0,720.0,720.0,0,2
2025-11-05,0,True,1440.0,0.0,0.0,0.0,0.0,0.0,C,0.0,0.0,0.0,False,0,720.0,720.0,0,2
2025-11-06,0.05,True,1440.0,0.0,0.3,0.3,0.3,0.3,C,-0.25,-0.25,-0.25,False,0,720.0,720.0,0,2
2025-11-07,0.51,True,1440.0,0.0,5.7,5.7,5.7,5.7,C,-5.19,-5.19,-5.19,False,0,720.0,720.0,0,2
2025-11-08,0,True,1440.0,0.0,0.0,0.0,0.0,0.0,C,0.0,0.0,0.0,False,0,720.0,720.0,0,2
2025-11-09,0,True,1440.0,0.0,0.0,0.0,0.0,0.0,C,0.0,0.0,0.0,False,0,720.0,720.0,0,2
2025-11-10,0,True,1440.0,0.0,0.0,0.0,0.0,0.0,C,0.0,0.0,0.0,False,0,720.0,720.0,0,2
2025-11-11,0.34,True,1440.0,0.0,Trace,,0,0.05,C,,0.29,0.34,False,0,720.0,720.0,0,2
2025-11-12,0,True,1440.0,0.0,0.0,0.0,0.0,0.0,C,0.0,0.0,0.0,False,0,720.0,720.0,0,2
2025-11-13,0,True,1440.0,0.0,0.2,0.2,0.2,0.2,C,-0.2,-0.2,-0.2,False,0,720.0,720.0,0,2
2025-11-14,0.36,True,1440.0,0.0,0.7,0.7,0.7,0.7,C,-0.34,-0.34,-0.34,False,0,720.0,720.0,0,2
2025-11-15,0.06,True,1440.0,0.0,0.0,0.0,0.0,0.0,C,0.06,0.06,0.06,False,0,720.0,720.0,0,2
2025-11-16,0,True,1440.0,0.0,0.0,0.0,0.0,0.0,C,0.0,0.0,0.0,False,0,720.0,720.0,0,2
2025-11-17,0,True,1440.0,0.0,0.0,0.0,0.0,0.0,C,0.0,0.0,0.0,False,0,720.0,720.0,0,2
2025-11-18,0.718,True,1440.0,0.0,Trace,,0,0.05,C,,0.668,0.718,False,0,720.0,720.0,0,2
2025-11-19,4.352,True,1440.0,0.0,0.1,0.1,0.1,0.1,C,4.252,4.252,4.252,False,0,720.0,720.0,0,2
2025-11-20,0.23,True,1440.0,0.0,Trace,,0,0.05,C,,0.18,0.23,False,0,720.0,720.0,0,2
2025-11-21,0.02,True,1440.0,0.0,0.0,0.0,0.0,0.0,C,0.02,0.02,0.02,False,0,720.0,720.0,0,2
2025-11-22,0,True,1440.0,0.0,0.0,0.0,0.0,0.0,C,0.0,0.0,0.0,False,0,720.0,720.0,0,2
2025-11-23,0,True,1440.0,0.0,0.0,0.0,0.0,0.0,C,0.0,0.0,0.0,False,0,720.0,720.0,0,2
2025-11-24,0.05,True,1440.0,0.0,Trace,,0,0.05,C,,-0.0,0.05,False,0,720.0,720.0,0,2
2025-11-25,0,True,1440.0,0.0,0.0,0.0,0.0,0.0,C,0.0,0.0,0.0,False,0,720.0,720.0,0,2
2025-11-26,0,True,1440.0,0.0,0.0,0.0,0.0,0.0,C,0.0,0.0,0.0,False,0,720.0,720.0,0,2
2025-11-27,0,True,1440.0,0.0,0.0,0.0,0.0,0.0,C,0.0,0.0,0.0,False,0,720.0,720.0,0,2
2025-11-28,0,True,1440.0,0.0,0.0,0.0,0.0,0.0,C,0.0,0.0,0.0,False,0,720.0,720.0,0,2
2025-11-29,0,True,1440.0,0.0,0.0,0.0,0.0,0.0,C,0.0,0.0,0.0,False,0,720.0,720.0,0,2
2025-11-30,0.38,True,1440.0,0.0,0.0,0.0,0.0,0.0,C,0.38,0.38,0.38,False,0,720.0,720.0,0,2
2025-12-01,0.19,True,1440.0,0.0,1.3,1.3,1.3,1.3,C,-1.11,-1.11,-1.11,False,0,720.0,720.0,0,2
2025-12-02,0.04,True,1440.0,0.0,Trace,,0,0.05,C,,-0.01,0.04,False,0,720.0,720.0,0,2
2025-12-03,1.56,True,1440.0,0.0,2.0,2.0,2.0,2.0,C,-0.44,-0.44,-0.44,False,0,720.0,720.0,0,2
2025-12-04,0,True,1440.0,0.0,0.0,0.0,0.0,0.0,C,0.0,0.0,0.0,False,0,720.0,720.0,0,2
2025-12-05,0,True,1440.0,0.0,0.0,0.0,0.0,0.0,C,0.0,0.0,0.0,False,0,720.0,720.0,0,2
2025-12-06,,False,1230.0,210.0,0.0,0.0,0.0,0.0,C,,,,False,0,600.0,600.0,30.0,2
2025-12-07,0,True,1440.0,0.0,0.0,0.0,0.0,0.0,C,0.0,0.0,0.0,False,0,720.0,720.0,0,2
2025-12-08,0,True,1440.0,0.0,0.0,0.0,0.0,0.0,C,0.0,0.0,0.0,False,0,720.0,720.0,0,2
2025-12-09,0,True,1440.0,0.0,0.0,0.0,0.0,0.0,C,0.0,0.0,0.0,False,0,720.0,720.0,0,2
2025-12-10,,False,1422.0,18.0,0.2,0.2,0.2,0.2,C,,,,False,0,702.0,690.0,30.0,9
2025-12-11,0.048,True,1440.0,0.0,0.0,0.0,0.0,0.0,C,0.048,0.048,0.048,False,0,720.0,720.0,0,2
2025-12-12,0,True,1440.0,0.0,0.0,0.0,0.0,0.0,C,0.0,0.0,0.0,False,0,720.0,720.0,0,2
2025-12-13,4.928,True,1440.0,0.0,0.7,0.7,0.7,0.7,C,4.228,4.228,4.228,False,0,720.0,720.0,0,2
2025-12-14,0.362,True,1440.0,0.0,Trace,,0,0.05,C,,0.312,0.362,False,0,720.0,720.0,0,2
2025-12-15,0,True,1440.0,0.0,0.0,0.0,0.0,0.0,C,0.0,0.0,0.0,False,0,720.0,720.0,0,2
2025-12-16,0,True,1440.0,0.0,0.0,0.0,0.0,0.0,C,0.0,0.0,0.0,False,0,720.0,720.0,0,2
2025-12-17,0,True,1440.0,0.0,0.0,0.0,0.0,0.0,C,0.0,0.0,0.0,False,0,720.0,720.0,0,2
2025-12-18,0.034,True,1440.0,0.0,0.0,0.0,0.0,0.0,C,0.034,0.034,0.034,False,0,720.0,720.0,0,2
2025-12-19,0.216,True,1440.0,0.0,0.3,0.3,0.3,0.3,C,-0.084,-0.084,-0.084,False,0,720.0,720.0,0,2
2025-12-20,0.27,True,1440.0,0.0,0.0,0.0,0.0,0.0,C,0.27,0.27,0.27,False,0,720.0,720.0,0,2
2025-12-21,0,True,1440.0,0.0,0.0,0.0,0.0,0.0,C,0.0,0.0,0.0,False,0,720.0,720.0,0,2
2025-12-22,0,True,1440.0,0.0,0.0,0.0,0.0,0.0,C,0.0,0.0,0.0,False,0,720.0,720.0,0,2
2025-12-23,1.13,True,1440.0,0.0,0.3,0.3,0.3,0.3,C,0.83,0.83,0.83,False,0,720.0,720.0,0,2
2025-12-24,0,True,1440.0,0.0,0.0,0.0,0.0,0.0,C,0.0,0.0,0.0,False,0,720.0,720.0,0,2
2025-12-25,0.04,True,1440.0,0.0,1.7,1.7,1.7,1.7,C,-1.66,-1.66,-1.66,False,0,720.0,720.0,0,2
2025-12-26,0,True,1440.0,0.0,0.0,0.0,0.0,0.0,C,0.0,0.0,0.0,False,0,720.0,720.0,0,2
2025-12-27,0,True,1440.0,0.0,0.0,0.0,0.0,0.0,C,0.0,0.0,0.0,False,0,720.0,720.0,0,2
2025-12-28,0,True,1440.0,0.0,0.0,0.0,0.0,0.0,C,0.0,0.0,0.0,False,0,720.0,720.0,0,2
2025-12-29,0,True,1440.0,0.0,0.0,0.0,0.0,0.0,C,0.0,0.0,0.0,False,0,720.0,720.0,0,2
2025-12-30,0,True,1440.0,0.0,0.0,0.0,0.0,0.0,C,0.0,0.0,0.0,False,0,720.0,720.0,0,2
2025-12-31,0,True,1440.0,0.0,0.0,0.0,0.0,0.0,C,0.0,0.0,0.0,False,0,720.0,720.0,0,2
