month_hkt,dates,complete_forecast_days,numeric_days,trace_days,mae_mm,rmse_mm,bias_mm
2025-01,31,31,26,5,0.11661538461538459,0.4397856121059266,0.06815384615384615
2025-02,28,28,20,8,0.7491,3.084743133552614,-0.6577
2025-03,31,31,24,7,1.6290833333333332,5.10382870990005,0.6024166666666667
2025-04,30,30,25,5,1.028,2.3021174948294885,-0.62432
2025-05,31,31,23,8,19.58121739130435,81.08819599295144,16.293739130434783
2025-06,30,30,28,2,4.456,9.899509915719491,-1.617857142857143
2025-07,31,31,30,1,11.376266666666668,25.50569760661331,-6.0898666666666665
2025-08,31,31,31,0,13.873741935483867,40.28369970676125,-13.376322580645159
2025-09,30,28,26,2,8.766153846153845,19.865058678687365,-4.322615384615384
2025-10,31,30,23,8,1.7973043478260873,3.141763254579518,0.6849565217391305
2025-11,30,30,25,5,0.4284800000000001,1.3473307537497985,-0.049920000000000006
2025-12,31,29,27,2,0.3223703703703704,0.919532892691034,0.07837037037037037
