scope,metric,lead_days,n_pairs,n_decrease,n_unchanged,n_increase,decrease_pct,increase_pct
consecutive_le24h,psr,1,5654,97,5399,158,1.7155995755217546,2.794481782808631
consecutive_le24h,psr,2,5650,86,5460,104,1.5221238938053097,1.8407079646017699
consecutive_le24h,psr,3,5647,74,5445,128,1.3104303169824685,2.2666902780237295
consecutive_le24h,psr,4,5643,79,5430,134,1.3999645578592947,2.374623427255006
consecutive_le24h,psr,5,5639,93,5398,148,1.649228586628835,2.6245788260329848
consecutive_le24h,psr,6,5635,87,5392,156,1.543921916592724,2.7684117125110914
consecutive_le24h,psr,7,5631,83,5387,161,1.4739833066950807,2.859172438288048
consecutive_le24h,psr,8,5627,69,5375,183,1.2262306735382975,3.2521770037320064
consecutive_le24h,psr,9,1481,1,1475,5,0.0675219446320054,0.337609723160027
consecutive_le24h,rh_max,1,5654,190,5303,161,3.360452776795189,2.847541563494871
consecutive_le24h,rh_max,2,5650,121,5398,131,2.1415929203539825,2.3185840707964602
consecutive_le24h,rh_max,3,5647,131,5397,119,2.3198158314149104,2.107313617850186
consecutive_le24h,rh_max,4,5643,129,5369,145,2.28601807549176,2.5695552011341487
consecutive_le24h,rh_max,5,5639,128,5343,168,2.2699060117042027,2.9792516403617664
consecutive_le24h,rh_max,6,5635,144,5307,184,2.555456965394854,3.2653061224489797
consecutive_le24h,rh_max,7,5631,157,5277,197,2.7881370982063576,3.498490499023264
consecutive_le24h,rh_max,8,5627,191,5192,244,3.394348676026302,4.3362360049760085
consecutive_le24h,rh_max,9,1481,6,1466,9,0.4051316677920324,0.6076975016880486
consecutive_le24h,rh_min,1,5654,436,5001,217,7.711354793066855,3.8379908029713476
consecutive_le24h,rh_min,2,5650,243,5274,133,4.300884955752212,2.353982300884956
consecutive_le24h,rh_min,3,5647,204,5261,182,3.6125376306003187,3.2229502390649905
consecutive_le24h,rh_min,4,5643,240,5210,193,4.253056884635832,3.420166578061315
consecutive_le24h,rh_min,5,5639,225,5215,199,3.990069161198794,3.528994502571378
consecutive_le24h,rh_min,6,5635,239,5162,234,4.241348713398403,4.152617568766637
consecutive_le24h,rh_min,7,5631,264,5114,253,4.688332445391582,4.492985260166933
consecutive_le24h,rh_min,8,5627,278,5047,302,4.940465612226764,5.36698062910965
consecutive_le24h,rh_min,9,1481,5,1464,12,0.337609723160027,0.8102633355840648
consecutive_le24h,tmax,1,5654,399,4843,412,7.056950831269898,7.286876547576937
consecutive_le24h,tmax,2,5650,193,5208,249,3.415929203539823,4.407079646017699
consecutive_le24h,tmax,3,5647,188,5240,219,3.3292013458473524,3.8781653975562245
consecutive_le24h,tmax,4,5643,189,5218,236,3.349282296650718,4.182172603225235
consecutive_le24h,tmax,5,5639,205,5201,233,3.6353963468700123,4.131938286930307
consecutive_le24h,tmax,6,5635,214,5161,260,3.797692990239574,4.614019520851819
consecutive_le24h,tmax,7,5631,236,5106,289,4.191085064819748,5.132303320902149
consecutive_le24h,tmax,8,5627,290,5076,261,5.153723120668207,4.638350808601386
consecutive_le24h,tmax,9,1481,6,1474,1,0.4051316677920324,0.0675219446320054
consecutive_le24h,tmin,1,5654,382,5037,235,6.756278740714539,4.156349487088787
consecutive_le24h,tmin,2,5650,167,5338,145,2.9557522123893807,2.566371681415929
consecutive_le24h,tmin,3,5647,148,5367,132,2.620860633964937,2.337524349211971
consecutive_le24h,tmin,4,5643,160,5340,143,2.835371256423888,2.53411306042885
consecutive_le24h,tmin,5,5639,179,5305,155,3.174321688242596,2.748714311048058
consecutive_le24h,tmin,6,5635,180,5289,166,3.194321206743567,2.945874001774623
consecutive_le24h,tmin,7,5631,202,5243,186,3.587284674125377,3.303143313798615
consecutive_le24h,tmin,8,5627,236,5175,216,4.194064332681713,3.838635151945975
consecutive_le24h,tmin,9,1481,6,1474,1,0.4051316677920324,0.0675219446320054
daily_latest,psr,1,1459,83,1236,140,5.68882796435915,9.595613433858807
daily_latest,psr,2,1458,84,1275,99,5.761316872427984,6.790123456790123
daily_latest,psr,3,1457,71,1263,123,4.87302676733013,8.44200411805079
daily_latest,psr,4,1456,74,1253,129,5.082417582417582,8.85989010989011
daily_latest,psr,5,1455,89,1222,144,6.116838487972508,9.896907216494846
daily_latest,psr,6,1454,85,1217,152,5.845942228335626,10.45392022008253
daily_latest,psr,7,1453,81,1213,159,5.574673090158293,10.94287680660702
daily_latest,psr,8,1451,67,1204,180,4.617505168849069,12.405237767057201
daily_latest,rh_max,1,1459,163,1152,144,11.172035640849897,9.869773817683345
daily_latest,rh_max,2,1458,118,1217,123,8.093278463648835,8.436213991769547
daily_latest,rh_max,3,1457,130,1209,118,8.922443376801647,8.098833218943033
daily_latest,rh_max,4,1456,128,1182,146,8.791208791208792,10.027472527472527
daily_latest,rh_max,5,1455,127,1162,166,8.728522336769759,11.40893470790378
daily_latest,rh_max,6,1454,143,1129,182,9.83493810178817,12.5171939477304
daily_latest,rh_max,7,1453,153,1108,192,10.529938059187888,13.21403991741225
daily_latest,rh_max,8,1451,187,1025,239,12.887663680220538,16.471399035148174
daily_latest,rh_min,1,1459,365,913,181,25.017135023989034,12.405757368060316
daily_latest,rh_min,2,1458,237,1097,124,16.255144032921812,8.50480109739369
daily_latest,rh_min,3,1457,200,1080,177,13.726835964310226,12.148249828414551
daily_latest,rh_min,4,1456,237,1028,191,16.27747252747253,13.118131868131869
daily_latest,rh_min,5,1455,223,1038,194,15.326460481099657,13.333333333333334
daily_latest,rh_min,6,1454,234,990,230,16.09353507565337,15.818431911966988
daily_latest,rh_min,7,1453,263,938,252,18.10048176187199,17.34342739160358
daily_latest,rh_min,8,1451,271,886,294,18.676774638180564,20.261888352860097
daily_latest,tmax,1,1459,331,780,348,22.686771761480465,23.85195339273475
daily_latest,tmax,2,1458,181,1040,237,12.414266117969822,16.255144032921812
daily_latest,tmax,3,1457,187,1053,217,12.834591626630061,14.893617021276595
daily_latest,tmax,4,1456,188,1035,233,12.912087912087912,16.002747252747252
daily_latest,tmax,5,1455,203,1021,231,13.951890034364261,15.876288659793815
daily_latest,tmax,6,1454,212,983,259,14.580467675378268,17.81292984869326
daily_latest,tmax,7,1453,235,929,289,16.173434273916037,19.889883000688233
daily_latest,tmax,8,1451,290,901,260,19.98621640248105,17.91867677463818
daily_latest,tmin,1,1459,344,902,213,23.577793008910213,14.599040438656614
daily_latest,tmin,2,1458,163,1152,143,11.179698216735254,9.807956104252401
daily_latest,tmin,3,1457,148,1178,131,10.157858613589568,8.991077556623198
daily_latest,tmin,4,1456,157,1158,141,10.782967032967033,9.684065934065934
daily_latest,tmin,5,1455,178,1122,155,12.233676975945016,10.652920962199312
daily_latest,tmin,6,1454,179,1108,167,12.310866574965612,11.485557083906466
daily_latest,tmin,7,1453,200,1066,187,13.764624913971094,12.869924294562972
daily_latest,tmin,8,1451,236,1001,214,16.264645072363887,14.748449345279118
