design,factor,group,variable,lead,n_stations,n_station_days,n_dates_union,n_dates_all_group_stations,station_days_min,station_days_max,mae,rmse,bias,pooled_station_day_mae,mae_ci_low,mae_ci_high
all_available,coast,near,Tmax,1,10,12447,1454,360,999,1393,1.306063248978751,1.6385338237678528,0.2313578763107634,1.3113842693018398,1.2634772446464038,1.3514095785035591
all_available,coast,transition,Tmax,1,15,19249,1454,328,1065,1352,1.3263272977585145,1.6805102384434663,-0.3196237362747228,1.3256169151644244,1.2701423804534588,1.3854764017994745
all_available,coast,inland,Tmax,1,5,5677,1450,390,756,1372,2.284495272975698,2.807233495154931,-0.36382015837796866,2.1738946626739475,2.22383146308958,2.34551563924267
all_available,region,HKI,Tmax,1,5,6498,1446,919,1236,1383,1.230693014590375,1.5329820198876118,0.11176564782856571,1.2314096645121577,1.188257353841689,1.2764956509347123
all_available,region,KL,Tmax,1,5,6451,1451,912,1246,1352,1.2531085193586171,1.580469905225573,-0.3839474175803224,1.2560688265385211,1.1905241539008278,1.3175504821942223
all_available,region,NT,Tmax,1,16,19961,1454,173,1000,1372,1.5256946608509407,1.9198033581338823,-0.4448627515073591,1.5285156054305895,1.4660672233551373,1.5868201073345745
all_available,region,Islands,Tmax,1,4,4463,1454,468,756,1393,1.886974019420926,2.520046448235891,1.0447086999933695,1.6951602061393682,1.8283129364240835,1.9548278732808904
strict_common,coast,near,Tmax,1,10,240,24,24,24,24,1.2745833333333332,1.5562642234959119,-0.2245833333333333,1.2745833333333332,1.0983088235294116,1.4490488095238092
strict_common,coast,transition,Tmax,1,15,360,24,24,24,24,1.4705555555555556,1.8001234525566416,-0.8688888888888887,1.4705555555555554,1.1994385964912284,1.747502976190476
strict_common,coast,inland,Tmax,1,5,120,24,24,24,24,2.271666666666667,2.7108116865617946,-0.805,2.271666666666667,1.9799782608695657,2.599025
strict_common,region,HKI,Tmax,1,5,120,24,24,24,24,1.2349999999999999,1.504991694329241,-0.40166666666666656,1.2349999999999999,1.0445833333333334,1.4658082706766913
strict_common,region,KL,Tmax,1,5,120,24,24,24,24,1.4375000000000002,1.752545767352929,-0.9324999999999999,1.4375,1.1423976923076926,1.6840818181818176
strict_common,region,NT,Tmax,1,16,384,24,24,24,24,1.6130208333333333,1.9819629369222151,-0.9192708333333333,1.6130208333333333,1.3352901785714288,1.902816685267856
strict_common,region,Islands,Tmax,1,4,96,24,24,24,24,1.7479166666666668,2.238070225290827,0.5187499999999999,1.7479166666666668,1.5416447368421056,1.9722321428571432
lowland_available,coast,near,Tmax,1,10,12447,1454,360,999,1393,1.306063248978751,1.6385338237678528,0.2313578763107634,1.3113842693018398,1.2634772446464038,1.3514095785035591
lowland_available,coast,transition,Tmax,1,15,19249,1454,328,1065,1352,1.3263272977585145,1.6805102384434663,-0.3196237362747228,1.3256169151644244,1.2701423804534588,1.3854764017994745
lowland_available,coast,inland,Tmax,1,4,4921,1441,784,1030,1372,1.908628350478882,2.3086926263334586,-1.3827183196655826,1.9259296890875839,1.816544222858891,1.9996008256046707
lowland_available,region,HKI,Tmax,1,5,6498,1446,919,1236,1383,1.230693014590375,1.5329820198876118,0.11176564782856571,1.2314096645121577,1.188257353841689,1.2764956509347123
lowland_available,region,KL,Tmax,1,5,6451,1451,912,1246,1352,1.2531085193586171,1.580469905225573,-0.3839474175803224,1.2560688265385211,1.1905241539008278,1.3175504821942223
lowland_available,region,NT,Tmax,1,16,19961,1454,173,1000,1372,1.5256946608509407,1.9198033581338823,-0.4448627515073591,1.5285156054305895,1.4660672233551373,1.5868201073345745
lowland_available,region,Islands,Tmax,1,3,3707,1446,886,999,1393,1.253311038240247,1.5620481741410754,0.15568743773366378,1.2683571621257081,1.2080446966085807,1.3003427884937304
all_available,coast,near,Tmax,2,10,12438,1453,360,998,1392,1.3911918692424217,1.7650111471782308,0.23245769147343198,1.3950715549123653,1.3332001673336213,1.4483619814094841
all_available,coast,transition,Tmax,2,15,19235,1453,328,1065,1351,1.4397099358265946,1.8323993737210944,-0.3181179437293908,1.4393605406810501,1.3700366090045715,1.5103457984999045
all_available,coast,inland,Tmax,2,5,5673,1449,390,756,1371,2.4130554122324126,2.9475207499159803,-0.35625250715777657,2.3114754098360657,2.340063822435284,2.489390821651168
all_available,region,HKI,Tmax,2,5,6493,1445,918,1235,1382,1.3051074465759356,1.6457814633043997,0.11110931470349064,1.3050053904204528,1.2535533575874511,1.3603892286822588
all_available,region,KL,Tmax,2,5,6446,1450,911,1245,1351,1.3726203450349046,1.742581685089135,-0.37502566902495604,1.3757679180887372,1.3002192364407952,1.4484704347854178
all_available,region,NT,Tmax,2,16,19947,1453,173,1000,1371,1.6441242286831335,2.0738226719960484,-0.44437777541564727,1.647791647866847,1.5731381153563164,1.7148722916745363
all_available,region,Islands,Tmax,2,4,4460,1453,468,756,1392,1.9695545435002164,2.618184626596392,1.0502928503155649,1.7804708520179373,1.8967651829421988,2.0497106338311593
strict_common,coast,near,Tmax,2,10,240,24,24,24,24,1.43375,1.809316169164472,-0.0995833333333333,1.4337499999999999,1.1623919098143236,1.7680857142857138
strict_common,coast,transition,Tmax,2,15,360,24,24,24,24,1.6088888888888886,1.9844954578487253,-0.7438888888888889,1.6088888888888886,1.2883772727272726,2.004818295739348
strict_common,coast,inland,Tmax,2,5,120,24,24,24,24,2.298333333333334,2.7809171149101157,-0.68,2.2983333333333333,1.9976406649616367,2.6983511904761905
strict_common,region,HKI,Tmax,2,5,120,24,24,24,24,1.4266666666666665,1.799073835801818,-0.27666666666666645,1.4266666666666665,1.1187224264705882,1.8147722672064774
strict_common,region,KL,Tmax,2,5,120,24,24,24,24,1.6075000000000004,1.9467280241471843,-0.8074999999999999,1.6075000000000002,1.2766447368421054,1.9626528532608694
strict_common,region,NT,Tmax,2,16,384,24,24,24,24,1.703125,2.1203503051775825,-0.7942708333333333,1.703125,1.3952357861247946,2.08630859375
strict_common,region,Islands,Tmax,2,4,96,24,24,24,24,1.8854166666666667,2.4192371387140477,0.6437499999999999,1.8854166666666667,1.581812200956938,2.2525156250000005
lowland_available,coast,near,Tmax,2,10,12438,1453,360,998,1392,1.3911918692424217,1.7650111471782308,0.23245769147343198,1.3950715549123653,1.3332001673336213,1.4483619814094841
lowland_available,coast,transition,Tmax,2,15,19235,1453,328,1065,1351,1.4397099358265946,1.8323993737210944,-0.3181179437293908,1.4393605406810501,1.3700366090045715,1.5103457984999045
lowland_available,coast,inland,Tmax,2,4,4917,1440,783,1029,1371,2.061458154179405,2.483328739148321,-1.3788804487620354,2.0796217205613177,1.9577728885885903,2.1619933291856364
lowland_available,region,HKI,Tmax,2,5,6493,1445,918,1235,1382,1.3051074465759356,1.6457814633043997,0.11110931470349064,1.3050053904204528,1.2535533575874511,1.3603892286822588
lowland_available,region,KL,Tmax,2,5,6446,1450,911,1245,1351,1.3726203450349046,1.742581685089135,-0.37502566902495604,1.3757679180887372,1.3002192364407952,1.4484704347854178
lowland_available,region,NT,Tmax,2,16,19947,1453,173,1000,1371,1.6441242286831335,2.0738226719960484,-0.44437777541564727,1.647791647866847,1.5731381153563164,1.7148722916745363
lowland_available,region,Islands,Tmax,2,3,3704,1445,885,998,1392,1.352924576518807,1.6978276911567916,0.15563738066766677,1.3643088552915765,1.288879769219553,1.416639997724818
all_available,coast,near,Tmax,3,10,12429,1452,360,997,1391,1.4619121771702381,1.8644957330175778,0.19788282891156178,1.4641885911980048,1.3965603274634844,1.5279553513738298
all_available,coast,transition,Tmax,3,15,19222,1452,328,1064,1350,1.5333583267737327,1.9535812267941493,-0.34966048049320164,1.5331078972011238,1.457383939135399,1.610665937051984
all_available,coast,inland,Tmax,3,5,5669,1448,390,756,1370,2.5122727319842832,3.057952604386839,-0.38529113937622717,2.420162286117481,2.4302466650000647,2.596598536523222
all_available,region,HKI,Tmax,3,5,6488,1444,917,1234,1381,1.3655864049919142,1.7345635628588132,0.07830810380603623,1.3646424167694204,1.3041189891226532,1.4295710138845437
all_available,region,KL,Tmax,3,5,6443,1449,911,1245,1350,1.4716052198640348,1.8726904170245755,-0.40528406824469065,1.4747788297376998,1.388608500260716,1.5593933543082672
all_available,region,NT,Tmax,3,16,19932,1452,173,1000,1370,1.7430508233673132,2.1980510238134587,-0.4762508024504887,1.7469897652016857,1.6658060941798076,1.8218135183290496
all_available,region,Islands,Tmax,3,4,4457,1452,468,756,1391,2.0265222587682583,2.6872269429824303,1.0155895115593871,1.8422481489791338,1.9418451699222647,2.1198337380000543
strict_common,coast,near,Tmax,3,10,240,24,24,24,24,1.6404166666666669,2.045391160634073,-0.016249999999999976,1.6404166666666666,1.3093445747800585,2.0806894736842105
strict_common,coast,transition,Tmax,3,15,360,24,24,24,24,1.8088888888888885,2.2258331773368223,-0.6605555555555556,1.808888888888889,1.436464803312629,2.2998142857142856
strict_common,coast,inland,Tmax,3,5,120,24,24,24,24,2.453333333333333,2.9897324294993357,-0.5966666666666669,2.453333333333333,2.0827705627705626,2.9899999999999998
strict_common,region,HKI,Tmax,3,5,120,24,24,24,24,1.6366666666666667,2.0562911596691102,-0.19333333333333327,1.6366666666666665,1.2739242424242425,2.126157894736842
strict_common,region,KL,Tmax,3,5,120,24,24,24,24,1.8225000000000002,2.183975732465908,-0.7241666666666667,1.8225,1.4552100000000001,2.2817614942528714
strict_common,region,NT,Tmax,3,16,384,24,24,24,24,1.8838541666666666,2.344996890545202,-0.7109375,1.8838541666666666,1.528541417464115,2.3872042410714287
strict_common,region,Islands,Tmax,3,4,96,24,24,24,24,2.091666666666667,2.6395627794516776,0.7270833333333331,2.0916666666666663,1.7177783613445377,2.567216145833333
lowland_available,coast,near,Tmax,3,10,12429,1452,360,997,1391,1.4619121771702381,1.8644957330175778,0.19788282891156178,1.4641885911980048,1.3965603274634844,1.5279553513738298
lowland_available,coast,transition,Tmax,3,15,19222,1452,328,1064,1350,1.5333583267737327,1.9535812267941493,-0.34966048049320164,1.5331078972011238,1.457383939135399,1.610665937051984
lowland_available,coast,inland,Tmax,3,4,4913,1439,782,1028,1370,2.1875962059856455,2.6294054877292834,-1.4075729189292787,2.206146957052717,2.0735459758741106,2.300101119900262
lowland_available,region,HKI,Tmax,3,5,6488,1444,917,1234,1381,1.3655864049919142,1.7345635628588132,0.07830810380603623,1.3646424167694204,1.3041189891226532,1.4295710138845437
lowland_available,region,KL,Tmax,3,5,6443,1449,911,1245,1350,1.4716052198640348,1.8726904170245755,-0.40528406824469065,1.4747788297376998,1.388608500260716,1.5593933543082672
lowland_available,region,NT,Tmax,3,16,19932,1452,173,1000,1370,1.7430508233673132,2.1980510238134587,-0.4762508024504887,1.7469897652016857,1.6658060941798076,1.8218135183290496
lowland_available,region,Islands,Tmax,3,3,3701,1444,884,997,1391,1.4317033996980655,1.8059602057802033,0.11950735580052328,1.4400972710078357,1.3587066134119274,1.50490461941173
all_available,coast,near,Tmax,4,10,12421,1451,360,997,1390,1.5308258275280344,1.9479339426797426,0.17362407593052992,1.5332259882457129,1.4623332288485327,1.6016043662311803
all_available,coast,transition,Tmax,4,15,19209,1451,328,1063,1349,1.614540351616179,2.0573139018324884,-0.3699298467039619,1.614321411838201,1.529272695439556,1.6996525286768556
all_available,coast,inland,Tmax,4,5,5665,1447,390,756,1369,2.5942931010133785,3.1587203974025506,-0.3988233798540598,2.5068490732568405,2.504152686246101,2.6853909574905104
all_available,region,HKI,Tmax,4,5,6483,1443,916,1233,1380,1.4304730114606239,1.8170922978716508,0.058461891893145476,1.4292611445318528,1.362439865248894,1.5005895620746548
all_available,region,KL,Tmax,4,5,6440,1448,911,1245,1349,1.5577626278013599,1.9837178329763723,-0.4308928548306149,1.5607919254658384,1.4647860574446978,1.6472725316787207
all_available,region,NT,Tmax,4,16,19917,1451,173,1000,1369,1.8233982497266918,2.2994124035547197,-0.49658641235958734,1.8278154340513133,1.741007593305692,1.9058554539360837
all_available,region,Islands,Tmax,4,4,4455,1451,468,756,1390,2.0955697156632347,2.76308631018676,1.0001783929790793,1.9153759820426488,2.0092965029477754,2.194781333650758
strict_common,coast,near,Tmax,4,10,240,24,24,24,24,1.7570833333333333,2.1892445424544666,-0.05791666666666663,1.7570833333333333,1.3829249644381225,2.246879595588235
strict_common,coast,transition,Tmax,4,15,360,24,24,24,24,1.9066666666666663,2.40806515231166,-0.7022222222222222,1.9066666666666665,1.4825574712643677,2.520435383244206
strict_common,coast,inland,Tmax,4,5,120,24,24,24,24,2.5183333333333335,3.1377008567845768,-0.6383333333333334,2.5183333333333335,2.074979166666667,3.1773999999999996
strict_common,region,HKI,Tmax,4,5,120,24,24,24,24,1.77,2.2143471573656495,-0.23499999999999982,1.7699999999999998,1.3585995348837208,2.3283437499999997
strict_common,region,KL,Tmax,4,5,120,24,24,24,24,1.909166666666667,2.361090849586267,-0.7658333333333334,1.9091666666666667,1.4962638888888888,2.491926573426573
strict_common,region,NT,Tmax,4,16,384,24,24,24,24,1.9765625,2.5221002326103803,-0.7526041666666667,1.9765625,1.5567457236842108,2.5868252840909083
strict_common,region,Islands,Tmax,4,4,96,24,24,24,24,2.185416666666667,2.737205083048522,0.6854166666666667,2.1854166666666663,1.821232638888889,2.709669117647058
lowland_available,coast,near,Tmax,4,10,12421,1451,360,997,1390,1.5308258275280344,1.9479339426797426,0.17362407593052992,1.5332259882457129,1.4623332288485327,1.6016043662311803
lowland_available,coast,transition,Tmax,4,15,19209,1451,328,1063,1349,1.614540351616179,2.0573139018324884,-0.3699298467039619,1.614321411838201,1.529272695439556,1.6996525286768556
lowland_available,coast,inland,Tmax,4,4,4909,1438,781,1027,1369,2.281126958277305,2.749121732955959,-1.42746441000276,2.300468527194948,2.162261382601957,2.401073359588339
lowland_available,region,HKI,Tmax,4,5,6483,1443,916,1233,1380,1.4304730114606239,1.8170922978716508,0.058461891893145476,1.4292611445318528,1.362439865248894,1.5005895620746548
lowland_available,region,KL,Tmax,4,5,6440,1448,911,1245,1349,1.5577626278013599,1.9837178329763723,-0.4308928548306149,1.5607919254658384,1.4647860574446978,1.6472725316787207
lowland_available,region,NT,Tmax,4,16,19917,1451,173,1000,1369,1.8233982497266918,2.2994124035547197,-0.49658641235958734,1.8278154340513133,1.741007593305692,1.9058554539360837
lowland_available,region,Islands,Tmax,4,3,3699,1443,884,997,1390,1.5117737302317549,1.9045290140237128,0.09499094372519203,1.5206001622060015,1.4331924588633336,1.591721630646544
all_available,coast,near,Tmax,5,10,12414,1450,360,997,1389,1.5907481247334345,2.026220602714175,0.14334311354331158,1.5924440148219752,1.5169133329364,1.6685104262517803
all_available,coast,transition,Tmax,5,15,19197,1450,328,1062,1348,1.6912228751582956,2.148017558073221,-0.3975999311307042,1.691050685002865,1.5979272949379846,1.7806460757638924
all_available,coast,inland,Tmax,5,5,5663,1446,390,756,1368,2.6748671885319606,3.237666385165911,-0.42100740631636846,2.591559244216846,2.578329255106576,2.770307864662094
all_available,region,HKI,Tmax,5,5,6478,1442,915,1232,1379,1.4889903482980926,1.886304420487775,0.033561182543628144,1.4873417721518987,1.4158429016567176,1.5627752489381506
all_available,region,KL,Tmax,5,5,6437,1447,911,1245,1348,1.6452102898287015,2.0905938811358005,-0.45878759403954456,1.6482833618145099,1.5451514616828852,1.7416672542246066
all_available,region,NT,Tmax,5,16,19906,1450,173,1000,1368,1.8965136529041682,2.383873661545637,-0.5248406234604915,1.9010097458052848,1.8076301486833646,1.9824096180645054
all_available,region,Islands,Tmax,5,4,4453,1450,468,756,1389,2.1587346700669796,2.833218796850862,0.9719942924345396,1.9809566584325176,2.0637745425941225,2.2674198579058293
strict_common,coast,near,Tmax,5,10,240,24,24,24,24,1.74375,2.1840997382598317,0.06708333333333336,1.74375,1.3634111764705883,2.2437639802631577
strict_common,coast,transition,Tmax,5,15,360,24,24,24,24,1.8783333333333334,2.3592371648479937,-0.5772222222222222,1.8783333333333334,1.460214598997494,2.4728416666666644
strict_common,coast,inland,Tmax,5,5,120,24,24,24,24,2.493333333333333,3.075196470688228,-0.5133333333333334,2.4933333333333336,2.065250626566416,3.087203781512604
strict_common,region,HKI,Tmax,5,5,120,24,24,24,24,1.7733333333333334,2.2052966542697456,-0.10999999999999988,1.7733333333333332,1.36068404170008,2.3170249999999997
strict_common,region,KL,Tmax,5,5,120,24,24,24,24,1.8725,2.3179912280535775,-0.6408333333333334,1.8724999999999998,1.4579923076923074,2.4257566137566133
strict_common,region,NT,Tmax,5,16,384,24,24,24,24,1.9442708333333334,2.46433941452877,-0.6276041666666667,1.9442708333333332,1.517850529100529,2.5289231770833336
strict_common,region,Islands,Tmax,5,4,96,24,24,24,24,2.185416666666667,2.744426169529798,0.8104166666666666,2.1854166666666663,1.8111011904761904,2.7155059523809517
lowland_available,coast,near,Tmax,5,10,12414,1450,360,997,1389,1.5907481247334345,2.026220602714175,0.14334311354331158,1.5924440148219752,1.5169133329364,1.6685104262517803
lowland_available,coast,transition,Tmax,5,15,19197,1450,328,1062,1348,1.6912228751582956,2.148017558073221,-0.3975999311307042,1.691050685002865,1.5979272949379846,1.7806460757638924
lowland_available,coast,inland,Tmax,5,4,4907,1437,781,1026,1368,2.3738419221728875,2.8421651618906503,-1.4542023795885823,2.3932137762380274,2.24710192300473,2.4961222377685393
lowland_available,region,HKI,Tmax,5,5,6478,1442,915,1232,1379,1.4889903482980926,1.886304420487775,0.033561182543628144,1.4873417721518987,1.4158429016567176,1.5627752489381506
lowland_available,region,KL,Tmax,5,5,6437,1447,911,1245,1348,1.6452102898287015,2.0905938811358005,-0.45878759403954456,1.6482833618145099,1.5451514616828852,1.7416672542246066
lowland_available,region,NT,Tmax,5,16,19906,1450,173,1000,1368,1.8965136529041682,2.383873661545637,-0.5248406234604915,1.9010097458052848,1.8076301486833646,1.9824096180645054
lowland_available,region,Islands,Tmax,5,3,3697,1442,884,997,1389,1.5853234754332217,2.0006422406325175,0.05873489432189064,1.5928320259670001,1.5036770961754136,1.6712148076189035
all_available,coast,near,Tmax,6,10,12407,1449,360,997,1388,1.6477470660710405,2.116062688880645,0.1238474701042465,1.6489078745869268,1.5654385042687247,1.7331468724613395
all_available,coast,transition,Tmax,6,15,19184,1449,328,1061,1347,1.769900903933404,2.257697088923244,-0.4170591026098794,1.7697768974145123,1.669125915332288,1.8669815298957304
all_available,coast,inland,Tmax,6,5,5660,1445,390,756,1367,2.7423932599769367,3.330202557895233,-0.43640412954965974,2.6642932862190816,2.6386093519732783,2.8465041422216797
all_available,region,HKI,Tmax,6,5,6473,1441,914,1231,1378,1.540171148698084,1.968579164510695,0.012582637157146082,1.5380349142592307,1.4592886621090648,1.6196859639711125
all_available,region,KL,Tmax,6,5,6434,1446,911,1245,1347,1.7331083188788639,2.2110388508516627,-0.47636824774800257,1.7362449487099783,1.625329215448887,1.838042126759507
all_available,region,NT,Tmax,6,16,19893,1449,173,1000,1367,1.9704668749030874,2.4880409435293056,-0.5448905287957906,1.9753631930829938,1.8732763276934692,2.062042685703448
all_available,region,Islands,Tmax,6,4,4451,1449,468,756,1388,2.211020795815503,2.907784946239943,0.9594360069582273,2.0370029206919793,2.1088627603964314,2.3248497711324707
strict_common,coast,near,Tmax,6,10,240,24,24,24,24,1.7445833333333334,2.2327766719192197,-0.016249999999999976,1.7445833333333334,1.3184358648255814,2.3107993697478983
strict_common,coast,transition,Tmax,6,15,360,24,24,24,24,1.9277777777777778,2.4625867159012556,-0.6605555555555556,1.9277777777777778,1.4451166666666668,2.575791666666665
strict_common,coast,inland,Tmax,6,5,120,24,24,24,24,2.6050000000000004,3.2171674912361445,-0.5966666666666669,2.605,2.1509669540229885,3.2380045454545456
strict_common,region,HKI,Tmax,6,5,120,24,24,24,24,1.7483333333333335,2.2349496638627007,-0.19333333333333327,1.7483333333333333,1.3017883522727272,2.355512626262626
strict_common,region,KL,Tmax,6,5,120,24,24,24,24,1.9191666666666667,2.4265373134022346,-0.7241666666666667,1.9191666666666667,1.4311792763157893,2.5501136363636356
strict_common,region,NT,Tmax,6,16,384,24,24,24,24,2.0265625,2.586835663508604,-0.7109375,2.0265625000000003,1.5373726851851852,2.6557031250000005
strict_common,region,Islands,Tmax,6,4,96,24,24,24,24,2.15625,2.7877335477648026,0.7270833333333331,2.15625,1.7305959440227705,2.7672161458333333
lowland_available,coast,near,Tmax,6,10,12407,1449,360,997,1388,1.6477470660710405,2.116062688880645,0.1238474701042465,1.6489078745869268,1.5654385042687247,1.7331468724613395
lowland_available,coast,transition,Tmax,6,15,19184,1449,328,1061,1347,1.769900903933404,2.257697088923244,-0.4170591026098794,1.7697768974145123,1.669125915332288,1.8669815298957304
lowland_available,coast,inland,Tmax,6,4,4904,1436,781,1025,1367,2.4542151199447164,2.95180262326554,-1.473778971460884,2.474551386623165,2.319314293250501,2.5805181118510334
lowland_available,region,HKI,Tmax,6,5,6473,1441,914,1231,1378,1.540171148698084,1.968579164510695,0.012582637157146082,1.5380349142592307,1.4592886621090648,1.6196859639711125
lowland_available,region,KL,Tmax,6,5,6434,1446,911,1245,1347,1.7331083188788639,2.2110388508516627,-0.47636824774800257,1.7362449487099783,1.625329215448887,1.838042126759507
lowland_available,region,NT,Tmax,6,16,19893,1449,173,1000,1367,1.9704668749030874,2.4880409435293056,-0.5448905287957906,1.9753631930829938,1.8732763276934692,2.062042685703448
lowland_available,region,Islands,Tmax,6,3,3695,1441,884,997,1388,1.6496591210520635,2.0993778997699963,0.04154959657922369,1.6568335588633287,1.5577479839289101,1.7397594434095454
all_available,coast,near,Tmax,7,10,12399,1448,360,997,1387,1.7269203540826852,2.217513875946577,0.09264775619356887,1.7276151302524398,1.6379261868965314,1.817174776845031
all_available,coast,transition,Tmax,7,15,19169,1448,327,1060,1346,1.859667591681216,2.375490134296824,-0.44199231640988434,1.859324951745005,1.748345808932848,1.9679449192849456
all_available,coast,inland,Tmax,7,5,5656,1444,390,756,1366,2.821512950042382,3.429735645068569,-0.4598549018622341,2.749557991513437,2.708366212576165,2.9351455837896387
all_available,region,HKI,Tmax,7,5,6468,1440,913,1230,1377,1.617600164309259,2.07312890347232,-0.017077721809934332,1.6149350649350651,1.5334484977801714,1.7017921974748709
all_available,region,KL,Tmax,7,5,6429,1445,910,1244,1346,1.8300765798849425,2.337632249754287,-0.49898550198849667,1.833131124591694,1.709186913127719,1.9446069496735616
all_available,region,NT,Tmax,7,16,19878,1448,173,1000,1366,2.0557419007273463,2.598315657117298,-0.5720037269933224,2.060473890733474,1.94920081090852,2.159246322233173
all_available,region,Islands,Tmax,7,4,4449,1448,468,756,1387,2.2853820084121135,2.991720389495663,0.9324235143403915,2.118431108114183,2.1771381416144444,2.405207004305459
strict_common,coast,near,Tmax,7,10,240,24,24,24,24,1.9079166666666665,2.42664892392781,-0.05791666666666663,1.9079166666666665,1.4523983333333337,2.526521212121211
strict_common,coast,transition,Tmax,7,15,360,24,24,24,24,2.1038888888888887,2.6612236116326473,-0.7022222222222222,2.1038888888888887,1.5866574074074073,2.800017647058821
strict_common,coast,inland,Tmax,7,5,120,24,24,24,24,2.756666666666667,3.4098142666915647,-0.6383333333333335,2.7566666666666673,2.2457675000000004,3.4609126794258374
strict_common,region,HKI,Tmax,7,5,120,24,24,24,24,1.92,2.4186773244895647,-0.23499999999999982,1.9199999999999997,1.4399772727272726,2.5599999999999996
strict_common,region,KL,Tmax,7,5,120,24,24,24,24,2.084166666666667,2.6273719442312182,-0.7658333333333334,2.0841666666666665,1.539972222222222,2.7648246753246735
strict_common,region,NT,Tmax,7,16,384,24,24,24,24,2.203125,2.7919247393151556,-0.7526041666666667,2.203125,1.6818527385752688,2.901428345959595
strict_common,region,Islands,Tmax,7,4,96,24,24,24,24,2.2875,2.948269266309756,0.6854166666666666,2.2875,1.8222701149425289,2.9551249999999993
lowland_available,coast,near,Tmax,7,10,12399,1448,360,997,1387,1.7269203540826852,2.217513875946577,0.09264775619356887,1.7276151302524398,1.6379261868965314,1.817174776845031
lowland_available,coast,transition,Tmax,7,15,19169,1448,327,1060,1346,1.859667591681216,2.375490134296824,-0.44199231640988434,1.859324951745005,1.748345808932848,1.9679449192849456
lowland_available,coast,inland,Tmax,7,4,4900,1435,780,1024,1366,2.5520565314683212,3.070471744843271,-1.5011083098674751,2.5721632653061226,2.4105135990624396,2.6849549378134
lowland_available,region,HKI,Tmax,7,5,6468,1440,913,1230,1377,1.617600164309259,2.07312890347232,-0.017077721809934332,1.6149350649350651,1.5334484977801714,1.7017921974748709
lowland_available,region,KL,Tmax,7,5,6429,1445,910,1244,1346,1.8300765798849425,2.337632249754287,-0.49898550198849667,1.833131124591694,1.709186913127719,1.9446069496735616
lowland_available,region,NT,Tmax,7,16,19878,1448,173,1000,1366,2.0557419007273463,2.598315657117298,-0.5720037269933224,2.060473890733474,1.94920081090852,2.159246322233173
lowland_available,region,Islands,Tmax,7,3,3693,1440,884,997,1387,1.7473964697699433,2.2133923830439026,0.008178442400945377,1.7538586515028431,1.654697745474789,1.8435283509189568
all_available,coast,near,Tmax,8,10,12391,1447,360,997,1386,1.8134684922621165,2.336618511045032,0.04845109633494851,1.8135501573722863,1.7103673450282761,1.9162783151451428
all_available,coast,transition,Tmax,8,15,19156,1447,327,1059,1345,1.9678362116694992,2.512087241555952,-0.4828968378683884,1.9674827730215079,1.8402963387187325,2.091260516905155
all_available,coast,inland,Tmax,8,5,5652,1443,390,756,1365,2.9112768343488593,3.5479277308132002,-0.4995171625741703,2.847257607926398,2.787577651912604,3.038984545384132
all_available,region,HKI,Tmax,8,5,6463,1439,912,1229,1376,1.7049761310928406,2.1912544598334347,-0.05538467174417039,1.7021197586260253,1.6090807745978477,1.799427743620214
all_available,region,KL,Tmax,8,5,6426,1444,910,1244,1345,1.9422496146287487,2.4773148083068324,-0.540907890273931,1.9455182072829131,1.809069523629066,2.071600582233433
all_available,region,NT,Tmax,8,16,19863,1447,173,1000,1365,2.1598984536519357,2.734008439968729,-0.6164255638402818,2.164224940844787,2.03778504667173,2.281664565710457
all_available,region,Islands,Tmax,8,4,4447,1447,468,756,1386,2.353527070592257,3.078363728576729,0.8969361034969556,2.1953676635934336,2.235589665435457,2.482873022454519
strict_common,coast,near,Tmax,8,10,240,24,24,24,24,1.974583333333333,2.5083776297306857,0.1504166666666667,1.9745833333333331,1.524722587719298,2.613395833333333
strict_common,coast,transition,Tmax,8,15,360,24,24,24,24,2.1422222222222227,2.686778326877336,-0.4938888888888889,2.1422222222222222,1.6299055555555553,2.8210697940503424
strict_common,coast,inland,Tmax,8,5,120,24,24,24,24,2.8150000000000004,3.4763726305830143,-0.43000000000000005,2.8150000000000004,2.2916250000000002,3.5180205882352937
strict_common,region,HKI,Tmax,8,5,120,24,24,24,24,1.9166666666666665,2.415919424704944,-0.026666666666666516,1.9166666666666667,1.4459953886693016,2.5736882591093115
strict_common,region,KL,Tmax,8,5,120,24,24,24,24,2.1108333333333333,2.650424494302752,-0.5575,2.1108333333333333,1.592615789473684,2.7933437499999996
strict_common,region,NT,Tmax,8,16,384,24,24,24,24,2.2739583333333337,2.8352413918395025,-0.5442708333333333,2.2739583333333333,1.780627335258152,2.9369466145833325
strict_common,region,Islands,Tmax,8,4,96,24,24,24,24,2.3583333333333334,3.110566668631296,0.8937499999999998,2.358333333333333,1.7896403556034481,3.1208245877061462
lowland_available,coast,near,Tmax,8,10,12391,1447,360,997,1386,1.8134684922621165,2.336618511045032,0.04845109633494851,1.8135501573722863,1.7103673450282761,1.9162783151451428
lowland_available,coast,transition,Tmax,8,15,19156,1447,327,1059,1345,1.9678362116694992,2.512087241555952,-0.4828968378683884,1.9674827730215079,1.8402963387187325,2.091260516905155
lowland_available,coast,inland,Tmax,8,4,4896,1434,779,1023,1365,2.6673037148937455,3.218294712599905,-1.5467178817891414,2.6866830065359477,2.507296408203285,2.8188334368862766
lowland_available,region,HKI,Tmax,8,5,6463,1439,912,1229,1376,1.7049761310928406,2.1912544598334347,-0.05538467174417039,1.7021197586260253,1.6090807745978477,1.799427743620214
lowland_available,region,KL,Tmax,8,5,6426,1444,910,1244,1345,1.9422496146287487,2.4773148083068324,-0.540907890273931,1.9455182072829131,1.809069523629066,2.071600582233433
lowland_available,region,NT,Tmax,8,16,19863,1447,173,1000,1365,2.1598984536519357,2.734008439968729,-0.6164255638402818,2.164224940844787,2.03778504667173,2.281664565710457
lowland_available,region,Islands,Tmax,8,3,3691,1439,884,997,1386,1.8423129900665718,2.3378066996578086,-0.033847100099297055,1.8488485505283123,1.739295740905909,1.949946160884018
all_available,coast,near,Tmax,9,10,12373,1445,359,996,1384,1.9251499174091187,2.479930671412528,0.07798683807052129,1.9245534631859695,1.812317915570845,2.0399873238611197
all_available,coast,transition,Tmax,9,15,19129,1445,327,1057,1343,2.073282555972103,2.6477969380351856,-0.4459525021516115,2.0730618432746093,1.9389716665173993,2.202893381173296
all_available,coast,inland,Tmax,9,5,5644,1441,389,755,1363,3.02413200611672,3.6893124875519416,-0.4562742480478357,2.9603472714386956,2.892911171231912,3.1629553953667937
all_available,region,HKI,Tmax,9,5,6453,1437,910,1227,1374,1.7951460637387306,2.3134789943118235,-0.019365979942455668,1.7921276925461027,1.68935298869406,1.8975702144300985
all_available,region,KL,Tmax,9,5,6419,1442,910,1244,1343,2.0571977916431785,2.6167560323689876,-0.5072402882758098,2.060087241003272,1.9200140526777576,2.1926682247558165
all_available,region,NT,Tmax,9,16,19833,1445,172,999,1363,2.2688799477461647,2.8742480070891303,-0.5812623190127608,2.2733474512176675,2.138349892143151,2.39917148428575
all_available,region,Islands,Tmax,9,4,4441,1445,467,755,1384,2.4768997758520372,3.2225499309469963,0.9356095133718408,2.3194550776852063,2.3502378637364063,2.6125704549968516
strict_common,coast,near,Tmax,9,10,240,24,24,24,24,1.9454166666666666,2.4461449262053137,0.27541666666666675,1.9454166666666666,1.5191597222222222,2.534080555555555
strict_common,coast,transition,Tmax,9,15,360,24,24,24,24,2.0255555555555556,2.5906670097786697,-0.3688888888888888,2.0255555555555556,1.5175568663036902,2.690533442982455
strict_common,coast,inland,Tmax,9,5,120,24,24,24,24,2.7633333333333336,3.4424071035638226,-0.30500000000000005,2.7633333333333336,2.261026315789474,3.466067391304348
strict_common,region,HKI,Tmax,9,5,120,24,24,24,24,1.83,2.3212783834200783,0.09833333333333345,1.8299999999999998,1.3706045454545455,2.4241333333333324
strict_common,region,KL,Tmax,9,5,120,24,24,24,24,1.969166666666667,2.5452079155411513,-0.4325,1.9691666666666667,1.4366578947368425,2.668864583333333
strict_common,region,NT,Tmax,9,16,384,24,24,24,24,2.1984375,2.7613496850875903,-0.41927083333333337,2.1984375,1.7176043299373038,2.8411451480263157
strict_common,region,Islands,Tmax,9,4,96,24,24,24,24,2.3708333333333336,3.099495926759704,1.0187499999999998,2.370833333333333,1.836067708333333,3.0592302631578945
lowland_available,coast,near,Tmax,9,10,12373,1445,359,996,1384,1.9251499174091187,2.479930671412528,0.07798683807052129,1.9245534631859695,1.812317915570845,2.0399873238611197
lowland_available,coast,transition,Tmax,9,15,19129,1445,327,1057,1343,2.073282555972103,2.6477969380351856,-0.4459525021516115,2.0730618432746093,1.9389716665173993,2.202893381173296
lowland_available,coast,inland,Tmax,9,4,4889,1432,778,1022,1363,2.7821186500300055,3.3607185219641065,-1.5069984391988671,2.8010022499488647,2.621143461937867,2.943711899997155
lowland_available,region,HKI,Tmax,9,5,6453,1437,910,1227,1374,1.7951460637387306,2.3134789943118235,-0.019365979942455668,1.7921276925461027,1.68935298869406,1.8975702144300985
lowland_available,region,KL,Tmax,9,5,6419,1442,910,1244,1343,2.0571977916431785,2.6167560323689876,-0.5072402882758098,2.060087241003272,1.9200140526777576,2.1926682247558165
lowland_available,region,NT,Tmax,9,16,19833,1445,172,999,1363,2.2688799477461647,2.8742480070891303,-0.5812623190127608,2.2733474512176675,2.138349892143151,2.39917148428575
lowland_available,region,Islands,Tmax,9,3,3686,1437,883,996,1384,1.9718045576481913,2.4941194178335375,-0.0013948210229760005,1.9768312533912098,1.859160066783939,2.0861049949725587
all_available,coast,near,Tmin,1,10,12447,1454,360,999,1393,1.1322666338717315,1.424008448640664,0.9094694491789467,1.1386920543102754,1.0912964793165443,1.172353062608349
all_available,coast,transition,Tmin,1,15,19249,1454,328,1065,1352,1.1799364650598323,1.5195846475658952,0.8834997035105935,1.1753078081978285,1.1288985491687924,1.2331968758052727
all_available,coast,inland,Tmin,1,5,5678,1450,390,757,1372,2.3503333310142054,2.9701559781365976,2.220984019115151,2.161077844311378,2.2228910098091745,2.4810377464958284
all_available,region,HKI,Tmin,1,5,6498,1446,919,1236,1383,0.9235578417205745,1.1875636587026681,0.43719201781626904,0.9256848261003386,0.8859883889910608,0.9612918491245654
all_available,region,KL,Tmin,1,5,6451,1451,912,1246,1352,0.9234487542395815,1.1697436346278065,0.6452442789402484,0.9228646721438537,0.8857006020760814,0.9606813898786984
all_available,region,NT,Tmin,1,16,19961,1454,173,1000,1372,1.493214319339863,1.8993160790791797,1.3174807335506515,1.4924051901207356,1.4119884391921569,1.5770895080453489
all_available,region,Islands,Tmin,1,4,4464,1454,469,757,1393,1.9117294701118093,2.6178585066794198,1.740059229857777,1.637320788530466,1.8660059425823317,1.9600082606531
strict_common,coast,near,Tmin,1,10,240,24,24,24,24,1.0025,1.2548572295949314,0.6799999999999999,1.0025000000000002,0.8492323232323233,1.1794164705882353
strict_common,coast,transition,Tmin,1,15,360,24,24,24,24,1.1130555555555555,1.4525552198338851,0.7625,1.1130555555555557,0.8786003787878788,1.3969108734402844
strict_common,coast,inland,Tmin,1,5,120,24,24,24,24,2.255,2.908436005828562,2.1433333333333335,2.2550000000000003,1.7544137931034485,2.8868529411764694
strict_common,region,HKI,Tmin,1,5,120,24,24,24,24,0.8558333333333333,1.091596689869172,0.2741666666666667,0.8558333333333332,0.686949275362319,1.062410784313725
strict_common,region,KL,Tmin,1,5,120,24,24,24,24,0.8316666666666664,1.029967637032025,0.5283333333333331,0.8316666666666666,0.659941176470588,1.018115079365079
strict_common,region,NT,Tmin,1,16,384,24,24,24,24,1.4083333333333334,1.842199206564444,1.1994791666666667,1.4083333333333332,1.056597680020284,1.8631355042016802
strict_common,region,Islands,Tmin,1,4,96,24,24,24,24,1.75625,2.456072406641683,1.4375000000000004,1.7562500000000003,1.5812408088235295,1.9390641983695656
lowland_available,coast,near,Tmin,1,10,12447,1454,360,999,1393,1.1322666338717315,1.424008448640664,0.9094694491789467,1.1386920543102754,1.0912964793165443,1.172353062608349
lowland_available,coast,transition,Tmin,1,15,19249,1454,328,1065,1352,1.1799364650598323,1.5195846475658952,0.8834997035105935,1.1753078081978285,1.1288985491687924,1.2331968758052727
lowland_available,coast,inland,Tmin,1,4,4921,1441,784,1030,1372,1.7928374035299757,2.3261581420362014,1.6316791652413625,1.7889250152408045,1.6469815106243946,1.9399809685581195
lowland_available,region,HKI,Tmin,1,5,6498,1446,919,1236,1383,0.9235578417205745,1.1875636587026681,0.43719201781626904,0.9256848261003386,0.8859883889910608,0.9612918491245654
lowland_available,region,KL,Tmin,1,5,6451,1451,912,1246,1352,0.9234487542395815,1.1697436346278065,0.6452442789402484,0.9228646721438537,0.8857006020760814,0.9606813898786984
lowland_available,region,NT,Tmin,1,16,19961,1454,173,1000,1372,1.493214319339863,1.8993160790791797,1.3174807335506515,1.4924051901207356,1.4119884391921569,1.5770895080453489
lowland_available,region,Islands,Tmin,1,3,3707,1446,886,999,1393,1.022200279832038,1.2842178915222562,0.7940111616069352,1.0363366603722688,0.9766158919555876,1.0707754506207445
all_available,coast,near,Tmin,2,10,12438,1453,360,998,1392,1.262007090871365,1.5713462484477576,1.0245723204452135,1.2682264029586752,1.2123507993303468,1.3147659181923022
all_available,coast,transition,Tmin,2,15,19235,1453,328,1065,1351,1.3085754659980209,1.658945030369987,0.9961193895621258,1.303909539901222,1.2519643373298257,1.3695725311684013
all_available,coast,inland,Tmin,2,5,5674,1449,390,757,1371,2.4704054733680327,3.0912494470202496,2.335130648425107,2.2823757490306664,2.3340066015573813,2.6090205666165596
all_available,region,HKI,Tmin,2,5,6493,1445,918,1235,1382,1.0265414655034621,1.3064794838630474,0.5447029043501531,1.0292160788541507,0.9808856222254311,1.073602833780748
all_available,region,KL,Tmin,2,5,6446,1450,911,1245,1351,1.0824859707756667,1.354307714690442,0.765254060318761,1.0817871548246976,1.0330053257661045,1.1344278962245933
all_available,region,NT,Tmin,2,16,19947,1453,173,1000,1371,1.617508756975468,2.031199715078286,1.429573010099381,1.6171805284002605,1.5300968462943443,1.7067811920490665
all_available,region,Islands,Tmin,2,4,4461,1453,469,757,1392,2.0438632431302484,2.7401796743457947,1.8600535762687225,1.768953149518045,1.9863879331974257,2.104281082788987
strict_common,coast,near,Tmin,2,10,240,24,24,24,24,1.2333333333333332,1.5153657424309597,0.8883333333333333,1.2333333333333334,1.0070040760869565,1.5093717391304349
strict_common,coast,transition,Tmin,2,15,360,24,24,24,24,1.3308333333333333,1.665474573674289,0.9708333333333331,1.3308333333333333,1.0655059288537552,1.671317956349206
strict_common,coast,inland,Tmin,2,5,120,24,24,24,24,2.456666666666667,3.098763194136224,2.351666666666667,2.4566666666666666,1.953724431818182,3.1323095238095235
strict_common,region,HKI,Tmin,2,5,120,24,24,24,24,1.0408333333333335,1.2928972632554117,0.4825000000000001,1.0408333333333333,0.78,1.3252744360902253
strict_common,region,KL,Tmin,2,5,120,24,24,24,24,1.0816666666666666,1.2983964469041547,0.7366666666666666,1.0816666666666666,0.8433185907046478,1.348799689440993
strict_common,region,NT,Tmin,2,16,384,24,24,24,24,1.6291666666666669,2.0573673509285273,1.4078125,1.629166666666667,1.266246710526316,2.1139747282608687
strict_common,region,Islands,Tmin,2,4,96,24,24,24,24,1.975,2.649095757675312,1.6458333333333335,1.9750000000000003,1.7588192873303168,2.2079900568181823
lowland_available,coast,near,Tmin,2,10,12438,1453,360,998,1392,1.262007090871365,1.5713462484477576,1.0245723204452135,1.2682264029586752,1.2123507993303468,1.3147659181923022
lowland_available,coast,transition,Tmin,2,15,19235,1453,328,1065,1351,1.3085754659980209,1.658945030369987,0.9961193895621258,1.303909539901222,1.2519643373298257,1.3695725311684013
lowland_available,coast,inland,Tmin,2,4,4917,1440,783,1029,1371,1.9135352432952455,2.4465839419711144,1.7456306156832995,1.9104942037827948,1.7664772170976593,2.0660842520340124
lowland_available,region,HKI,Tmin,2,5,6493,1445,918,1235,1382,1.0265414655034621,1.3064794838630474,0.5447029043501531,1.0292160788541507,0.9808856222254311,1.073602833780748
lowland_available,region,KL,Tmin,2,5,6446,1450,911,1245,1351,1.0824859707756667,1.354307714690442,0.765254060318761,1.0817871548246976,1.0330053257661045,1.1344278962245933
lowland_available,region,NT,Tmin,2,16,19947,1453,173,1000,1371,1.617508756975468,2.031199715078286,1.429573010099381,1.6171805284002605,1.5300968462943443,1.7067811920490665
lowland_available,region,Islands,Tmin,2,3,3704,1445,885,998,1392,1.1591888596206041,1.4373951918568957,0.9156945085608506,1.1703563714902807,1.1058348680949575,1.2155442082960468
all_available,coast,near,Tmin,3,10,12429,1452,360,997,1391,1.3009360997012491,1.6302315739995472,1.0406275105306955,1.3059779547831685,1.2409293754339643,1.3660533122687877
all_available,coast,transition,Tmin,3,15,19222,1452,328,1064,1350,1.350590642100856,1.712846460461889,1.0104645527819678,1.3462334824680056,1.2874961706100594,1.4171211990448063
all_available,coast,inland,Tmin,3,5,5670,1448,390,757,1370,2.4918969560740587,3.1252657295230004,2.347996556519406,2.305114638447972,2.3518026633371982,2.6289967356400874
all_available,region,HKI,Tmin,3,5,6488,1444,917,1234,1381,1.069430319663049,1.363282518213399,0.5589702810661425,1.0718557336621455,1.0176458512278024,1.1231945889234423
all_available,region,KL,Tmin,3,5,6443,1449,911,1245,1350,1.1370370069564075,1.431534981345338,0.7832572685924714,1.136458171659165,1.0777139662560542,1.2004583540963387
all_available,region,NT,Tmin,3,16,19932,1452,173,1000,1370,1.6481571630294787,2.075699131144512,1.4427963787224891,1.6476570339153123,1.5555930828514986,1.7465025340110776
all_available,region,Islands,Tmin,3,4,4458,1452,469,757,1391,2.0812135418316697,2.781413127400519,1.8768365929451511,1.8083894122925077,2.0129117182695073,2.1552067452450654
strict_common,coast,near,Tmin,3,10,240,24,24,24,24,1.2083333333333333,1.4984992492490612,0.8049999999999999,1.2083333333333333,0.962490131578947,1.4939277173913044
strict_common,coast,transition,Tmin,3,15,360,24,24,24,24,1.2980555555555555,1.6433113588794495,0.8875000000000001,1.2980555555555557,1.0243085748792273,1.6442711111111112
strict_common,coast,inland,Tmin,3,5,120,24,24,24,24,2.3800000000000003,3.0578859799977285,2.2683333333333335,2.3800000000000003,1.869030303030303,3.0719705882352932
strict_common,region,HKI,Tmin,3,5,120,24,24,24,24,1.0625,1.3057245753475986,0.3991666666666667,1.0625,0.8080000000000002,1.3464345238095237
strict_common,region,KL,Tmin,3,5,120,24,24,24,24,1.075,1.2971121771072847,0.6533333333333331,1.075,0.811996296296296,1.3437615131578946
strict_common,region,NT,Tmin,3,16,384,24,24,24,24,1.5614583333333334,2.0210996388105165,1.3244791666666667,1.5614583333333336,1.1676576653079713,2.0432201086956523
strict_common,region,Islands,Tmin,3,4,96,24,24,24,24,1.9458333333333333,2.6182452775348097,1.5625000000000004,1.9458333333333335,1.7072879464285713,2.183826155462185
lowland_available,coast,near,Tmin,3,10,12429,1452,360,997,1391,1.3009360997012491,1.6302315739995472,1.0406275105306955,1.3059779547831685,1.2409293754339643,1.3660533122687877
lowland_available,coast,transition,Tmin,3,15,19222,1452,328,1064,1350,1.350590642100856,1.712846460461889,1.0104645527819678,1.3462334824680056,1.2874961706100594,1.4171211990448063
lowland_available,coast,inland,Tmin,3,4,4913,1439,782,1028,1370,1.938087839742507,2.484170962043015,1.7594012438659021,1.935009159373092,1.7869162255833702,2.092753481966462
lowland_available,region,HKI,Tmin,3,5,6488,1444,917,1234,1381,1.069430319663049,1.363282518213399,0.5589702810661425,1.0718557336621455,1.0176458512278024,1.1231945889234423
lowland_available,region,KL,Tmin,3,5,6443,1449,911,1245,1350,1.1370370069564075,1.431534981345338,0.7832572685924714,1.136458171659165,1.0777139662560542,1.2004583540963387
lowland_available,region,NT,Tmin,3,16,19932,1452,173,1000,1370,1.6481571630294787,2.075699131144512,1.4427963787224891,1.6476570339153123,1.5555930828514986,1.7465025340110776
lowland_available,region,Islands,Tmin,3,3,3701,1444,884,997,1391,1.2059069153088047,1.504773295780239,0.9349895215490615,1.2154823020805188,1.1431796296396106,1.2722067409431135
all_available,coast,near,Tmin,4,10,12421,1451,360,997,1390,1.3346115494700361,1.6786910916928206,1.0525206840998058,1.3396988970292247,1.2678768792098807,1.4053830759437358
all_available,coast,transition,Tmin,4,15,19209,1451,328,1063,1349,1.3851057164425022,1.7608648830982514,1.0232513781528694,1.380925607788016,1.3181769254980589,1.458048471751595
all_available,coast,inland,Tmin,4,5,5666,1447,390,757,1369,2.5219450141629896,3.1643353723144627,2.36538990184577,2.3351747264384044,2.3787003998951604,2.6609452172273618
all_available,region,HKI,Tmin,4,5,6483,1443,916,1233,1380,1.102708037900725,1.411827984281125,0.5721022967990109,1.1053216103655716,1.0489784810729514,1.1614718970595983
all_available,region,KL,Tmin,4,5,6440,1448,911,1245,1349,1.1752207164189983,1.4880916440701721,0.795396090715825,1.1747049689440994,1.1108560834731322,1.2440208088061129
all_available,region,NT,Tmin,4,16,19917,1451,173,1000,1369,1.679499387465206,2.1191076114391985,1.455359442025773,1.6792237786815287,1.5801705737377034,1.7806160707958325
all_available,region,Islands,Tmin,4,4,4456,1451,469,757,1390,2.117698085277732,2.822523627452638,1.8944210031333508,1.8450852782764813,2.0426688166108398,2.1944398341257565
strict_common,coast,near,Tmin,4,10,240,24,24,24,24,1.2841666666666665,1.659969879244801,0.7216666666666666,1.284166666666667,0.9596141304347826,1.6805343749999997
strict_common,coast,transition,Tmin,4,15,360,24,24,24,24,1.3613888888888888,1.7754263963591645,0.8041666666666667,1.361388888888889,1.0080110294117646,1.7963020833333332
strict_common,coast,inland,Tmin,4,5,120,24,24,24,24,2.3400000000000003,3.1111091269834947,2.185,2.3400000000000003,1.7277970779220782,3.1035454545454533
strict_common,region,HKI,Tmin,4,5,120,24,24,24,24,1.1608333333333334,1.5093872929106034,0.3158333333333334,1.1608333333333334,0.8062769423558899,1.552859243697479
strict_common,region,KL,Tmin,4,5,120,24,24,24,24,1.1650000000000003,1.452297031142964,0.5699999999999997,1.165,0.8478069053708438,1.517879464285714
strict_common,region,NT,Tmin,4,16,384,24,24,24,24,1.5828125,2.130128615052778,1.2411458333333334,1.5828125,1.1264347550675677,2.1678892299107138
strict_common,region,Islands,Tmin,4,4,96,24,24,24,24,2.002083333333333,2.6784245991502793,1.4791666666666665,2.0020833333333337,1.7104605263157893,2.3233422619047617
lowland_available,coast,near,Tmin,4,10,12421,1451,360,997,1390,1.3346115494700361,1.6786910916928206,1.0525206840998058,1.3396988970292247,1.2678768792098807,1.4053830759437358
lowland_available,coast,transition,Tmin,4,15,19209,1451,328,1063,1349,1.3851057164425022,1.7608648830982514,1.0232513781528694,1.380925607788016,1.3181769254980589,1.458048471751595
lowland_available,coast,inland,Tmin,4,4,4909,1438,781,1027,1369,1.9677218885755994,2.5238233750274826,1.773216901745786,1.9645141576695864,1.8125395140920304,2.1210407311680837
lowland_available,region,HKI,Tmin,4,5,6483,1443,916,1233,1380,1.102708037900725,1.411827984281125,0.5721022967990109,1.1053216103655716,1.0489784810729514,1.1614718970595983
lowland_available,region,KL,Tmin,4,5,6440,1448,911,1245,1349,1.1752207164189983,1.4880916440701721,0.795396090715825,1.1747049689440994,1.1108560834731322,1.2440208088061129
lowland_available,region,NT,Tmin,4,16,19917,1451,173,1000,1369,1.679499387465206,2.1191076114391985,1.455359442025773,1.6792237786815287,1.5801705737377034,1.7806160707958325
lowland_available,region,Islands,Tmin,4,3,3699,1443,884,997,1390,1.243984941532793,1.5577980700389795,0.9478673700958992,1.2528791565287916,1.1754841853149105,1.3148270476742923
all_available,coast,near,Tmin,5,10,12414,1450,360,997,1389,1.3790420259403995,1.7417905836303624,1.0644037638994486,1.3834299983889158,1.3038824899587207,1.4556730676756224
all_available,coast,transition,Tmin,5,15,19197,1450,328,1062,1348,1.4349247273685897,1.829178730369101,1.0345258526649752,1.4307027139657238,1.3594318397296659,1.5150724231748967
all_available,coast,inland,Tmin,5,5,5664,1446,390,757,1368,2.55847383852924,3.22179620074909,2.3828065557190174,2.3729872881355933,2.4084226133027835,2.7060118712025827
all_available,region,HKI,Tmin,5,5,6478,1442,915,1232,1379,1.1596380296394808,1.478147644107326,0.5838569946273371,1.1620098795924667,1.1018046610803722,1.222633102359074
all_available,region,KL,Tmin,5,5,6437,1447,911,1245,1348,1.2326671110952896,1.5654027352549231,0.8054432120554113,1.232282118999534,1.1591617128405596,1.309557617627847
all_available,region,NT,Tmin,5,16,19906,1450,173,1000,1368,1.7185570191685497,2.181224877792775,1.4678095745671569,1.7181503064402692,1.612260045135847,1.8269104039082942
all_available,region,Islands,Tmin,5,4,4454,1450,469,757,1389,2.162055588052099,2.877747304573022,1.911125995268987,1.8900987876066457,2.0760153707010205,2.251548568265779
strict_common,coast,near,Tmin,5,10,240,24,24,24,24,1.3816666666666668,1.7422686360030706,0.8466666666666667,1.3816666666666668,1.0551949999999999,1.7590102941176473
strict_common,coast,transition,Tmin,5,15,360,24,24,24,24,1.4463888888888892,1.8530530363579871,0.9291666666666667,1.446388888888889,1.0827769423558897,1.8840111111111109
strict_common,coast,inland,Tmin,5,5,120,24,24,24,24,2.4650000000000003,3.2053080975157444,2.31,2.4650000000000003,1.8382750000000003,3.202234848484848
strict_common,region,HKI,Tmin,5,5,120,24,24,24,24,1.2308333333333334,1.5593534985157578,0.4408333333333333,1.2308333333333332,0.8845032467532467,1.6016726190476185
strict_common,region,KL,Tmin,5,5,120,24,24,24,24,1.2616666666666667,1.5316113519210197,0.695,1.2616666666666667,0.9451956521739133,1.6040578947368416
strict_common,region,NT,Tmin,5,16,384,24,24,24,24,1.6859375,2.215699193633167,1.3661458333333334,1.6859374999999999,1.2022047483766234,2.2504411764705874
strict_common,region,Islands,Tmin,5,4,96,24,24,24,24,2.1,2.774699683449244,1.6041666666666667,2.1,1.79717803030303,2.4056060606060603
lowland_available,coast,near,Tmin,5,10,12414,1450,360,997,1389,1.3790420259403995,1.7417905836303624,1.0644037638994486,1.3834299983889158,1.3038824899587207,1.4556730676756224
lowland_available,coast,transition,Tmin,5,15,19197,1450,328,1062,1348,1.4349247273685897,1.829178730369101,1.0345258526649752,1.4307027139657238,1.3594318397296659,1.5150724231748967
lowland_available,coast,inland,Tmin,5,4,4907,1437,781,1026,1368,2.007438401199859,2.5856222293460003,1.7897037032352976,2.004340737721622,1.847777652103215,2.1642308995439903
lowland_available,region,HKI,Tmin,5,5,6478,1442,915,1232,1379,1.1596380296394808,1.478147644107326,0.5838569946273371,1.1620098795924667,1.1018046610803722,1.222633102359074
lowland_available,region,KL,Tmin,5,5,6437,1447,911,1245,1348,1.2326671110952896,1.5654027352549231,0.8054432120554113,1.232282118999534,1.1591617128405596,1.309557617627847
lowland_available,region,NT,Tmin,5,16,19906,1450,173,1000,1368,1.7185570191685497,2.181224877792775,1.4678095745671569,1.7181503064402692,1.612260045135847,1.8269104039082942
lowland_available,region,Islands,Tmin,5,3,3697,1442,884,997,1389,1.2952022547872108,1.629686437289451,0.9630953384740172,1.3019204760616718,1.2195589361729735,1.3762207702763334
all_available,coast,near,Tmin,6,10,12407,1449,360,997,1388,1.4187579252549507,1.8099761852041185,1.0854868505970579,1.4229225437253163,1.3387764256608563,1.5055942311257613
all_available,coast,transition,Tmin,6,15,19184,1449,328,1061,1347,1.4822657422784702,1.9008460542469436,1.0559849542500421,1.4781015429524604,1.39968276208574,1.5679525849320546
all_available,coast,inland,Tmin,6,5,5661,1445,390,757,1367,2.6020011127049796,3.2845152033730796,2.404590106918488,2.4172407701819467,2.441590597080918,2.753744998365813
all_available,region,HKI,Tmin,6,5,6473,1441,914,1231,1378,1.1962246539806045,1.5391196510436695,0.6035451574613481,1.1985941603584118,1.1315947777586735,1.2624895386761201
all_available,region,KL,Tmin,6,5,6434,1446,911,1245,1347,1.283468481837155,1.6491915563636306,0.827063736861777,1.2832608019894312,1.2061367308285764,1.3658069500993804
all_available,region,NT,Tmin,6,16,19893,1449,173,1000,1367,1.7647742073079027,2.2475648858140445,1.488574261903362,1.7643191072236468,1.6514120281830134,1.8789019127093745
all_available,region,Islands,Tmin,6,4,4452,1449,469,757,1388,2.1991794885590545,2.9423713753127534,1.93684017306106,1.9275606469002695,2.1044517792749446,2.2957373575973103
strict_common,coast,near,Tmin,6,10,240,24,24,24,24,1.3699999999999999,1.8063775906493083,0.8883333333333333,1.37,0.9793591628959277,1.8770629084967319
strict_common,coast,transition,Tmin,6,15,360,24,24,24,24,1.4658333333333333,1.9226500808346103,0.9708333333333331,1.4658333333333335,1.018605603448276,1.9944475308641976
strict_common,coast,inland,Tmin,6,5,120,24,24,24,24,2.538333333333333,3.273479290703802,2.351666666666667,2.5383333333333336,1.879857142857143,3.346818181818181
strict_common,region,HKI,Tmin,6,5,120,24,24,24,24,1.1975,1.6010153028625305,0.4825000000000001,1.1975,0.7972313974591652,1.6824999999999997
strict_common,region,KL,Tmin,6,5,120,24,24,24,24,1.24,1.595566774952817,0.7366666666666666,1.24,0.851468045112782,1.701628181818182
strict_common,region,NT,Tmin,6,16,384,24,24,24,24,1.7395833333333335,2.2942296274203535,1.4078125,1.7395833333333333,1.2050871468058968,2.388401785714285
strict_common,region,Islands,Tmin,6,4,96,24,24,24,24,2.0895833333333336,2.8238198124762377,1.6458333333333335,2.0895833333333336,1.7124652777777778,2.5022098214285706
lowland_available,coast,near,Tmin,6,10,12407,1449,360,997,1388,1.4187579252549507,1.8099761852041185,1.0854868505970579,1.4229225437253163,1.3387764256608563,1.5055942311257613
lowland_available,coast,transition,Tmin,6,15,19184,1449,328,1061,1347,1.4822657422784702,1.9008460542469436,1.0559849542500421,1.4781015429524604,1.39968276208574,1.5679525849320546
lowland_available,coast,inland,Tmin,6,4,4904,1436,781,1025,1367,2.054053570537764,2.6468783399942115,1.8093373694473183,2.050387438825448,1.8886654306511068,2.2150663131864077
lowland_available,region,HKI,Tmin,6,5,6473,1441,914,1231,1378,1.1962246539806045,1.5391196510436695,0.6035451574613481,1.1985941603584118,1.1315947777586735,1.2624895386761201
lowland_available,region,KL,Tmin,6,5,6434,1446,911,1245,1347,1.283468481837155,1.6491915563636306,0.827063736861777,1.2832608019894312,1.2061367308285764,1.3658069500993804
lowland_available,region,NT,Tmin,6,16,19893,1449,173,1000,1367,1.7647742073079027,2.2475648858140445,1.488574261903362,1.7643191072236468,1.6514120281830134,1.8789019127093745
lowland_available,region,Islands,Tmin,6,3,3695,1441,884,997,1388,1.3343088909541245,1.7042942255781426,0.98725321181369,1.3403518267929635,1.2522155898754503,1.4193114863432297
all_available,coast,near,Tmin,7,10,12399,1448,360,997,1387,1.4704841495263843,1.8898763776443657,1.0925042225161175,1.4745543995483508,1.37967093167173,1.5656629029494769
all_available,coast,transition,Tmin,7,15,19169,1448,327,1060,1346,1.5437713627804057,1.9885888904956297,1.066007705077219,1.5396160467421358,1.4506651105574984,1.6377034106404078
all_available,coast,inland,Tmin,7,5,5657,1444,390,757,1366,2.650771332943201,3.349310731554241,2.4154312575667025,2.4684284956690825,2.482670126748037,2.807408125890417
all_available,region,HKI,Tmin,7,5,6468,1440,913,1230,1377,1.2553011938291654,1.622140318148246,0.6128202744510096,1.2577149041434756,1.1859752800072134,1.3314363116231671
all_available,region,KL,Tmin,7,5,6429,1445,910,1244,1346,1.3482696703615442,1.754654520455465,0.8378378692331392,1.3482190076217142,1.261399765067092,1.4391682804044228
all_available,region,NT,Tmin,7,16,19878,1448,173,1000,1366,1.8201114932219418,2.3250022974255637,1.497404583175813,1.8195894959251435,1.6997505711176202,1.9420079672094905
all_available,region,Islands,Tmin,7,4,4450,1448,469,757,1387,2.24390759729533,3.0034187321789085,1.945137509979805,1.974696629213483,2.138112630021984,2.3515562930270852
strict_common,coast,near,Tmin,7,10,240,24,24,24,24,1.4125,1.8920007047215037,0.93,1.4125,0.9742820197044336,1.941525
strict_common,coast,transition,Tmin,7,15,360,24,24,24,24,1.5386111111111112,2.0261964915136494,1.0125000000000002,1.5386111111111114,1.085156746031746,2.072760233918128
strict_common,coast,inland,Tmin,7,5,120,24,24,24,24,2.6266666666666674,3.391509005344573,2.3933333333333335,2.6266666666666665,1.9315654761904761,3.4918409090909086
strict_common,region,HKI,Tmin,7,5,120,24,24,24,24,1.2808333333333333,1.6737930975282858,0.5241666666666668,1.2808333333333333,0.885224171539961,1.7411083333333328
strict_common,region,KL,Tmin,7,5,120,24,24,24,24,1.31,1.6913998147491127,0.7783333333333331,1.3099999999999998,0.9121695652173916,1.76609549689441
strict_common,region,NT,Tmin,7,16,384,24,24,24,24,1.7994791666666665,2.4101456560410064,1.4494791666666664,1.7994791666666667,1.2461796875000002,2.49310817882775
strict_common,region,Islands,Tmin,7,4,96,24,24,24,24,2.147916666666667,2.8998922393771807,1.6875000000000004,2.1479166666666667,1.7283068181818184,2.6140755208333335
lowland_available,coast,near,Tmin,7,10,12399,1448,360,997,1387,1.4704841495263843,1.8898763776443657,1.0925042225161175,1.4745543995483508,1.37967093167173,1.5656629029494769
lowland_available,coast,transition,Tmin,7,15,19169,1448,327,1060,1346,1.5437713627804057,1.9885888904956297,1.066007705077219,1.5396160467421358,1.4506651105574984,1.6377034106404078
lowland_available,coast,inland,Tmin,7,4,4900,1435,780,1024,1366,2.1105249323612996,2.7207562907427008,1.8189257958685503,2.106408163265306,1.9408749189498806,2.2792162952759343
lowland_available,region,HKI,Tmin,7,5,6468,1440,913,1230,1377,1.2553011938291654,1.622140318148246,0.6128202744510096,1.2577149041434756,1.1859752800072134,1.3314363116231671
lowland_available,region,KL,Tmin,7,5,6429,1445,910,1244,1346,1.3482696703615442,1.754654520455465,0.8378378692331392,1.3482190076217142,1.261399765067092,1.4391682804044228
lowland_available,region,NT,Tmin,7,16,19878,1448,173,1000,1366,1.8201114932219418,2.3250022974255637,1.497404583175813,1.8195894959251435,1.6997505711176202,1.9420079672094905
lowland_available,region,Islands,Tmin,7,3,3693,1440,884,997,1387,1.3879578179701717,1.7891099849883019,0.9930323118533027,1.3931492011914435,1.2995373131164543,1.4821671101676903
all_available,coast,near,Tmin,8,10,12391,1447,360,997,1386,1.5477304987147256,2.008468878000148,1.1046854149304786,1.550246146396578,1.4433932924774564,1.6565287362688677
all_available,coast,transition,Tmin,8,15,19156,1447,327,1059,1345,1.6265654849774538,2.1118886731874986,1.0816744546483954,1.6224629358947589,1.5206978536944917,1.7345071472999964
all_available,coast,inland,Tmin,8,5,5653,1443,390,757,1365,2.7168783715635376,3.446007566625428,2.4353510339474815,2.5359101362108616,2.53354128601342,2.890311314133112
all_available,region,HKI,Tmin,8,5,6463,1439,912,1229,1376,1.3414244600839578,1.748999016081547,0.6308239234568299,1.3436484604672752,1.2554886927312443,1.4320493256422653
all_available,region,KL,Tmin,8,5,6426,1444,910,1244,1345,1.4408523733221954,1.8961133038511473,0.8540560017274357,1.4408963585434171,1.3366455575554728,1.5483119032610655
all_available,region,NT,Tmin,8,16,19863,1447,173,1000,1365,1.8925111868800186,2.434059874387978,1.5099208417986116,1.8915823390223028,1.754781023842203,2.026459768897374
all_available,region,Islands,Tmin,8,4,4448,1447,469,757,1386,2.317153990628922,3.1044260320567907,1.9663982610172517,2.047841726618705,2.195613866212115,2.4465841852701957
strict_common,coast,near,Tmin,8,10,240,24,24,24,24,1.7166666666666668,2.226656686604381,1.0550000000000002,1.7166666666666666,1.2596041666666666,2.320573157894737
strict_common,coast,transition,Tmin,8,15,360,24,24,24,24,1.8747222222222224,2.3725103910321566,1.1375000000000002,1.8747222222222224,1.4041646505376344,2.473644444444443
strict_common,coast,inland,Tmin,8,5,120,24,24,24,24,2.8750000000000004,3.673644874871096,2.5183333333333335,2.875,2.112089285714286,3.8017499999999993
strict_common,region,HKI,Tmin,8,5,120,24,24,24,24,1.6125,2.0091250168502044,0.6491666666666668,1.6125,1.2306277173913043,2.0809723076923063
strict_common,region,KL,Tmin,8,5,120,24,24,24,24,1.6683333333333334,2.070225430559033,0.9033333333333331,1.6683333333333332,1.2416467391304349,2.194641304347826
strict_common,region,NT,Tmin,8,16,384,24,24,24,24,2.091666666666667,2.729840883641389,1.5744791666666667,2.091666666666667,1.4929166666666667,2.867654064685314
strict_common,region,Islands,Tmin,8,4,96,24,24,24,24,2.447916666666667,3.1877042418225274,1.8125000000000004,2.4479166666666665,1.9694047619047625,3.0529525162337645
lowland_available,coast,near,Tmin,8,10,12391,1447,360,997,1386,1.5477304987147256,2.008468878000148,1.1046854149304786,1.550246146396578,1.4433932924774564,1.6565287362688677
lowland_available,coast,transition,Tmin,8,15,19156,1447,327,1059,1345,1.6265654849774538,2.1118886731874986,1.0816744546483954,1.6224629358947589,1.5206978536944917,1.7345071472999964
lowland_available,coast,inland,Tmin,8,4,4896,1434,779,1023,1365,2.1789579380343422,2.8188062322417267,1.8296247237421457,2.1752450980392157,1.994668743440164,2.3579183549710603
lowland_available,region,HKI,Tmin,8,5,6463,1439,912,1229,1376,1.3414244600839578,1.748999016081547,0.6308239234568299,1.3436484604672752,1.2554886927312443,1.4320493256422653
lowland_available,region,KL,Tmin,8,5,6426,1444,910,1244,1345,1.4408523733221954,1.8961133038511473,0.8540560017274357,1.4408963585434171,1.3366455575554728,1.5483119032610655
lowland_available,region,NT,Tmin,8,16,19863,1447,173,1000,1365,1.8925111868800186,2.434059874387978,1.5099208417986116,1.8915823390223028,1.754781023842203,2.026459768897374
lowland_available,region,Islands,Tmin,8,3,3691,1439,884,997,1386,1.46668528561179,1.9111669652813459,1.0024455897667275,1.469330804659984,1.3622590123716387,1.5761592712054628
all_available,coast,near,Tmin,9,10,12373,1445,359,996,1384,1.6279806215473602,2.137990473712669,1.1290484682535828,1.6298553301543681,1.507976303450697,1.7508830102654809
all_available,coast,transition,Tmin,9,15,19129,1445,327,1057,1343,1.7162243554965968,2.2470238461576457,1.1123770116946445,1.71227978462021,1.5959519836894267,1.8384243551017072
all_available,coast,inland,Tmin,9,5,5645,1441,389,756,1363,2.7883823690980676,3.565508780002937,2.467145092596243,2.6098671390611163,2.593120680773006,2.975250116841233
all_available,region,HKI,Tmin,9,5,6453,1437,910,1227,1374,1.4291578556870905,1.8807423323560144,0.6590136964131208,1.4313652564698591,1.3274836187840597,1.5297442426869259
all_available,region,KL,Tmin,9,5,6419,1442,910,1244,1343,1.5390058984279813,2.04389350321292,0.8842625574961167,1.5391961364698552,1.4206160033886939,1.6608294459923845
all_available,region,NT,Tmin,9,16,19833,1445,172,999,1363,1.9704784522004202,2.559265740464511,1.5377552107820063,1.9697221802047093,1.8208034355221976,2.119483260518204
all_available,region,Islands,Tmin,9,4,4442,1445,468,756,1384,2.3991523469077003,3.2264577901028892,1.9978501697196054,2.1321251688428635,2.2569734368311543,2.5432156928930243
strict_common,coast,near,Tmin,9,10,240,24,24,24,24,1.7,2.1686401268998043,1.0550000000000002,1.7,1.26409375,2.2559852941176466
strict_common,coast,transition,Tmin,9,15,360,24,24,24,24,1.8269444444444443,2.3235329899864894,1.1375000000000002,1.8269444444444443,1.352066964285714,2.420308787878788
strict_common,coast,inland,Tmin,9,5,120,24,24,24,24,2.956666666666667,3.694680861274309,2.5183333333333335,2.956666666666666,2.276167953667954,3.8529860681114556
strict_common,region,HKI,Tmin,9,5,120,24,24,24,24,1.5574999999999999,1.9407687480308757,0.6491666666666668,1.5574999999999999,1.1456189903846155,2.0285924369747894
strict_common,region,KL,Tmin,9,5,120,24,24,24,24,1.6016666666666666,2.005617112013158,0.9033333333333331,1.6016666666666666,1.146625,2.1409458333333324
strict_common,region,NT,Tmin,9,16,384,24,24,24,24,2.1125,2.7057904729179114,1.5744791666666667,2.1125000000000003,1.5657754450464396,2.8430952380952372
strict_common,region,Islands,Tmin,9,4,96,24,24,24,24,2.3979166666666663,3.1693519316520637,1.8125000000000004,2.3979166666666667,1.9514338235294115,2.9484374999999976
lowland_available,coast,near,Tmin,9,10,12373,1445,359,996,1384,1.6279806215473602,2.137990473712669,1.1290484682535828,1.6298553301543681,1.507976303450697,1.7508830102654809
lowland_available,coast,transition,Tmin,9,15,19129,1445,327,1057,1343,1.7162243554965968,2.2470238461576457,1.1123770116946445,1.71227978462021,1.5959519836894267,1.8384243551017072
lowland_available,coast,inland,Tmin,9,4,4889,1432,778,1022,1363,2.2584938343884575,2.9413537881549665,1.8581377149516525,2.2545101247698915,2.0673617429561824,2.4494407782396577
lowland_available,region,HKI,Tmin,9,5,6453,1437,910,1227,1374,1.4291578556870905,1.8807423323560144,0.6590136964131208,1.4313652564698591,1.3274836187840597,1.5297442426869259
lowland_available,region,KL,Tmin,9,5,6419,1442,910,1244,1343,1.5390058984279813,2.04389350321292,0.8842625574961167,1.5391961364698552,1.4206160033886939,1.6608294459923845
lowland_available,region,NT,Tmin,9,16,19833,1445,172,999,1363,1.9704784522004202,2.559265740464511,1.5377552107820063,1.9697221802047093,1.8208034355221976,2.119483260518204
lowland_available,region,Islands,Tmin,9,3,3686,1437,883,996,1384,1.5628909598980982,2.0560563880275438,1.029408691901273,1.562805208898535,1.4464524497114712,1.686133042429381
