station_code,variable,lead,calendar_days,valid_pairs,observation_only_missing,forecast_only_missing,both_missing
CCH,Tmax,1,1461,1315,145,1,0
CWB,Tmax,1,1461,1262,198,1,0
HKP,Tmax,1,1461,1286,174,0,1
HKS,Tmax,1,1461,1338,122,1,0
HPV,Tmax,1,1461,1236,224,1,0
JKB,Tmax,1,1461,1308,152,1,0
KLT,Tmax,1,1461,1302,158,1,0
KP,Tmax,1,1461,1246,214,1,0
KSC,Tmax,1,1461,1316,144,1,0
KTG,Tmax,1,1461,1251,209,1,0
LFS,Tmax,1,1461,1220,240,1,0
NGP,Tmax,1,1461,756,704,0,1
PEN,Tmax,1,1461,999,461,0,1
PLC,Tmax,1,1461,1334,126,1,0
SEK,Tmax,1,1461,1030,430,0,1
SHA,Tmax,1,1461,1339,121,1,0
SKG,Tmax,1,1461,1304,156,1,0
SKW,Tmax,1,1461,1383,77,1,0
SSH,Tmax,1,1461,1372,88,1,0
SSP,Tmax,1,1461,1352,108,1,0
STY,Tmax,1,1461,1255,205,1,0
TKL,Tmax,1,1461,1282,178,1,0
TU1,Tmax,1,1461,1287,173,1,0
TW,Tmax,1,1461,1065,395,1,0
TWN,Tmax,1,1461,1302,158,1,0
TY1,Tmax,1,1461,1000,460,0,1
WGL,Tmax,1,1461,1393,67,1,0
WLP,Tmax,1,1461,1303,157,1,0
WTS,Tmax,1,1461,1300,160,1,0
YLP,Tmax,1,1461,1237,223,1,0
CCH,Tmax,2,1461,1314,145,2,0
CWB,Tmax,2,1461,1261,198,2,0
HKP,Tmax,2,1461,1285,174,1,1
HKS,Tmax,2,1461,1337,122,2,0
HPV,Tmax,2,1461,1235,224,2,0
JKB,Tmax,2,1461,1307,152,2,0
KLT,Tmax,2,1461,1301,158,2,0
KP,Tmax,2,1461,1245,214,2,0
KSC,Tmax,2,1461,1315,144,2,0
KTG,Tmax,2,1461,1250,209,2,0
LFS,Tmax,2,1461,1219,240,2,0
NGP,Tmax,2,1461,756,703,0,2
PEN,Tmax,2,1461,998,461,1,1
PLC,Tmax,2,1461,1333,126,2,0
SEK,Tmax,2,1461,1029,430,1,1
SHA,Tmax,2,1461,1338,121,2,0
SKG,Tmax,2,1461,1303,156,2,0
SKW,Tmax,2,1461,1382,77,2,0
SSH,Tmax,2,1461,1371,88,2,0
SSP,Tmax,2,1461,1351,108,2,0
STY,Tmax,2,1461,1254,205,2,0
TKL,Tmax,2,1461,1281,178,2,0
TU1,Tmax,2,1461,1286,173,2,0
TW,Tmax,2,1461,1065,394,1,1
TWN,Tmax,2,1461,1301,158,2,0
TY1,Tmax,2,1461,1000,459,0,2
WGL,Tmax,2,1461,1392,67,2,0
WLP,Tmax,2,1461,1302,157,2,0
WTS,Tmax,2,1461,1299,160,2,0
YLP,Tmax,2,1461,1236,223,2,0
CCH,Tmax,3,1461,1313,145,3,0
CWB,Tmax,3,1461,1260,198,3,0
HKP,Tmax,3,1461,1284,174,2,1
HKS,Tmax,3,1461,1336,122,3,0
HPV,Tmax,3,1461,1234,224,3,0
JKB,Tmax,3,1461,1306,152,3,0
KLT,Tmax,3,1461,1300,158,3,0
KP,Tmax,3,1461,1245,213,2,1
KSC,Tmax,3,1461,1314,144,3,0
KTG,Tmax,3,1461,1250,208,2,1
LFS,Tmax,3,1461,1218,240,3,0
NGP,Tmax,3,1461,756,702,0,3
PEN,Tmax,3,1461,997,461,2,1
PLC,Tmax,3,1461,1332,126,3,0
SEK,Tmax,3,1461,1028,430,2,1
SHA,Tmax,3,1461,1337,121,3,0
SKG,Tmax,3,1461,1302,156,3,0
SKW,Tmax,3,1461,1381,77,3,0
SSH,Tmax,3,1461,1370,88,3,0
SSP,Tmax,3,1461,1350,108,3,0
STY,Tmax,3,1461,1253,205,3,0
TKL,Tmax,3,1461,1280,178,3,0
TU1,Tmax,3,1461,1285,173,3,0
TW,Tmax,3,1461,1064,394,2,1
TWN,Tmax,3,1461,1300,158,3,0
TY1,Tmax,3,1461,1000,458,0,3
WGL,Tmax,3,1461,1391,67,3,0
WLP,Tmax,3,1461,1301,157,3,0
WTS,Tmax,3,1461,1298,160,3,0
YLP,Tmax,3,1461,1235,223,3,0
CCH,Tmax,4,1461,1312,145,4,0
CWB,Tmax,4,1461,1259,198,4,0
HKP,Tmax,4,1461,1283,174,3,1
HKS,Tmax,4,1461,1335,122,4,0
HPV,Tmax,4,1461,1233,224,4,0
JKB,Tmax,4,1461,1305,152,4,0
KLT,Tmax,4,1461,1299,158,4,0
KP,Tmax,4,1461,1245,212,2,2
KSC,Tmax,4,1461,1313,144,4,0
KTG,Tmax,4,1461,1250,207,2,2
LFS,Tmax,4,1461,1217,240,4,0
NGP,Tmax,4,1461,756,701,0,4
PEN,Tmax,4,1461,997,460,2,2
PLC,Tmax,4,1461,1331,126,4,0
SEK,Tmax,4,1461,1027,430,3,1
SHA,Tmax,4,1461,1336,121,4,0
SKG,Tmax,4,1461,1301,156,4,0
SKW,Tmax,4,1461,1380,77,4,0
SSH,Tmax,4,1461,1369,88,4,0
SSP,Tmax,4,1461,1349,108,4,0
STY,Tmax,4,1461,1252,205,4,0
TKL,Tmax,4,1461,1279,178,4,0
TU1,Tmax,4,1461,1284,173,4,0
TW,Tmax,4,1461,1063,394,3,1
TWN,Tmax,4,1461,1299,158,4,0
TY1,Tmax,4,1461,1000,457,0,4
WGL,Tmax,4,1461,1390,67,4,0
WLP,Tmax,4,1461,1300,157,4,0
WTS,Tmax,4,1461,1297,160,4,0
YLP,Tmax,4,1461,1234,223,4,0
CCH,Tmax,5,1461,1311,145,5,0
CWB,Tmax,5,1461,1258,198,5,0
HKP,Tmax,5,1461,1282,174,4,1
HKS,Tmax,5,1461,1334,122,5,0
HPV,Tmax,5,1461,1232,224,5,0
JKB,Tmax,5,1461,1304,152,5,0
KLT,Tmax,5,1461,1298,158,5,0
KP,Tmax,5,1461,1245,211,2,3
KSC,Tmax,5,1461,1312,144,5,0
KTG,Tmax,5,1461,1250,206,2,3
LFS,Tmax,5,1461,1217,239,4,1
NGP,Tmax,5,1461,756,700,0,5
PEN,Tmax,5,1461,997,459,2,3
PLC,Tmax,5,1461,1330,126,5,0
SEK,Tmax,5,1461,1026,430,4,1
SHA,Tmax,5,1461,1335,121,5,0
SKG,Tmax,5,1461,1300,156,5,0
SKW,Tmax,5,1461,1379,77,5,0
SSH,Tmax,5,1461,1368,88,5,0
SSP,Tmax,5,1461,1348,108,5,0
STY,Tmax,5,1461,1251,205,5,0
TKL,Tmax,5,1461,1279,177,4,1
TU1,Tmax,5,1461,1284,172,4,1
TW,Tmax,5,1461,1062,394,4,1
TWN,Tmax,5,1461,1298,158,5,0
TY1,Tmax,5,1461,1000,456,0,5
WGL,Tmax,5,1461,1389,67,5,0
WLP,Tmax,5,1461,1299,157,5,0
WTS,Tmax,5,1461,1296,160,5,0
YLP,Tmax,5,1461,1234,222,4,1
CCH,Tmax,6,1461,1310,145,6,0
CWB,Tmax,6,1461,1257,198,6,0
HKP,Tmax,6,1461,1281,174,5,1
HKS,Tmax,6,1461,1333,122,6,0
HPV,Tmax,6,1461,1231,224,6,0
JKB,Tmax,6,1461,1303,152,6,0
KLT,Tmax,6,1461,1297,158,6,0
KP,Tmax,6,1461,1245,210,2,4
KSC,Tmax,6,1461,1312,143,5,1
KTG,Tmax,6,1461,1250,205,2,4
LFS,Tmax,6,1461,1216,239,5,1
NGP,Tmax,6,1461,756,699,0,6
PEN,Tmax,6,1461,997,458,2,4
PLC,Tmax,6,1461,1329,126,6,0
SEK,Tmax,6,1461,1025,430,5,1
SHA,Tmax,6,1461,1334,121,6,0
SKG,Tmax,6,1461,1299,156,6,0
SKW,Tmax,6,1461,1378,77,6,0
SSH,Tmax,6,1461,1367,88,6,0
SSP,Tmax,6,1461,1347,108,6,0
STY,Tmax,6,1461,1250,205,6,0
TKL,Tmax,6,1461,1278,177,5,1
TU1,Tmax,6,1461,1283,172,5,1
TW,Tmax,6,1461,1061,394,5,1
TWN,Tmax,6,1461,1297,158,6,0
TY1,Tmax,6,1461,1000,455,0,6
WGL,Tmax,6,1461,1388,67,6,0
WLP,Tmax,6,1461,1298,157,6,0
WTS,Tmax,6,1461,1295,160,6,0
YLP,Tmax,6,1461,1234,221,4,2
CCH,Tmax,7,1461,1309,145,7,0
CWB,Tmax,7,1461,1256,198,7,0
HKP,Tmax,7,1461,1280,174,6,1
HKS,Tmax,7,1461,1332,122,7,0
HPV,Tmax,7,1461,1230,224,7,0
JKB,Tmax,7,1461,1302,152,7,0
KLT,Tmax,7,1461,1296,158,7,0
KP,Tmax,7,1461,1244,210,3,4
KSC,Tmax,7,1461,1311,143,6,1
KTG,Tmax,7,1461,1249,205,3,4
LFS,Tmax,7,1461,1215,239,6,1
NGP,Tmax,7,1461,756,698,0,7
PEN,Tmax,7,1461,997,457,2,5
PLC,Tmax,7,1461,1328,126,7,0
SEK,Tmax,7,1461,1024,430,6,1
SHA,Tmax,7,1461,1333,121,7,0
SKG,Tmax,7,1461,1298,156,7,0
SKW,Tmax,7,1461,1377,77,7,0
SSH,Tmax,7,1461,1366,88,7,0
SSP,Tmax,7,1461,1346,108,7,0
STY,Tmax,7,1461,1249,205,7,0
TKL,Tmax,7,1461,1277,177,6,1
TU1,Tmax,7,1461,1282,172,6,1
TW,Tmax,7,1461,1060,394,6,1
TWN,Tmax,7,1461,1296,158,7,0
TY1,Tmax,7,1461,1000,454,0,7
WGL,Tmax,7,1461,1387,67,7,0
WLP,Tmax,7,1461,1297,157,7,0
WTS,Tmax,7,1461,1294,160,7,0
YLP,Tmax,7,1461,1233,221,5,2
CCH,Tmax,8,1461,1308,145,8,0
CWB,Tmax,8,1461,1255,198,8,0
HKP,Tmax,8,1461,1279,174,7,1
HKS,Tmax,8,1461,1331,122,8,0
HPV,Tmax,8,1461,1229,224,8,0
JKB,Tmax,8,1461,1301,152,8,0
KLT,Tmax,8,1461,1295,158,8,0
KP,Tmax,8,1461,1244,209,3,5
KSC,Tmax,8,1461,1310,143,7,1
KTG,Tmax,8,1461,1249,204,3,5
LFS,Tmax,8,1461,1214,239,7,1
NGP,Tmax,8,1461,756,697,0,8
PEN,Tmax,8,1461,997,456,2,6
PLC,Tmax,8,1461,1327,126,8,0
SEK,Tmax,8,1461,1023,430,7,1
SHA,Tmax,8,1461,1332,121,8,0
SKG,Tmax,8,1461,1297,156,8,0
SKW,Tmax,8,1461,1376,77,8,0
SSH,Tmax,8,1461,1365,88,8,0
SSP,Tmax,8,1461,1345,108,8,0
STY,Tmax,8,1461,1248,205,8,0
TKL,Tmax,8,1461,1276,177,7,1
TU1,Tmax,8,1461,1281,172,7,1
TW,Tmax,8,1461,1059,394,7,1
TWN,Tmax,8,1461,1295,158,8,0
TY1,Tmax,8,1461,1000,453,0,8
WGL,Tmax,8,1461,1386,67,8,0
WLP,Tmax,8,1461,1296,157,8,0
WTS,Tmax,8,1461,1293,160,8,0
YLP,Tmax,8,1461,1232,221,6,2
CCH,Tmax,9,1461,1306,145,10,0
CWB,Tmax,9,1461,1253,198,10,0
HKP,Tmax,9,1461,1277,174,9,1
HKS,Tmax,9,1461,1329,122,10,0
HPV,Tmax,9,1461,1227,224,10,0
JKB,Tmax,9,1461,1299,152,10,0
KLT,Tmax,9,1461,1293,158,10,0
KP,Tmax,9,1461,1244,207,3,7
KSC,Tmax,9,1461,1308,143,9,1
KTG,Tmax,9,1461,1248,203,4,6
LFS,Tmax,9,1461,1212,239,9,1
NGP,Tmax,9,1461,755,696,1,9
PEN,Tmax,9,1461,996,455,3,7
PLC,Tmax,9,1461,1325,126,10,0
SEK,Tmax,9,1461,1022,429,8,2
SHA,Tmax,9,1461,1330,121,10,0
SKG,Tmax,9,1461,1295,156,10,0
SKW,Tmax,9,1461,1374,77,10,0
SSH,Tmax,9,1461,1363,88,10,0
SSP,Tmax,9,1461,1343,108,10,0
STY,Tmax,9,1461,1246,205,10,0
TKL,Tmax,9,1461,1274,177,9,1
TU1,Tmax,9,1461,1279,172,9,1
TW,Tmax,9,1461,1057,394,9,1
TWN,Tmax,9,1461,1293,158,10,0
TY1,Tmax,9,1461,999,452,1,9
WGL,Tmax,9,1461,1384,67,10,0
WLP,Tmax,9,1461,1294,157,10,0
WTS,Tmax,9,1461,1291,160,10,0
YLP,Tmax,9,1461,1230,221,8,2
CCH,Tmin,1,1461,1315,145,1,0
CWB,Tmin,1,1461,1262,198,1,0
HKP,Tmin,1,1461,1286,174,0,1
HKS,Tmin,1,1461,1338,122,1,0
HPV,Tmin,1,1461,1236,224,1,0
JKB,Tmin,1,1461,1308,152,1,0
KLT,Tmin,1,1461,1302,158,1,0
KP,Tmin,1,1461,1246,214,1,0
KSC,Tmin,1,1461,1316,144,1,0
KTG,Tmin,1,1461,1251,209,1,0
LFS,Tmin,1,1461,1220,240,1,0
NGP,Tmin,1,1461,757,703,0,1
PEN,Tmin,1,1461,999,461,0,1
PLC,Tmin,1,1461,1334,126,1,0
SEK,Tmin,1,1461,1030,430,0,1
SHA,Tmin,1,1461,1339,121,1,0
SKG,Tmin,1,1461,1304,156,1,0
SKW,Tmin,1,1461,1383,77,1,0
SSH,Tmin,1,1461,1372,88,1,0
SSP,Tmin,1,1461,1352,108,1,0
STY,Tmin,1,1461,1255,205,1,0
TKL,Tmin,1,1461,1282,178,1,0
TU1,Tmin,1,1461,1287,173,1,0
TW,Tmin,1,1461,1065,395,1,0
TWN,Tmin,1,1461,1302,158,1,0
TY1,Tmin,1,1461,1000,460,0,1
WGL,Tmin,1,1461,1393,67,1,0
WLP,Tmin,1,1461,1303,157,1,0
WTS,Tmin,1,1461,1300,160,1,0
YLP,Tmin,1,1461,1237,223,1,0
CCH,Tmin,2,1461,1314,145,2,0
CWB,Tmin,2,1461,1261,198,2,0
HKP,Tmin,2,1461,1285,174,1,1
HKS,Tmin,2,1461,1337,122,2,0
HPV,Tmin,2,1461,1235,224,2,0
JKB,Tmin,2,1461,1307,152,2,0
KLT,Tmin,2,1461,1301,158,2,0
KP,Tmin,2,1461,1245,214,2,0
KSC,Tmin,2,1461,1315,144,2,0
KTG,Tmin,2,1461,1250,209,2,0
LFS,Tmin,2,1461,1219,240,2,0
NGP,Tmin,2,1461,757,702,0,2
PEN,Tmin,2,1461,998,461,1,1
PLC,Tmin,2,1461,1333,126,2,0
SEK,Tmin,2,1461,1029,430,1,1
SHA,Tmin,2,1461,1338,121,2,0
SKG,Tmin,2,1461,1303,156,2,0
SKW,Tmin,2,1461,1382,77,2,0
SSH,Tmin,2,1461,1371,88,2,0
SSP,Tmin,2,1461,1351,108,2,0
STY,Tmin,2,1461,1254,205,2,0
TKL,Tmin,2,1461,1281,178,2,0
TU1,Tmin,2,1461,1286,173,2,0
TW,Tmin,2,1461,1065,394,1,1
TWN,Tmin,2,1461,1301,158,2,0
TY1,Tmin,2,1461,1000,459,0,2
WGL,Tmin,2,1461,1392,67,2,0
WLP,Tmin,2,1461,1302,157,2,0
WTS,Tmin,2,1461,1299,160,2,0
YLP,Tmin,2,1461,1236,223,2,0
CCH,Tmin,3,1461,1313,145,3,0
CWB,Tmin,3,1461,1260,198,3,0
HKP,Tmin,3,1461,1284,174,2,1
HKS,Tmin,3,1461,1336,122,3,0
HPV,Tmin,3,1461,1234,224,3,0
JKB,Tmin,3,1461,1306,152,3,0
KLT,Tmin,3,1461,1300,158,3,0
KP,Tmin,3,1461,1245,213,2,1
KSC,Tmin,3,1461,1314,144,3,0
KTG,Tmin,3,1461,1250,208,2,1
LFS,Tmin,3,1461,1218,240,3,0
NGP,Tmin,3,1461,757,701,0,3
PEN,Tmin,3,1461,997,461,2,1
PLC,Tmin,3,1461,1332,126,3,0
SEK,Tmin,3,1461,1028,430,2,1
SHA,Tmin,3,1461,1337,121,3,0
SKG,Tmin,3,1461,1302,156,3,0
SKW,Tmin,3,1461,1381,77,3,0
SSH,Tmin,3,1461,1370,88,3,0
SSP,Tmin,3,1461,1350,108,3,0
STY,Tmin,3,1461,1253,205,3,0
TKL,Tmin,3,1461,1280,178,3,0
TU1,Tmin,3,1461,1285,173,3,0
TW,Tmin,3,1461,1064,394,2,1
TWN,Tmin,3,1461,1300,158,3,0
TY1,Tmin,3,1461,1000,458,0,3
WGL,Tmin,3,1461,1391,67,3,0
WLP,Tmin,3,1461,1301,157,3,0
WTS,Tmin,3,1461,1298,160,3,0
YLP,Tmin,3,1461,1235,223,3,0
CCH,Tmin,4,1461,1312,145,4,0
CWB,Tmin,4,1461,1259,198,4,0
HKP,Tmin,4,1461,1283,174,3,1
HKS,Tmin,4,1461,1335,122,4,0
HPV,Tmin,4,1461,1233,224,4,0
JKB,Tmin,4,1461,1305,152,4,0
KLT,Tmin,4,1461,1299,158,4,0
KP,Tmin,4,1461,1245,212,2,2
KSC,Tmin,4,1461,1313,144,4,0
KTG,Tmin,4,1461,1250,207,2,2
LFS,Tmin,4,1461,1217,240,4,0
NGP,Tmin,4,1461,757,700,0,4
PEN,Tmin,4,1461,997,460,2,2
PLC,Tmin,4,1461,1331,126,4,0
SEK,Tmin,4,1461,1027,430,3,1
SHA,Tmin,4,1461,1336,121,4,0
SKG,Tmin,4,1461,1301,156,4,0
SKW,Tmin,4,1461,1380,77,4,0
SSH,Tmin,4,1461,1369,88,4,0
SSP,Tmin,4,1461,1349,108,4,0
STY,Tmin,4,1461,1252,205,4,0
TKL,Tmin,4,1461,1279,178,4,0
TU1,Tmin,4,1461,1284,173,4,0
TW,Tmin,4,1461,1063,394,3,1
TWN,Tmin,4,1461,1299,158,4,0
TY1,Tmin,4,1461,1000,457,0,4
WGL,Tmin,4,1461,1390,67,4,0
WLP,Tmin,4,1461,1300,157,4,0
WTS,Tmin,4,1461,1297,160,4,0
YLP,Tmin,4,1461,1234,223,4,0
CCH,Tmin,5,1461,1311,145,5,0
CWB,Tmin,5,1461,1258,198,5,0
HKP,Tmin,5,1461,1282,174,4,1
HKS,Tmin,5,1461,1334,122,5,0
HPV,Tmin,5,1461,1232,224,5,0
JKB,Tmin,5,1461,1304,152,5,0
KLT,Tmin,5,1461,1298,158,5,0
KP,Tmin,5,1461,1245,211,2,3
KSC,Tmin,5,1461,1312,144,5,0
KTG,Tmin,5,1461,1250,206,2,3
LFS,Tmin,5,1461,1217,239,4,1
NGP,Tmin,5,1461,757,699,0,5
PEN,Tmin,5,1461,997,459,2,3
PLC,Tmin,5,1461,1330,126,5,0
SEK,Tmin,5,1461,1026,430,4,1
SHA,Tmin,5,1461,1335,121,5,0
SKG,Tmin,5,1461,1300,156,5,0
SKW,Tmin,5,1461,1379,77,5,0
SSH,Tmin,5,1461,1368,88,5,0
SSP,Tmin,5,1461,1348,108,5,0
STY,Tmin,5,1461,1251,205,5,0
TKL,Tmin,5,1461,1279,177,4,1
TU1,Tmin,5,1461,1284,172,4,1
TW,Tmin,5,1461,1062,394,4,1
TWN,Tmin,5,1461,1298,158,5,0
TY1,Tmin,5,1461,1000,456,0,5
WGL,Tmin,5,1461,1389,67,5,0
WLP,Tmin,5,1461,1299,157,5,0
WTS,Tmin,5,1461,1296,160,5,0
YLP,Tmin,5,1461,1234,222,4,1
CCH,Tmin,6,1461,1310,145,6,0
CWB,Tmin,6,1461,1257,198,6,0
HKP,Tmin,6,1461,1281,174,5,1
HKS,Tmin,6,1461,1333,122,6,0
HPV,Tmin,6,1461,1231,224,6,0
JKB,Tmin,6,1461,1303,152,6,0
KLT,Tmin,6,1461,1297,158,6,0
KP,Tmin,6,1461,1245,210,2,4
KSC,Tmin,6,1461,1312,143,5,1
KTG,Tmin,6,1461,1250,205,2,4
LFS,Tmin,6,1461,1216,239,5,1
NGP,Tmin,6,1461,757,698,0,6
PEN,Tmin,6,1461,997,458,2,4
PLC,Tmin,6,1461,1329,126,6,0
SEK,Tmin,6,1461,1025,430,5,1
SHA,Tmin,6,1461,1334,121,6,0
SKG,Tmin,6,1461,1299,156,6,0
SKW,Tmin,6,1461,1378,77,6,0
SSH,Tmin,6,1461,1367,88,6,0
SSP,Tmin,6,1461,1347,108,6,0
STY,Tmin,6,1461,1250,205,6,0
TKL,Tmin,6,1461,1278,177,5,1
TU1,Tmin,6,1461,1283,172,5,1
TW,Tmin,6,1461,1061,394,5,1
TWN,Tmin,6,1461,1297,158,6,0
TY1,Tmin,6,1461,1000,455,0,6
WGL,Tmin,6,1461,1388,67,6,0
WLP,Tmin,6,1461,1298,157,6,0
WTS,Tmin,6,1461,1295,160,6,0
YLP,Tmin,6,1461,1234,221,4,2
CCH,Tmin,7,1461,1309,145,7,0
CWB,Tmin,7,1461,1256,198,7,0
HKP,Tmin,7,1461,1280,174,6,1
HKS,Tmin,7,1461,1332,122,7,0
HPV,Tmin,7,1461,1230,224,7,0
JKB,Tmin,7,1461,1302,152,7,0
KLT,Tmin,7,1461,1296,158,7,0
KP,Tmin,7,1461,1244,210,3,4
KSC,Tmin,7,1461,1311,143,6,1
KTG,Tmin,7,1461,1249,205,3,4
LFS,Tmin,7,1461,1215,239,6,1
NGP,Tmin,7,1461,757,697,0,7
PEN,Tmin,7,1461,997,457,2,5
PLC,Tmin,7,1461,1328,126,7,0
SEK,Tmin,7,1461,1024,430,6,1
SHA,Tmin,7,1461,1333,121,7,0
SKG,Tmin,7,1461,1298,156,7,0
SKW,Tmin,7,1461,1377,77,7,0
SSH,Tmin,7,1461,1366,88,7,0
SSP,Tmin,7,1461,1346,108,7,0
STY,Tmin,7,1461,1249,205,7,0
TKL,Tmin,7,1461,1277,177,6,1
TU1,Tmin,7,1461,1282,172,6,1
TW,Tmin,7,1461,1060,394,6,1
TWN,Tmin,7,1461,1296,158,7,0
TY1,Tmin,7,1461,1000,454,0,7
WGL,Tmin,7,1461,1387,67,7,0
WLP,Tmin,7,1461,1297,157,7,0
WTS,Tmin,7,1461,1294,160,7,0
YLP,Tmin,7,1461,1233,221,5,2
CCH,Tmin,8,1461,1308,145,8,0
CWB,Tmin,8,1461,1255,198,8,0
HKP,Tmin,8,1461,1279,174,7,1
HKS,Tmin,8,1461,1331,122,8,0
HPV,Tmin,8,1461,1229,224,8,0
JKB,Tmin,8,1461,1301,152,8,0
KLT,Tmin,8,1461,1295,158,8,0
KP,Tmin,8,1461,1244,209,3,5
KSC,Tmin,8,1461,1310,143,7,1
KTG,Tmin,8,1461,1249,204,3,5
LFS,Tmin,8,1461,1214,239,7,1
NGP,Tmin,8,1461,757,696,0,8
PEN,Tmin,8,1461,997,456,2,6
PLC,Tmin,8,1461,1327,126,8,0
SEK,Tmin,8,1461,1023,430,7,1
SHA,Tmin,8,1461,1332,121,8,0
SKG,Tmin,8,1461,1297,156,8,0
SKW,Tmin,8,1461,1376,77,8,0
SSH,Tmin,8,1461,1365,88,8,0
SSP,Tmin,8,1461,1345,108,8,0
STY,Tmin,8,1461,1248,205,8,0
TKL,Tmin,8,1461,1276,177,7,1
TU1,Tmin,8,1461,1281,172,7,1
TW,Tmin,8,1461,1059,394,7,1
TWN,Tmin,8,1461,1295,158,8,0
TY1,Tmin,8,1461,1000,453,0,8
WGL,Tmin,8,1461,1386,67,8,0
WLP,Tmin,8,1461,1296,157,8,0
WTS,Tmin,8,1461,1293,160,8,0
YLP,Tmin,8,1461,1232,221,6,2
CCH,Tmin,9,1461,1306,145,10,0
CWB,Tmin,9,1461,1253,198,10,0
HKP,Tmin,9,1461,1277,174,9,1
HKS,Tmin,9,1461,1329,122,10,0
HPV,Tmin,9,1461,1227,224,10,0
JKB,Tmin,9,1461,1299,152,10,0
KLT,Tmin,9,1461,1293,158,10,0
KP,Tmin,9,1461,1244,207,3,7
KSC,Tmin,9,1461,1308,143,9,1
KTG,Tmin,9,1461,1248,203,4,6
LFS,Tmin,9,1461,1212,239,9,1
NGP,Tmin,9,1461,756,695,1,9
PEN,Tmin,9,1461,996,455,3,7
PLC,Tmin,9,1461,1325,126,10,0
SEK,Tmin,9,1461,1022,429,8,2
SHA,Tmin,9,1461,1330,121,10,0
SKG,Tmin,9,1461,1295,156,10,0
SKW,Tmin,9,1461,1374,77,10,0
SSH,Tmin,9,1461,1363,88,10,0
SSP,Tmin,9,1461,1343,108,10,0
STY,Tmin,9,1461,1246,205,10,0
TKL,Tmin,9,1461,1274,177,9,1
TU1,Tmin,9,1461,1279,172,9,1
TW,Tmin,9,1461,1057,394,9,1
TWN,Tmin,9,1461,1293,158,10,0
TY1,Tmin,9,1461,999,452,1,9
WGL,Tmin,9,1461,1384,67,10,0
WLP,Tmin,9,1461,1294,157,10,0
WTS,Tmin,9,1461,1291,160,10,0
YLP,Tmin,9,1461,1230,221,8,2
