station_code,variable,n_dates,station_minus_HKO_mean,station_minus_HKO_median,station_minus_HKO_sd,p10,p90
CCH,Tmax,1316,-0.17978723404255326,-0.3000000000000007,1.3045000616979618,-1.8000000000000007,1.5999999999999979
CWB,Tmax,1263,-1.4495645288994459,-1.4000000000000021,1.0207270568747593,-2.6999999999999993,-0.29999999999999716
HKP,Tmax,1286,-0.7181959564541213,-0.6999999999999993,0.8372338253455263,-1.7000000000000028,0.20000000000000195
HKS,Tmax,1339,0.08663181478715455,0.10000000000000142,1.0997182372810717,-1.3000000000000007,1.5
HPV,Tmax,1237,0.9248181083265966,0.8000000000000007,0.8790753840283035,-0.10000000000000142,2.1999999999999957
JKB,Tmax,1309,0.08693659281894581,0.0,1.0369867160867443,-1.1199999999999992,1.5
KLT,Tmax,1303,0.5262471220260937,0.40000000000000213,1.0837801329936891,-0.8000000000000007,2.0
KP,Tmax,1247,-0.2993584603047314,-0.3000000000000007,0.6744949283139369,-1.1999999999999957,0.6000000000000014
KSC,Tmax,1317,-0.2352315869400152,-0.3000000000000007,1.0982250304939012,-1.6000000000000014,1.1999999999999993
KTG,Tmax,1252,-0.2937699680511183,-0.40000000000000213,1.0236029084900178,-1.5,1.1999999999999993
LFS,Tmax,1221,0.9522522522522521,0.7999999999999972,1.7532981347823875,-1.1999999999999957,3.3000000000000007
NGP,Tmax,756,-3.8398148148148143,-4.099999999999999,1.871554785907803,-6.099999999999999,-1.2500000000000018
PEN,Tmax,999,0.07397397397397394,0.0,0.9783443353955316,-1.1000000000000014,1.3999999999999986
PLC,Tmax,1335,-0.07602996254681647,-0.29999999999999716,1.2925089668495264,-1.6000000000000008,1.760000000000013
SEK,Tmax,1030,1.0325242718446601,1.0499999999999972,1.2673673718736014,-0.5,2.599999999999998
SHA,Tmax,1340,0.17686567164179098,0.10000000000000142,0.8466085025266005,-0.8999999999999986,1.2999999999999972
SKG,Tmax,1305,-0.7330268199233717,-0.7999999999999989,1.092376870425622,-2.099999999999998,0.7999999999999972
SKW,Tmax,1384,-1.0493497109826588,-1.0,1.1031865416721678,-2.5,0.3999999999999986
SSH,Tmax,1373,1.6142753095411508,1.7999999999999972,1.5447834261702846,-0.5,3.5
SSP,Tmax,1353,0.6711012564671102,0.5999999999999979,0.999141665331932,-0.6000000000000014,2.099999999999998
STY,Tmax,1256,-0.5049363057324839,-0.5,0.9907658894676564,-1.6999999999999993,0.7000000000000028
TKL,Tmax,1283,0.815900233826968,0.8999999999999986,1.2725334451927426,-0.8999999999999986,2.3999999999999986
TU1,Tmax,1288,0.12492236024844709,0.09999999999999432,1.085558944694213,-1.1999999999999993,1.5999999999999979
TW,Tmax,1066,0.4484990619136961,0.20000000000000284,1.2212448811043315,-1.0,2.1999999999999993
TWN,Tmax,1303,-1.0689946277820412,-1.3000000000000007,1.385886558753839,-2.6000000000000014,1.0
TY1,Tmax,1000,0.18049999999999997,0.1999999999999993,1.0654036018499442,-1.2999999999999972,1.5999999999999979
WGL,Tmax,1394,-0.7766140602582495,-0.8500000000000014,1.3319093426473025,-2.3999999999999986,0.9000000000000046
WLP,Tmax,1304,1.48159509202454,1.3999999999999986,1.6243679406485294,-0.5999999999999979,3.6999999999999993
WTS,Tmax,1301,0.6309761721752499,0.5,0.948594774577045,-0.5,1.8999999999999986
YLP,Tmax,1238,1.5248788368336028,1.5999999999999979,1.4514213288178566,-0.20000000000000034,3.3000000000000007
CCH,Tmin,1316,-1.4300911854103344,-1.4000000000000021,0.6411066887466578,-2.200000000000003,-0.6000000000000014
CWB,Tmin,1263,-1.2675376088677752,-1.299999999999999,0.595498859953307,-2.0,-0.5999999999999979
HKP,Tmin,1286,-0.6467340590979782,-0.5999999999999979,0.5009883484965968,-1.3000000000000007,-0.09999999999999787
HKS,Tmin,1339,-0.7271097834204631,-0.5,1.0595800825406116,-2.1999999999999993,0.3000000000000007
HPV,Tmin,1237,-0.3046079223928861,-0.09999999999999787,0.8844868215947175,-1.5,0.5
JKB,Tmin,1309,-1.4508785332314742,-1.3000000000000007,0.9389676034406069,-2.6999999999999993,-0.3999999999999986
KLT,Tmin,1303,-1.1224865694551036,-1.1000000000000014,0.436181538464091,-1.6999999999999993,-0.6000000000000014
KP,Tmin,1247,-0.7797113071371291,-0.7999999999999972,0.29695714202202433,-1.1999999999999993,-0.40000000000000213
KSC,Tmin,1317,-1.968109339407745,-1.8999999999999986,0.947393076569198,-3.299999999999999,-0.8000000000000007
KTG,Tmin,1252,-1.065335463258786,-1.0999999999999996,0.4630862642897174,-1.5999999999999996,-0.5
LFS,Tmin,1221,-1.6444717444717445,-1.5999999999999979,0.9138977882885349,-2.8000000000000007,-0.5
NGP,Tmin,757,-4.8309114927344785,-4.899999999999999,1.1431280017563599,-6.300000000000001,-3.3999999999999986
PEN,Tmin,999,-0.7677677677677678,-0.7999999999999972,0.6374282325292572,-1.5999999999999979,0.09999999999999787
PLC,Tmin,1335,-1.3960299625468164,-1.3999999999999986,0.6575070808139357,-2.1999999999999993,-0.6999999999999993
SEK,Tmin,1030,-1.844368932038835,-1.6999999999999993,1.4983120855614105,-4.0,-0.10000000000000142
SHA,Tmin,1340,-1.1167164179104476,-0.9000000000000004,1.22475875975468,-2.6999999999999993,0.1999999999999993
SKG,Tmin,1305,-0.8921072796934866,-0.8000000000000007,0.7975560373127525,-1.9000000000000021,0.0
SKW,Tmin,1384,-0.940751445086705,-0.9000000000000021,0.504700693428586,-1.5,-0.3000000000000007
SSH,Tmin,1373,-1.5230881281864532,-1.3999999999999986,1.3138969329407186,-3.1999999999999993,-0.09999999999999787
SSP,Tmin,1353,-0.6723577235772358,-0.6999999999999993,0.5914117717576413,-1.4000000000000004,0.0
STY,Tmin,1256,-0.6806528662420382,-0.6000000000000014,0.6393098025411813,-1.5,0.0
TKL,Tmin,1283,-2.4984411535463757,-2.0999999999999996,1.9046860847296563,-5.199999999999999,-0.5999999999999979
TU1,Tmin,1288,-0.9032608695652175,-0.9000000000000021,0.8103479469598575,-1.9000000000000021,0.10000000000000142
TW,Tmin,1066,-1.827392120075047,-1.5999999999999979,1.2445185543064297,-3.6999999999999993,-0.5
TWN,Tmin,1303,-2.396623177283193,-2.3999999999999986,0.94366883054164,-3.6999999999999993,-1.1999999999999993
TY1,Tmin,1000,-0.8922,-0.8000000000000007,0.8170230637421974,-1.9000000000000021,0.09999999999999787
WGL,Tmin,1394,-0.8550215208034432,-0.8000000000000007,0.6793169626832637,-1.6999999999999993,-0.09999999999999787
WLP,Tmin,1304,-1.4832055214723925,-1.3999999999999986,1.2845209280196745,-3.0,0.0
WTS,Tmin,1301,-0.7312836279784781,-0.6999999999999993,0.6336079571307822,-1.5,0.0
YLP,Tmin,1238,-1.5633279483037155,-1.3999999999999986,1.3701621996675164,-3.5999999999999996,-0.09999999999999787
