proxy,lead_group,alarm_rule,n_forecasts,tp,fp,fn,tn,hit_rate,false_alarm_ratio,false_positive_rate
area_weighted_22,all,Medium_or_higher,11249,943,880,452,8974,0.6759856630824372,0.4827207899067471,0.08930383600568297
area_weighted_22,all,Medium High_or_higher,11249,597,326,798,9528,0.42795698924731185,0.3531960996749729,0.03308301197483256
area_weighted_22,all,High_or_higher,11249,348,126,1047,9728,0.24946236559139784,0.26582278481012656,0.012786685609904607
hko_point,all,Medium_or_higher,13103,1056,1284,645,10118,0.6208112874779541,0.5487179487179488,0.11261182248728294
hko_point,all,Medium High_or_higher,13103,688,525,1013,10877,0.4044679600235156,0.43281121187139326,0.04604455358708998
hko_point,all,High_or_higher,13103,423,202,1278,11200,0.24867724867724866,0.3232,0.017716190142080337
station_mean_22,all,Medium_or_higher,11249,926,897,460,8966,0.6681096681096681,0.492046077893582,0.09094595964716617
station_mean_22,all,Medium High_or_higher,11249,586,337,800,9526,0.4227994227994228,0.36511375947995667,0.03416810301125418
station_mean_22,all,High_or_higher,11249,345,129,1041,9734,0.24891774891774893,0.2721518987341772,0.013079184832201156
area_weighted_22,1-3,Medium_or_higher,3759,399,349,66,2945,0.8580645161290322,0.46657754010695185,0.10595021250758956
area_weighted_22,1-3,Medium High_or_higher,3759,320,153,145,3141,0.6881720430107527,0.32346723044397463,0.04644808743169399
area_weighted_22,1-3,High_or_higher,3759,223,66,242,3228,0.47956989247311826,0.22837370242214533,0.020036429872495445
area_weighted_22,4-6,Medium_or_higher,3750,319,326,146,2959,0.6860215053763441,0.5054263565891473,0.09923896499238966
area_weighted_22,4-6,Medium High_or_higher,3750,207,116,258,3169,0.44516129032258067,0.3591331269349845,0.035312024353120246
area_weighted_22,4-6,High_or_higher,3750,106,48,359,3237,0.22795698924731184,0.3116883116883117,0.014611872146118721
area_weighted_22,7-9,Medium_or_higher,3740,225,205,240,3070,0.4838709677419355,0.47674418604651164,0.06259541984732825
area_weighted_22,7-9,Medium High_or_higher,3740,70,57,395,3218,0.15053763440860216,0.44881889763779526,0.017404580152671757
area_weighted_22,7-9,High_or_higher,3740,19,12,446,3263,0.04086021505376344,0.3870967741935484,0.00366412213740458
hko_point,1-3,Medium_or_higher,4377,440,518,127,3292,0.7760141093474426,0.5407098121085595,0.13595800524934384
hko_point,1-3,Medium High_or_higher,4377,367,254,200,3556,0.6472663139329806,0.40901771336553944,0.06666666666666667
hko_point,1-3,High_or_higher,4377,271,116,296,3694,0.47795414462081126,0.2997416020671835,0.030446194225721784
hko_point,4-6,Medium_or_higher,4368,358,453,209,3348,0.6313932980599647,0.5585696670776819,0.11917916337805841
hko_point,4-6,Medium High_or_higher,4368,235,185,332,3616,0.4144620811287478,0.44047619047619047,0.04867140226256248
hko_point,4-6,High_or_higher,4368,130,70,437,3731,0.2292768959435626,0.35,0.01841620626151013
hko_point,7-9,Medium_or_higher,4358,258,313,309,3478,0.455026455026455,0.5481611208406305,0.08256396729095225
hko_point,7-9,Medium High_or_higher,4358,86,86,481,3705,0.15167548500881833,0.5,0.022685307306779215
hko_point,7-9,High_or_higher,4358,22,16,545,3775,0.03880070546737213,0.42105263157894735,0.0042205222896333425
station_mean_22,1-3,Medium_or_higher,3759,392,356,70,2941,0.8484848484848485,0.47593582887700536,0.10797694874127996
station_mean_22,1-3,Medium High_or_higher,3759,318,155,144,3142,0.6883116883116883,0.3276955602536998,0.047012435547467396
station_mean_22,1-3,High_or_higher,3759,222,67,240,3230,0.4805194805194805,0.23183391003460208,0.02032150439793752
station_mean_22,4-6,Medium_or_higher,3750,314,331,148,2957,0.6796536796536796,0.5131782945736434,0.100669099756691
station_mean_22,4-6,Medium High_or_higher,3750,202,121,260,3167,0.43722943722943725,0.3746130030959752,0.03680048661800486
station_mean_22,4-6,High_or_higher,3750,104,50,358,3238,0.22510822510822512,0.3246753246753247,0.015206812652068127
station_mean_22,7-9,Medium_or_higher,3740,220,210,242,3068,0.47619047619047616,0.4883720930232558,0.06406345332519829
station_mean_22,7-9,Medium High_or_higher,3740,66,61,396,3217,0.14285714285714285,0.48031496062992124,0.018608907870652835
station_mean_22,7-9,High_or_higher,3740,19,12,443,3266,0.04112554112554113,0.3870967741935484,0.0036607687614399025
