proxy,lead_group,category,forecast_band_low,forecast_band_high,midpoint_p,n_forecasts,n_target_dates,n_events,event_rate,ci95_low,ci95_high,rate_within_band
area_weighted_22,all,High,0.7,1.0,0.85,474,131,348,0.7341772151898734,0.6457002779592412,0.8187583871769384,True
area_weighted_22,all,Low,0.0,0.3,0.15,7837,1061,196,0.025009569988516014,0.017969240337103353,0.03410893895507633,True
area_weighted_22,all,Medium,0.45,0.55,0.5,900,333,346,0.3844444444444444,0.3226127955355141,0.4467872528358024,False
area_weighted_22,all,Medium High,0.55,0.7,0.625,449,189,249,0.5545657015590201,0.47005555555555556,0.6365685831544862,True
area_weighted_22,all,Medium Low,0.3,0.45,0.375,1589,495,256,0.16110761485210826,0.1252994471744472,0.19264025558409892,False
hko_point,all,High,0.7,1.0,0.85,625,175,423,0.6768,0.6028455818698986,0.7515639751552795,False
hko_point,all,Low,0.0,0.3,0.15,8806,1214,297,0.03372700431523961,0.024850105974049887,0.043466141248754725,True
hko_point,all,Medium,0.45,0.55,0.5,1127,423,368,0.32653061224489793,0.2733854316516323,0.3800187428917673,False
hko_point,all,Medium High,0.55,0.7,0.625,588,246,265,0.45068027210884354,0.3799647967295026,0.5238318325626673,False
hko_point,all,Medium Low,0.3,0.45,0.375,1957,608,348,0.17782319877363312,0.14391620562495078,0.2166250873309697,False
station_mean_22,all,High,0.7,1.0,0.85,474,131,345,0.7278481012658228,0.6405971550407332,0.8123778827581392,True
station_mean_22,all,Low,0.0,0.3,0.15,7837,1061,198,0.02526476968227638,0.017713370162449317,0.03435292510676941,True
station_mean_22,all,Medium,0.45,0.55,0.5,900,333,340,0.37777777777777777,0.3119929465301479,0.44287715055322274,False
station_mean_22,all,Medium High,0.55,0.7,0.625,449,189,241,0.5367483296213809,0.4572976183240133,0.6183049193409248,False
station_mean_22,all,Medium Low,0.3,0.45,0.375,1589,495,262,0.16488357457520453,0.13063976850185918,0.1988833812226018,False
area_weighted_22,1-3,High,0.7,1.0,0.85,289,123,223,0.7716262975778547,0.6898703058459156,0.848618019304639,True
area_weighted_22,1-3,Low,0.0,0.3,0.15,2618,936,29,0.011077158135981665,0.005316876801614316,0.017685845811515652,True
area_weighted_22,1-3,Medium,0.45,0.55,0.5,275,165,79,0.2872727272727273,0.21399073565203736,0.36596302843387996,False
area_weighted_22,1-3,Medium High,0.55,0.7,0.625,184,110,97,0.5271739130434783,0.4152674951524767,0.6386207370737074,False
area_weighted_22,1-3,Medium Low,0.3,0.45,0.375,393,224,37,0.09414758269720101,0.057070031756643824,0.1364971586160789,False
area_weighted_22,4-6,High,0.7,1.0,0.85,154,74,106,0.6883116883116883,0.5685837392281753,0.7945293291183702,False
area_weighted_22,4-6,Low,0.0,0.3,0.15,2573,926,66,0.02565099106101827,0.016705030514692912,0.03574302812694325,True
area_weighted_22,4-6,Medium,0.45,0.55,0.5,322,184,112,0.34782608695652173,0.27727222129459567,0.42727775320654576,False
area_weighted_22,4-6,Medium High,0.55,0.7,0.625,169,106,101,0.5976331360946746,0.49404582616179005,0.6953651899215955,True
area_weighted_22,4-6,Medium Low,0.3,0.45,0.375,532,285,80,0.15037593984962405,0.108448470113852,0.19337613716611973,False
area_weighted_22,7-9,High,0.7,1.0,0.85,31,21,19,0.6129032258064516,0.36666666666666664,0.8158492822966507,False
area_weighted_22,7-9,Low,0.0,0.3,0.15,2646,974,101,0.038170823885109596,0.027764720561188182,0.05107798984696518,True
area_weighted_22,7-9,Medium,0.45,0.55,0.5,303,181,155,0.5115511551155115,0.42998883161512025,0.5911949685534591,True
area_weighted_22,7-9,Medium High,0.55,0.7,0.625,96,60,51,0.53125,0.38613861386138615,0.6597938144329897,False
area_weighted_22,7-9,Medium Low,0.3,0.45,0.375,664,365,139,0.20933734939759036,0.16795011060889675,0.2569353248228775,False
hko_point,1-3,High,0.7,1.0,0.85,387,165,271,0.7002583979328165,0.6276543596161869,0.7769375,True
hko_point,1-3,Low,0.0,0.3,0.15,2943,1056,63,0.021406727828746176,0.013848221233453072,0.030599808761370292,True
hko_point,1-3,Medium,0.45,0.55,0.5,337,207,73,0.2166172106824926,0.1562476539039039,0.28400987924372684,False
hko_point,1-3,Medium High,0.55,0.7,0.625,234,142,96,0.41025641025641024,0.3212396800825594,0.49361969197899047,False
hko_point,1-3,Medium Low,0.3,0.45,0.375,476,274,64,0.13445378151260504,0.09128609663925664,0.17960937834253196,False
hko_point,4-6,High,0.7,1.0,0.85,200,98,130,0.65,0.5480684673366835,0.7440758293838863,False
hko_point,4-6,Low,0.0,0.3,0.15,2893,1049,108,0.03733148980297269,0.026838448868567993,0.0487295689090271,True
hko_point,4-6,Medium,0.45,0.55,0.5,391,227,123,0.3145780051150895,0.25062984496124036,0.3831556661428322,False
hko_point,4-6,Medium High,0.55,0.7,0.625,220,137,105,0.4772727272727273,0.3825953650533224,0.5628038996648725,False
hko_point,4-6,Medium Low,0.3,0.45,0.375,664,348,101,0.15210843373493976,0.11424326539520673,0.19427923116799542,False
hko_point,7-9,High,0.7,1.0,0.85,38,27,22,0.5789473684210527,0.35118825722274,0.7619047619047619,False
hko_point,7-9,Low,0.0,0.3,0.15,2970,1103,126,0.04242424242424243,0.03204931972789116,0.05319250608332655,True
hko_point,7-9,Medium,0.45,0.55,0.5,399,238,172,0.43107769423558895,0.36600395444090483,0.498740711981465,False
hko_point,7-9,Medium High,0.55,0.7,0.625,134,80,64,0.47761194029850745,0.35856990109596365,0.6015037593984962,False
hko_point,7-9,Medium Low,0.3,0.45,0.375,817,446,183,0.22399020807833536,0.18226056061728932,0.26445718207182073,False
station_mean_22,1-3,High,0.7,1.0,0.85,289,123,222,0.7681660899653979,0.6866075100236455,0.8437711148648649,True
station_mean_22,1-3,Low,0.0,0.3,0.15,2618,936,32,0.012223071046600458,0.006125398586901461,0.019157455398067836,True
station_mean_22,1-3,Medium,0.45,0.55,0.5,275,165,74,0.2690909090909091,0.19854172219126304,0.3435374149659864,False
station_mean_22,1-3,Medium High,0.55,0.7,0.625,184,110,96,0.5217391304347826,0.42271428571428576,0.6298436061233885,False
station_mean_22,1-3,Medium Low,0.3,0.45,0.375,393,224,38,0.09669211195928754,0.05807351149687833,0.14323855351414405,False
station_mean_22,4-6,High,0.7,1.0,0.85,154,74,104,0.6753246753246753,0.554123102191243,0.7861761006289308,False
station_mean_22,4-6,Low,0.0,0.3,0.15,2573,926,68,0.026428293820443063,0.016171884958200818,0.03585451759845198,True
station_mean_22,4-6,Medium,0.45,0.55,0.5,322,184,112,0.34782608695652173,0.27671316124551454,0.4281454783748362,False
station_mean_22,4-6,Medium High,0.55,0.7,0.625,169,106,98,0.5798816568047337,0.4742977528089887,0.6755048759187832,True
station_mean_22,4-6,Medium Low,0.3,0.45,0.375,532,285,80,0.15037593984962405,0.11002737081504205,0.195861442076411,False
station_mean_22,7-9,High,0.7,1.0,0.85,31,21,19,0.6129032258064516,0.36666666666666664,0.8158492822966507,False
station_mean_22,7-9,Low,0.0,0.3,0.15,2646,974,98,0.037037037037037035,0.0268109215070465,0.0487299031813827,True
station_mean_22,7-9,Medium,0.45,0.55,0.5,303,181,154,0.5082508250825083,0.42765106996341057,0.588059940957515,True
station_mean_22,7-9,Medium High,0.55,0.7,0.625,96,60,47,0.4895833333333333,0.33695652173913043,0.6186190992946283,False
station_mean_22,7-9,Medium Low,0.3,0.45,0.375,664,365,144,0.21686746987951808,0.17422822761974482,0.26498297652482644,False
