metric,outcome_kind,factor,value,n_cases,n_dates,mean_outcome_c
tmax,absolute_error,rain10,0,6802,757,1.4102322846221702
tmax,absolute_error,rain10,1,837,93,1.615651135005974
tmax,absolute_error,change_high,0,5040,560,1.3248611111111113
tmax,absolute_error,change_high,1,2599,290,1.6419392073874566
tmax,absolute_error,spread_high,0,3709,413,1.534456726880561
tmax,absolute_error,spread_high,1,3930,437,1.3367430025445295
tmax,absolute_error,regime,cyclone_mention,1758,333,1.4412400455062573
tmax,absolute_error,regime,monsoon_mention,3543,538,1.4597233982500706
tmax,absolute_error,regime,other,674,248,1.3905044510385756
tmax,absolute_error,regime,trough_mention,1664,333,1.3834134615384615
tmax,absolute_error,season,DJF,2221,248,1.3593876632147681
tmax,absolute_error,season,JJA,1440,160,1.176111111111111
tmax,absolute_error,season,MAM,2205,245,1.7182766439909298
tmax,absolute_error,season,SON,1773,197,1.3779469825155104
tmax,absolute_revision,rain10,0,6045,756,0.37684036393713816
tmax,absolute_revision,rain10,1,744,93,0.3911290322580645
tmax,absolute_revision,change_high,0,4480,560,0.36495535714285715
tmax,absolute_revision,change_high,1,2309,289,0.40450411433521005
tmax,absolute_revision,spread_high,0,3296,412,0.39866504854368934
tmax,absolute_revision,spread_high,1,3493,437,0.35929000858860577
tmax,absolute_revision,regime,cyclone_mention,1564,319,0.37595907928388744
tmax,absolute_revision,regime,monsoon_mention,3147,525,0.3863997457896409
tmax,absolute_revision,regime,other,599,233,0.35392320534223703
tmax,absolute_revision,regime,trough_mention,1479,320,0.37390128465179173
tmax,absolute_revision,season,DJF,1973,247,0.36594019260010135
tmax,absolute_revision,season,JJA,1280,160,0.28125
tmax,absolute_revision,season,MAM,1960,245,0.4403061224489796
tmax,absolute_revision,season,SON,1576,197,0.39593908629441626
tmin,absolute_error,rain10,0,6811,758,1.027852004110997
tmin,absolute_error,rain10,1,837,93,1.087335722819594
tmin,absolute_error,change_high,0,6397,712,0.9759574800687824
tmin,absolute_error,change_high,1,1251,139,1.333013589128697
tmin,absolute_error,spread_high,0,3754,418,1.0221363878529568
tmin,absolute_error,spread_high,1,3894,433,1.0461479198767334
tmin,absolute_error,regime,cyclone_mention,1758,333,0.9919795221843004
tmin,absolute_error,regime,monsoon_mention,3552,539,1.1007882882882882
tmin,absolute_error,regime,other,674,248,0.8891691394658755
tmin,absolute_error,regime,trough_mention,1664,333,0.9961538461538461
tmin,absolute_error,season,DJF,2230,249,1.0580717488789237
tmin,absolute_error,season,JJA,1440,160,0.8371527777777777
tmin,absolute_error,season,MAM,2205,245,1.1478004535147392
tmin,absolute_error,season,SON,1773,197,1.0236322617033278
tmin,absolute_revision,rain10,0,6053,757,0.28333057987774657
tmin,absolute_revision,rain10,1,744,93,0.24596774193548387
tmin,absolute_revision,change_high,0,5685,711,0.2715919085312225
tmin,absolute_revision,change_high,1,1112,139,0.3183453237410072
tmin,absolute_revision,spread_high,0,3336,417,0.27218225419664266
tmin,absolute_revision,spread_high,1,3461,433,0.28604449581045943
tmin,absolute_revision,regime,cyclone_mention,1564,319,0.24808184143222506
tmin,absolute_revision,regime,monsoon_mention,3155,526,0.312202852614897
tmin,absolute_revision,regime,other,599,233,0.2353923205342237
tmin,absolute_revision,regime,trough_mention,1479,320,0.25963488843813387
tmin,absolute_revision,season,DJF,1981,248,0.3215547703180212
tmin,absolute_revision,season,JJA,1280,160,0.16328125
tmin,absolute_revision,season,MAM,1960,245,0.2913265306122449
tmin,absolute_revision,season,SON,1576,197,0.3052030456852792
