metric,outcome_kind,feature_a,feature_b,training_correlation
tmax,absolute_error,rain10,temp_change,0.020293986015874597
tmax,absolute_error,rain10,spatial_spread,-0.047834015411598436
tmax,absolute_error,rain10,calendar_year_trend,0.1047795906956049
tmax,absolute_error,rain10,lead_2,-4.475240225723754e-05
tmax,absolute_error,rain10,lead_3,-4.4752402257238066e-05
tmax,absolute_error,rain10,lead_4,-4.475240225723605e-05
tmax,absolute_error,rain10,lead_5,-4.475240225723531e-05
tmax,absolute_error,rain10,lead_6,-4.4752402257236345e-05
tmax,absolute_error,rain10,lead_7,0.000156740108648459
tmax,absolute_error,rain10,lead_8,0.0001567401086484586
tmax,absolute_error,rain10,lead_9,0.00015674010864846207
tmax,absolute_error,rain10,season_MAM,0.0020564596206247023
tmax,absolute_error,rain10,season_JJA,0.23614128864317577
tmax,absolute_error,rain10,season_SON,0.009384281689431255
tmax,absolute_error,rain10,regime_cyclone_mention,0.17598698390315803
tmax,absolute_error,rain10,regime_trough_mention,0.19062720141341705
tmax,absolute_error,rain10,regime_monsoon_mention,-0.3034788462627964
tmax,absolute_error,temp_change,spatial_spread,-0.1986351513742921
tmax,absolute_error,temp_change,calendar_year_trend,0.006902685268918865
tmax,absolute_error,temp_change,lead_2,6.881189049511767e-05
tmax,absolute_error,temp_change,lead_3,6.88118904951146e-05
tmax,absolute_error,temp_change,lead_4,6.881189049511306e-05
tmax,absolute_error,temp_change,lead_5,6.881189049511222e-05
tmax,absolute_error,temp_change,lead_6,6.881189049511199e-05
tmax,absolute_error,temp_change,lead_7,-0.00028144709865589
tmax,absolute_error,temp_change,lead_8,-0.00028144709865588917
tmax,absolute_error,temp_change,lead_9,-0.0002814470986558884
tmax,absolute_error,temp_change,season_MAM,0.08858628308086178
tmax,absolute_error,temp_change,season_JJA,-0.1723646435365626
tmax,absolute_error,temp_change,season_SON,-0.09472602964906764
tmax,absolute_error,temp_change,regime_cyclone_mention,-0.054452108863093145
tmax,absolute_error,temp_change,regime_trough_mention,-0.10355036761659547
tmax,absolute_error,temp_change,regime_monsoon_mention,0.12770521525015296
tmax,absolute_error,spatial_spread,calendar_year_trend,0.01032702573169703
tmax,absolute_error,spatial_spread,lead_2,0.0001559873146266715
tmax,absolute_error,spatial_spread,lead_3,0.00015598731462667062
tmax,absolute_error,spatial_spread,lead_4,0.00015598731462667157
tmax,absolute_error,spatial_spread,lead_5,0.00015598731462667165
tmax,absolute_error,spatial_spread,lead_6,0.00015598731462667046
tmax,absolute_error,spatial_spread,lead_7,-0.0001014116024444936
tmax,absolute_error,spatial_spread,lead_8,-0.00010141160244449366
tmax,absolute_error,spatial_spread,lead_9,-0.00010141160244449417
tmax,absolute_error,spatial_spread,season_MAM,-0.02595710842594271
tmax,absolute_error,spatial_spread,season_JJA,0.22982346067226178
tmax,absolute_error,spatial_spread,season_SON,0.22835138563390794
tmax,absolute_error,spatial_spread,regime_cyclone_mention,0.15493966649663563
tmax,absolute_error,spatial_spread,regime_trough_mention,0.09420135300115663
tmax,absolute_error,spatial_spread,regime_monsoon_mention,-0.2678961730266624
tmax,absolute_error,calendar_year_trend,lead_2,-0.00017638560273165935
tmax,absolute_error,calendar_year_trend,lead_3,-0.00017638560273165832
tmax,absolute_error,calendar_year_trend,lead_4,-0.00017638560273165927
tmax,absolute_error,calendar_year_trend,lead_5,-0.0001763856027316586
tmax,absolute_error,calendar_year_trend,lead_6,-0.00017638560273166098
tmax,absolute_error,calendar_year_trend,lead_7,0.0006177701562761399
tmax,absolute_error,calendar_year_trend,lead_8,0.000617770156276139
tmax,absolute_error,calendar_year_trend,lead_9,0.000617770156276138
tmax,absolute_error,calendar_year_trend,season_MAM,-0.0047237370432110315
tmax,absolute_error,calendar_year_trend,season_JJA,0.09434750317872774
tmax,absolute_error,calendar_year_trend,season_SON,-0.09248413528947522
tmax,absolute_error,calendar_year_trend,regime_cyclone_mention,-0.012780352053252767
tmax,absolute_error,calendar_year_trend,regime_trough_mention,0.11735859730466498
tmax,absolute_error,calendar_year_trend,regime_monsoon_mention,-0.10862180588576258
tmax,absolute_error,lead_2,lead_3,-0.12504861921431373
tmax,absolute_error,lead_2,lead_4,-0.12504861921431373
tmax,absolute_error,lead_2,lead_5,-0.12504861921431373
tmax,absolute_error,lead_2,lead_6,-0.12504861921431373
tmax,absolute_error,lead_2,lead_7,-0.12493919464936656
tmax,absolute_error,lead_2,lead_8,-0.12493919464936656
tmax,absolute_error,lead_2,lead_9,-0.12493919464936655
tmax,absolute_error,lead_2,season_MAM,-7.504421369387571e-05
tmax,absolute_error,lead_2,season_JJA,-5.9749754328203626e-05
tmax,absolute_error,lead_2,season_SON,-7.09416488054163e-05
tmax,absolute_error,lead_2,regime_cyclone_mention,0.0027764661152706828
tmax,absolute_error,lead_2,regime_trough_mention,-0.00430797753267835
tmax,absolute_error,lead_2,regime_monsoon_mention,0.002585696278922853
tmax,absolute_error,lead_3,lead_4,-0.12504861921431376
tmax,absolute_error,lead_3,lead_5,-0.12504861921431373
tmax,absolute_error,lead_3,lead_6,-0.12504861921431373
tmax,absolute_error,lead_3,lead_7,-0.12493919464936656
tmax,absolute_error,lead_3,lead_8,-0.12493919464936656
tmax,absolute_error,lead_3,lead_9,-0.12493919464936655
tmax,absolute_error,lead_3,season_MAM,-7.504421369387588e-05
tmax,absolute_error,lead_3,season_JJA,-5.974975432820376e-05
tmax,absolute_error,lead_3,season_SON,-7.094164880541785e-05
tmax,absolute_error,lead_3,regime_cyclone_mention,0.00021517501706610386
tmax,absolute_error,lead_3,regime_trough_mention,0.001151310534472609
tmax,absolute_error,lead_3,regime_monsoon_mention,0.00037816189675505765
tmax,absolute_error,lead_4,lead_5,-0.12504861921431373
tmax,absolute_error,lead_4,lead_6,-0.12504861921431373
tmax,absolute_error,lead_4,lead_7,-0.12493919464936656
tmax,absolute_error,lead_4,lead_8,-0.12493919464936656
tmax,absolute_error,lead_4,lead_9,-0.12493919464936655
tmax,absolute_error,lead_4,season_MAM,-7.504421369387677e-05
tmax,absolute_error,lead_4,season_JJA,-5.97497543282079e-05
tmax,absolute_error,lead_4,season_SON,-7.094164880541746e-05
tmax,absolute_error,lead_4,regime_cyclone_mention,0.0014958205661684243
tmax,absolute_error,lead_4,regime_trough_mention,0.00251613255126035
tmax,absolute_error,lead_4,regime_monsoon_mention,-0.0029331396764966313
tmax,absolute_error,lead_5,lead_6,-0.12504861921431376
tmax,absolute_error,lead_5,lead_7,-0.12493919464936656
tmax,absolute_error,lead_5,lead_8,-0.12493919464936656
tmax,absolute_error,lead_5,lead_9,-0.12493919464936655
tmax,absolute_error,lead_5,season_MAM,-7.504421369387649e-05
tmax,absolute_error,lead_5,season_JJA,-5.9749754328206296e-05
tmax,absolute_error,lead_5,season_SON,-7.094164880541808e-05
tmax,absolute_error,lead_5,regime_cyclone_mention,-0.007468698277547652
tmax,absolute_error,lead_5,regime_trough_mention,0.0079754206184113
tmax,absolute_error,lead_5,regime_monsoon_mention,0.004793230661090664
tmax,absolute_error,lead_6,lead_7,-0.12493919464936652
tmax,absolute_error,lead_6,lead_8,-0.12493919464936656
tmax,absolute_error,lead_6,lead_9,-0.12493919464936655
tmax,absolute_error,lead_6,season_MAM,-7.504421369387562e-05
tmax,absolute_error,lead_6,season_JJA,-5.974975432820838e-05
tmax,absolute_error,lead_6,season_SON,-7.094164880541766e-05
tmax,absolute_error,lead_6,regime_cyclone_mention,0.001495820566168427
tmax,absolute_error,lead_6,regime_trough_mention,-0.00021351148231511503
tmax,absolute_error,lead_6,regime_monsoon_mention,0.00037816189675505516
tmax,absolute_error,lead_7,lead_8,-0.12482986583705995
tmax,absolute_error,lead_7,lead_9,-0.1248298658370599
tmax,absolute_error,lead_7,season_MAM,0.00026283367181515843
tmax,absolute_error,lead_7,season_JJA,0.00020926659827756255
tmax,absolute_error,lead_7,season_SON,0.00024846491318040504
tmax,absolute_error,lead_7,regime_cyclone_mention,-0.0020351435317430312
tmax,absolute_error,lead_7,regime_trough_mention,-0.0026665801269122285
tmax,absolute_error,lead_7,regime_monsoon_mention,-0.001324468269734248
tmax,absolute_error,lead_8,lead_9,-0.12482986583705992
tmax,absolute_error,lead_8,season_MAM,0.0002628336718151582
tmax,absolute_error,lead_8,season_JJA,0.00020926659827755984
tmax,absolute_error,lead_8,season_SON,0.000248464913180406
tmax,absolute_error,lead_8,regime_cyclone_mention,0.0005278923518171684
tmax,absolute_error,lead_8,regime_trough_mention,-0.002666580126912193
tmax,absolute_error,lead_8,regime_monsoon_mention,-0.00021994917784830031
tmax,absolute_error,lead_9,season_MAM,0.0002628336718151653
tmax,absolute_error,lead_9,season_JJA,0.0002092665982775574
tmax,absolute_error,lead_9,season_SON,0.00024846491318040683
tmax,absolute_error,lead_9,regime_cyclone_mention,-0.0020351435317429497
tmax,absolute_error,lead_9,regime_trough_mention,0.001430675127852108
tmax,absolute_error,lead_9,regime_monsoon_mention,0.0008845699140376412
tmax,absolute_error,season_MAM,season_JJA,-0.30020741033946163
tmax,absolute_error,season_MAM,season_SON,-0.35644010444120366
tmax,absolute_error,season_MAM,regime_cyclone_mention,-0.23592064894772166
tmax,absolute_error,season_MAM,regime_trough_mention,0.30968326568433274
tmax,absolute_error,season_MAM,regime_monsoon_mention,-0.1119383524338836
tmax,absolute_error,season_JJA,season_SON,-0.2837954803544593
tmax,absolute_error,season_JJA,regime_cyclone_mention,0.20076218253366024
tmax,absolute_error,season_JJA,regime_trough_mention,0.16890835352426015
tmax,absolute_error,season_JJA,regime_monsoon_mention,-0.4391001432534696
tmax,absolute_error,season_SON,regime_cyclone_mention,0.37676015045074573
tmax,absolute_error,season_SON,regime_trough_mention,-0.19898838012003184
tmax,absolute_error,season_SON,regime_monsoon_mention,-0.060835658362796696
tmax,absolute_error,regime_cyclone_mention,regime_trough_mention,-0.2875082451691342
tmax,absolute_error,regime_cyclone_mention,regime_monsoon_mention,-0.522371513267499
tmax,absolute_error,regime_trough_mention,regime_monsoon_mention,-0.46556631907947243
tmax,absolute_revision,rain10,temp_change,0.02036037875087552
tmax,absolute_revision,rain10,spatial_spread,-0.04790222358911307
tmax,absolute_revision,rain10,calendar_year_trend,0.10468153576788827
tmax,absolute_revision,rain10,lead_2,-8.075603467171388e-05
tmax,absolute_revision,rain10,lead_3,-8.075603467170837e-05
tmax,absolute_revision,rain10,lead_4,-8.075603467171324e-05
tmax,absolute_revision,rain10,lead_5,-8.075603467171388e-05
tmax,absolute_revision,rain10,lead_6,0.000134683203223095
tmax,absolute_revision,rain10,lead_7,0.00013468320322308305
tmax,absolute_revision,rain10,lead_8,0.00013468320322308145
tmax,absolute_revision,rain10,season_MAM,0.0020031243768671818
tmax,absolute_revision,rain10,season_JJA,0.236109198511165
tmax,absolute_revision,rain10,season_SON,0.00933426981263384
tmax,absolute_revision,rain10,regime_cyclone_mention,0.17728142027676505
tmax,absolute_revision,rain10,regime_trough_mention,0.197454630235976
tmax,absolute_revision,rain10,regime_monsoon_mention,-0.30273177587638633
tmax,absolute_revision,rain10,elapsed_hours,0.005566600039638812
tmax,absolute_revision,temp_change,spatial_spread,-0.19853602159123102
tmax,absolute_revision,temp_change,calendar_year_trend,0.007160018281899402
tmax,absolute_revision,temp_change,lead_2,0.00014039024981383894
tmax,absolute_revision,temp_change,lead_3,0.0001403902498138391
tmax,absolute_revision,temp_change,lead_4,0.0001403902498138399
tmax,absolute_revision,temp_change,lead_5,0.00014039024981383976
tmax,absolute_revision,temp_change,lead_6,-0.0002341398834538314
tmax,absolute_revision,temp_change,lead_7,-0.00023413988345382893
tmax,absolute_revision,temp_change,lead_8,-0.00023413988345382812
tmax,absolute_revision,temp_change,season_MAM,0.08870465939112937
tmax,absolute_revision,temp_change,season_JJA,-0.17229453687978474
tmax,absolute_revision,temp_change,season_SON,-0.09463349078772779
tmax,absolute_revision,temp_change,regime_cyclone_mention,-0.050810308925126335
tmax,absolute_revision,temp_change,regime_trough_mention,-0.10341016528021883
tmax,absolute_revision,temp_change,regime_monsoon_mention,0.12786869337867518
tmax,absolute_revision,temp_change,elapsed_hours,0.015760620011735837
tmax,absolute_revision,spatial_spread,calendar_year_trend,0.010087808748385269
tmax,absolute_revision,spatial_spread,lead_2,0.00010313891732696524
tmax,absolute_revision,spatial_spread,lead_3,0.0001031389173269633
tmax,absolute_revision,spatial_spread,lead_4,0.0001031389173269635
tmax,absolute_revision,spatial_spread,lead_5,0.00010313891732696138
tmax,absolute_revision,spatial_spread,lead_6,-0.00017201290057188796
tmax,absolute_revision,spatial_spread,lead_7,-0.00017201290057188495
tmax,absolute_revision,spatial_spread,lead_8,-0.00017201290057188652
tmax,absolute_revision,spatial_spread,season_MAM,-0.026064795321943994
tmax,absolute_revision,spatial_spread,season_JJA,0.22977554836397923
tmax,absolute_revision,spatial_spread,season_SON,0.22829049370911544
tmax,absolute_revision,spatial_spread,regime_cyclone_mention,0.15786571729909965
tmax,absolute_revision,spatial_spread,regime_trough_mention,0.09644313732106712
tmax,absolute_revision,spatial_spread,regime_monsoon_mention,-0.27150554517747655
tmax,absolute_revision,spatial_spread,elapsed_hours,-0.006156719600112499
tmax,absolute_revision,calendar_year_trend,lead_2,-0.00031836286624695637
tmax,absolute_revision,calendar_year_trend,lead_3,-0.00031836286624694894
tmax,absolute_revision,calendar_year_trend,lead_4,-0.0003183628662469638
tmax,absolute_revision,calendar_year_trend,lead_5,-0.0003183628662469632
tmax,absolute_revision,calendar_year_trend,lead_6,0.0005309588415003183
tmax,absolute_revision,calendar_year_trend,lead_7,0.0005309588415003187
tmax,absolute_revision,calendar_year_trend,lead_8,0.0005309588415003313
tmax,absolute_revision,calendar_year_trend,season_MAM,-0.00493587396861493
tmax,absolute_revision,calendar_year_trend,season_JJA,0.09420575545600773
tmax,absolute_revision,calendar_year_trend,season_SON,-0.0927099816269322
tmax,absolute_revision,calendar_year_trend,regime_cyclone_mention,-0.009191727469340383
tmax,absolute_revision,calendar_year_trend,regime_trough_mention,0.12225605895610724
tmax,absolute_revision,calendar_year_trend,regime_monsoon_mention,-0.1121458958186401
tmax,absolute_revision,calendar_year_trend,elapsed_hours,0.005102296736421075
tmax,absolute_revision,lead_2,lead_3,-0.1429524232992435
tmax,absolute_revision,lead_2,lead_4,-0.1429524232992435
tmax,absolute_revision,lead_2,lead_5,-0.1429524232992435
tmax,absolute_revision,lead_2,lead_6,-0.1428253438737655
tmax,absolute_revision,lead_2,lead_7,-0.1428253438737655
tmax,absolute_revision,lead_2,lead_8,-0.1428253438737655
tmax,absolute_revision,lead_2,season_MAM,-0.00013542173953773418
tmax,absolute_revision,lead_2,season_JJA,-0.00010782021025207062
tmax,absolute_revision,lead_2,season_SON,-0.00012801780733657643
tmax,absolute_revision,lead_2,regime_cyclone_mention,0.0026116064494110364
tmax,absolute_revision,lead_2,regime_trough_mention,-0.004490347283559537
tmax,absolute_revision,lead_2,regime_monsoon_mention,0.003042935917410196
tmax,absolute_revision,lead_2,elapsed_hours,0.0017811090909051963
tmax,absolute_revision,lead_3,lead_4,-0.1429524232992435
tmax,absolute_revision,lead_3,lead_5,-0.1429524232992435
tmax,absolute_revision,lead_3,lead_6,-0.1428253438737655
tmax,absolute_revision,lead_3,lead_7,-0.1428253438737655
tmax,absolute_revision,lead_3,lead_8,-0.1428253438737655
tmax,absolute_revision,lead_3,season_MAM,-0.00013542173953773405
tmax,absolute_revision,lead_3,season_JJA,-0.00010782021025205076
tmax,absolute_revision,lead_3,season_SON,-0.00012801780733657755
tmax,absolute_revision,lead_3,regime_cyclone_mention,-0.0001253762753718499
tmax,absolute_revision,lead_3,regime_trough_mention,0.001348012702474682
tmax,absolute_revision,lead_3,regime_monsoon_mention,0.0006825083728751645
tmax,absolute_revision,lead_3,elapsed_hours,-0.0014185896535770888
tmax,absolute_revision,lead_4,lead_5,-0.1429524232992435
tmax,absolute_revision,lead_4,lead_6,-0.1428253438737655
tmax,absolute_revision,lead_4,lead_7,-0.1428253438737655
tmax,absolute_revision,lead_4,lead_8,-0.1428253438737655
tmax,absolute_revision,lead_4,season_MAM,-0.00013542173953773491
tmax,absolute_revision,lead_4,season_JJA,-0.00010782021025206964
tmax,absolute_revision,lead_4,season_SON,-0.00012801780733657584
tmax,absolute_revision,lead_4,regime_cyclone_mention,0.0012431150870196362
tmax,absolute_revision,lead_4,regime_trough_mention,0.0028076026989832534
tmax,absolute_revision,lead_4,regime_monsoon_mention,-0.002858132943927336
tmax,absolute_revision,lead_4,elapsed_hours,0.010014728790082505
tmax,absolute_revision,lead_5,lead_6,-0.1428253438737655
tmax,absolute_revision,lead_5,lead_7,-0.1428253438737655
tmax,absolute_revision,lead_5,lead_8,-0.1428253438737655
tmax,absolute_revision,lead_5,season_MAM,-0.00013542173953774782
tmax,absolute_revision,lead_5,season_JJA,-0.00010782021025207441
tmax,absolute_revision,lead_5,season_SON,-0.00012801780733657278
tmax,absolute_revision,lead_5,regime_cyclone_mention,-0.008336324449720448
tmax,absolute_revision,lead_5,regime_trough_mention,0.008645962685017458
tmax,absolute_revision,lead_5,regime_monsoon_mention,0.005403363461945208
tmax,absolute_revision,lead_5,elapsed_hours,-0.007593804427960066
tmax,absolute_revision,lead_6,lead_7,-0.14269837741720395
tmax,absolute_revision,lead_6,lead_8,-0.14269837741720395
tmax,absolute_revision,lead_6,season_MAM,0.00022585350730925386
tmax,absolute_revision,lead_6,season_JJA,0.00017982026170524097
tmax,absolute_revision,lead_6,season_SON,0.00021350538609018113
tmax,absolute_revision,lead_6,regime_cyclone_mention,0.0015785044307282414
tmax,absolute_revision,lead_6,regime_trough_mention,0.00018608624641542576
tmax,absolute_revision,lead_6,regime_monsoon_mention,4.2728310408173925e-05
tmax,absolute_revision,lead_6,elapsed_hours,0.014792544049281984
tmax,absolute_revision,lead_7,lead_8,-0.14269837741720395
tmax,absolute_revision,lead_7,season_MAM,0.0002258535073092493
tmax,absolute_revision,lead_7,season_JJA,0.00017982026170524116
tmax,absolute_revision,lead_7,season_SON,0.00021350538609017774
tmax,absolute_revision,lead_7,regime_cyclone_mention,-0.0025297091762783953
tmax,absolute_revision,lead_7,regime_trough_mention,-0.0027350416705966113
tmax,absolute_revision,lead_7,regime_monsoon_mention,-0.0011382730003912558
tmax,absolute_revision,lead_7,elapsed_hours,-0.011005671401240338
tmax,absolute_revision,lead_8,season_MAM,0.00022585350730926088
tmax,absolute_revision,lead_8,season_JJA,0.00017982026170524414
tmax,absolute_revision,lead_8,season_SON,0.0002135053860901866
tmax,absolute_revision,lead_8,regime_cyclone_mention,0.00020909989505936915
tmax,absolute_revision,lead_8,regime_trough_mention,-0.0027350416705966504
tmax,absolute_revision,lead_8,regime_monsoon_mention,4.272831040817287e-05
tmax,absolute_revision,lead_8,elapsed_hours,-0.014513412948663101
tmax,absolute_revision,season_MAM,season_JJA,-0.3003007736850752
tmax,absolute_revision,season_MAM,season_SON,-0.35655510686505687
tmax,absolute_revision,season_MAM,regime_cyclone_mention,-0.23144140019651774
tmax,absolute_revision,season_MAM,regime_trough_mention,0.31288115732618055
tmax,absolute_revision,season_MAM,regime_monsoon_mention,-0.11793196601620994
tmax,absolute_revision,season_MAM,elapsed_hours,0.0028865410262620943
tmax,absolute_revision,season_JJA,season_SON,-0.28388238638695323
tmax,absolute_revision,season_JJA,regime_cyclone_mention,0.19920012012836447
tmax,absolute_revision,season_JJA,regime_trough_mention,0.16980231461829515
tmax,absolute_revision,season_JJA,regime_monsoon_mention,-0.43949183859399094
tmax,absolute_revision,season_JJA,elapsed_hours,-0.00401521507319126
tmax,absolute_revision,season_SON,regime_cyclone_mention,0.3705030932766327
tmax,absolute_revision,season_SON,regime_trough_mention,-0.20259246856528956
tmax,absolute_revision,season_SON,regime_monsoon_mention,-0.051630429285913
tmax,absolute_revision,season_SON,elapsed_hours,-0.0018120750325087563
tmax,absolute_revision,regime_cyclone_mention,regime_trough_mention,-0.28771272949103643
tmax,absolute_revision,regime_cyclone_mention,regime_monsoon_mention,-0.5225574611391957
tmax,absolute_revision,regime_cyclone_mention,elapsed_hours,0.016589101319129343
tmax,absolute_revision,regime_trough_mention,regime_monsoon_mention,-0.46504450158688454
tmax,absolute_revision,regime_trough_mention,elapsed_hours,-0.00848798324517492
tmax,absolute_revision,regime_monsoon_mention,elapsed_hours,-0.011967547688952274
tmin,absolute_error,rain10,temp_change,0.0017368091999277978
tmin,absolute_error,rain10,spatial_spread,-0.27478023207393054
tmin,absolute_error,rain10,calendar_year_trend,0.10403870878139415
tmin,absolute_error,rain10,lead_2,-4.464353118357669e-05
tmin,absolute_error,rain10,lead_3,-4.464353118358188e-05
tmin,absolute_error,rain10,lead_4,-4.464353118358679e-05
tmin,absolute_error,rain10,lead_5,-4.464353118358891e-05
tmin,absolute_error,rain10,lead_6,-4.464353118358689e-05
tmin,absolute_error,rain10,lead_7,0.00015635863483765052
tmin,absolute_error,rain10,lead_8,0.00015635863483764163
tmin,absolute_error,rain10,lead_9,0.00015635863483763604
tmin,absolute_error,rain10,season_MAM,0.002404778510134309
tmin,absolute_error,rain10,season_JJA,0.23635088789501763
tmin,absolute_error,rain10,season_SON,0.009710908334118536
tmin,absolute_error,rain10,regime_cyclone_mention,0.17624753702916796
tmin,absolute_error,rain10,regime_trough_mention,0.1908572745330775
tmin,absolute_error,rain10,regime_monsoon_mention,-0.30378683744385276
tmin,absolute_error,temp_change,spatial_spread,0.047380403783868034
tmin,absolute_error,temp_change,calendar_year_trend,-0.025395561978381213
tmin,absolute_error,temp_change,lead_2,3.8083404825145914e-05
tmin,absolute_error,temp_change,lead_3,3.808340482514795e-05
tmin,absolute_error,temp_change,lead_4,3.808340482515177e-05
tmin,absolute_error,temp_change,lead_5,3.808340482515347e-05
tmin,absolute_error,temp_change,lead_6,3.808340482515319e-05
tmin,absolute_error,temp_change,lead_7,4.559348821004058e-05
tmin,absolute_error,temp_change,lead_8,4.559348821004089e-05
tmin,absolute_error,temp_change,lead_9,4.5593488210037625e-05
tmin,absolute_error,temp_change,season_MAM,0.0636490104863532
tmin,absolute_error,temp_change,season_JJA,-0.174908925728844
tmin,absolute_error,temp_change,season_SON,-0.08085093219587094
tmin,absolute_error,temp_change,regime_cyclone_mention,-0.06794037624549822
tmin,absolute_error,temp_change,regime_trough_mention,-0.05335289704294111
tmin,absolute_error,temp_change,regime_monsoon_mention,0.11380125836819421
tmin,absolute_error,spatial_spread,calendar_year_trend,-0.009102636873787064
tmin,absolute_error,spatial_spread,lead_2,0.00010822681762886173
tmin,absolute_error,spatial_spread,lead_3,0.00010822681762886074
tmin,absolute_error,spatial_spread,lead_4,0.00010822681762886242
tmin,absolute_error,spatial_spread,lead_5,0.00010822681762886007
tmin,absolute_error,spatial_spread,lead_6,0.00010822681762886314
tmin,absolute_error,spatial_spread,lead_7,-2.256922445011724e-05
tmin,absolute_error,spatial_spread,lead_8,-2.256922445011775e-05
tmin,absolute_error,spatial_spread,lead_9,-2.256922445011787e-05
tmin,absolute_error,spatial_spread,season_MAM,-0.1398661320657041
tmin,absolute_error,spatial_spread,season_JJA,-0.07698309267830507
tmin,absolute_error,spatial_spread,season_SON,0.16543029632180908
tmin,absolute_error,spatial_spread,regime_cyclone_mention,0.0029151717968372865
tmin,absolute_error,spatial_spread,regime_trough_mention,-0.12926784108608003
tmin,absolute_error,spatial_spread,regime_monsoon_mention,0.10855413438909829
tmin,absolute_error,calendar_year_trend,lead_2,-0.00017629066518452872
tmin,absolute_error,calendar_year_trend,lead_3,-0.00017629066518452856
tmin,absolute_error,calendar_year_trend,lead_4,-0.00017629066518453187
tmin,absolute_error,calendar_year_trend,lead_5,-0.0001762906651845321
tmin,absolute_error,calendar_year_trend,lead_6,-0.000176290665184532
tmin,absolute_error,calendar_year_trend,lead_7,0.0006174369950603998
tmin,absolute_error,calendar_year_trend,lead_8,0.0006174369950604004
tmin,absolute_error,calendar_year_trend,lead_9,0.0006174369950604
tmin,absolute_error,calendar_year_trend,season_MAM,-0.0057741890718711235
tmin,absolute_error,calendar_year_trend,season_JJA,0.0933988991172371
tmin,absolute_error,calendar_year_trend,season_SON,-0.09337039147213824
tmin,absolute_error,calendar_year_trend,regime_cyclone_mention,-0.013742078353864052
tmin,absolute_error,calendar_year_trend,regime_trough_mention,0.11635245549271046
tmin,absolute_error,calendar_year_trend,regime_monsoon_mention,-0.10654943888805146
tmin,absolute_error,lead_2,lead_3,-0.12504854368931995
tmin,absolute_error,lead_2,lead_4,-0.12504854368931995
tmin,absolute_error,lead_2,lead_5,-0.12504854368931995
tmin,absolute_error,lead_2,lead_6,-0.12504854368931995
tmin,absolute_error,lead_2,lead_7,-0.12493928915289547
tmin,absolute_error,lead_2,lead_8,-0.12493928915289547
tmin,absolute_error,lead_2,lead_9,-0.12493928915289547
tmin,absolute_error,lead_2,season_MAM,-7.484753098549219e-05
tmin,absolute_error,lead_2,season_JJA,-5.959954257975355e-05
tmin,absolute_error,lead_2,season_SON,-7.075792087107216e-05
tmin,absolute_error,lead_2,regime_cyclone_mention,0.002773722431045043
tmin,absolute_error,lead_2,regime_trough_mention,-0.004303678951562932
tmin,absolute_error,lead_2,regime_monsoon_mention,0.002581112822938746
tmin,absolute_error,lead_3,lead_4,-0.12504854368931995
tmin,absolute_error,lead_3,lead_5,-0.12504854368931995
tmin,absolute_error,lead_3,lead_6,-0.12504854368931995
tmin,absolute_error,lead_3,lead_7,-0.12493928915289547
tmin,absolute_error,lead_3,lead_8,-0.12493928915289547
tmin,absolute_error,lead_3,lead_9,-0.12493928915289547
tmin,absolute_error,lead_3,season_MAM,-7.484753098549094e-05
tmin,absolute_error,lead_3,season_JJA,-5.95995425797606e-05
tmin,absolute_error,lead_3,season_SON,-7.075792087107e-05
tmin,absolute_error,lead_3,regime_cyclone_mention,0.0002150617455690159
tmin,absolute_error,lead_3,regime_trough_mention,0.0011502833943154852
tmin,absolute_error,lead_3,regime_monsoon_mention,0.00037731563813074744
tmin,absolute_error,lead_4,lead_5,-0.12504854368931995
tmin,absolute_error,lead_4,lead_6,-0.12504854368931995
tmin,absolute_error,lead_4,lead_7,-0.12493928915289547
tmin,absolute_error,lead_4,lead_8,-0.12493928915289547
tmin,absolute_error,lead_4,lead_9,-0.12493928915289547
tmin,absolute_error,lead_4,season_MAM,-7.484753098549162e-05
tmin,absolute_error,lead_4,season_JJA,-5.959954257975668e-05
tmin,absolute_error,lead_4,season_SON,-7.075792087107152e-05
tmin,absolute_error,lead_4,regime_cyclone_mention,0.001494392088307008
tmin,absolute_error,lead_4,regime_trough_mention,0.0025137739807850577
tmin,absolute_error,lead_4,regime_monsoon_mention,-0.0029283801390812387
tmin,absolute_error,lead_5,lead_6,-0.12504854368931997
tmin,absolute_error,lead_5,lead_7,-0.12493928915289547
tmin,absolute_error,lead_5,lead_8,-0.12493928915289547
tmin,absolute_error,lead_5,lead_9,-0.12493928915289547
tmin,absolute_error,lead_5,season_MAM,-7.484753098549125e-05
tmin,absolute_error,lead_5,season_JJA,-5.959954257976159e-05
tmin,absolute_error,lead_5,season_SON,-7.075792087106697e-05
tmin,absolute_error,lead_5,regime_cyclone_mention,-0.007460920310858988
tmin,absolute_error,lead_5,regime_trough_mention,0.007967736326663474
tmin,absolute_error,lead_5,regime_monsoon_mention,0.0047849100077467
tmin,absolute_error,lead_6,lead_7,-0.12493928915289544
tmin,absolute_error,lead_6,lead_8,-0.12493928915289547
tmin,absolute_error,lead_6,lead_9,-0.12493928915289547
tmin,absolute_error,lead_6,season_MAM,-7.48475309854891e-05
tmin,absolute_error,lead_6,season_JJA,-5.9599542579760495e-05
tmin,absolute_error,lead_6,season_SON,-7.075792087107152e-05
tmin,absolute_error,lead_6,regime_cyclone_mention,0.001494392088306996
tmin,absolute_error,lead_6,regime_trough_mention,-0.00021320719215417222
tmin,absolute_error,lead_6,regime_monsoon_mention,0.00037731563813073464
tmin,absolute_error,lead_7,lead_8,-0.12483013007183066
tmin,absolute_error,lead_7,lead_9,-0.12483013007183066
tmin,absolute_error,lead_7,season_MAM,0.0002621445359628192
tmin,absolute_error,lead_7,season_JJA,0.000208740278102075
tmin,absolute_error,lead_7,season_SON,0.00024782116508335395
tmin,absolute_error,lead_7,regime_cyclone_mention,-0.002033428557116953
tmin,absolute_error,lead_7,regime_trough_mention,-0.0026643122050170843
tmin,absolute_error,lead_7,regime_monsoon_mention,-0.0013215029482865016
tmin,absolute_error,lead_8,lead_9,-0.12483013007183066
tmin,absolute_error,lead_8,season_MAM,0.0002621445359628211
tmin,absolute_error,lead_8,season_JJA,0.00020874027810207664
tmin,absolute_error,lead_8,season_SON,0.0002478211650833562
tmin,absolute_error,lead_8,regime_cyclone_mention,0.0005269724121181755
tmin,absolute_error,lead_8,regime_trough_mention,-0.002664312205017058
tmin,absolute_error,lead_8,regime_monsoon_mention,-0.00021885489494951295
tmin,absolute_error,lead_9,season_MAM,0.0002621445359628237
tmin,absolute_error,lead_9,season_JJA,0.00020874027810208177
tmin,absolute_error,lead_9,season_SON,0.0002478211650833538
tmin,absolute_error,lead_9,regime_cyclone_mention,-0.0020334285571169584
tmin,absolute_error,lead_9,regime_trough_mention,0.0014289417058550417
tmin,absolute_error,lead_9,regime_monsoon_mention,0.0008837931583874726
tmin,absolute_error,season_MAM,season_JJA,-0.29959773745529084
tmin,absolute_error,season_MAM,season_SON,-0.3556891895880459
tmin,absolute_error,season_MAM,regime_cyclone_mention,-0.23525107864779482
tmin,absolute_error,season_MAM,regime_trough_mention,0.31001361083530227
tmin,absolute_error,season_MAM,regime_monsoon_mention,-0.11283879940739568
tmin,absolute_error,season_JJA,season_SON,-0.2832279531587728
tmin,absolute_error,season_JJA,regime_cyclone_mention,0.2011057924320441
tmin,absolute_error,season_JJA,regime_trough_mention,0.1692276829049848
tmin,absolute_error,season_JJA,regime_monsoon_mention,-0.4394409134609933
tmin,absolute_error,season_SON,regime_cyclone_mention,0.377079116149523
tmin,absolute_error,season_SON,regime_trough_mention,-0.19844052441350568
tmin,absolute_error,season_SON,regime_monsoon_mention,-0.061743201562330506
tmin,absolute_error,regime_cyclone_mention,regime_trough_mention,-0.2869326571248669
tmin,absolute_error,regime_cyclone_mention,regime_monsoon_mention,-0.5227199719175315
tmin,absolute_error,regime_trough_mention,regime_monsoon_mention,-0.4659008800636979
tmin,absolute_revision,rain10,temp_change,0.001694572818810812
tmin,absolute_revision,rain10,spatial_spread,-0.27487299693277084
tmin,absolute_revision,rain10,calendar_year_trend,0.1039406437070721
tmin,absolute_revision,rain10,lead_2,-8.055953951251894e-05
tmin,absolute_revision,rain10,lead_3,-8.055953951252354e-05
tmin,absolute_revision,rain10,lead_4,-8.055953951251931e-05
tmin,absolute_revision,rain10,lead_5,-8.055953951251931e-05
tmin,absolute_revision,rain10,lead_6,0.00013435535348073425
tmin,absolute_revision,rain10,lead_7,0.0001343553534807345
tmin,absolute_revision,rain10,lead_8,0.0001343553534807333
tmin,absolute_revision,rain10,season_MAM,0.0023516510399691514
tmin,absolute_revision,rain10,season_JJA,0.23631891568866065
tmin,absolute_revision,rain10,season_SON,0.009661088157195562
tmin,absolute_revision,rain10,regime_cyclone_mention,0.1775418710001849
tmin,absolute_revision,rain10,regime_trough_mention,0.1976826413957676
tmin,absolute_revision,rain10,regime_monsoon_mention,-0.3030407237809449
tmin,absolute_revision,rain10,elapsed_hours,0.005565026617936476
tmin,absolute_revision,temp_change,spatial_spread,0.04726546519856822
tmin,absolute_revision,temp_change,calendar_year_trend,-0.02557002025398374
tmin,absolute_revision,temp_change,lead_2,-3.023951712370694e-06
tmin,absolute_revision,temp_change,lead_3,-3.023951712368814e-06
tmin,absolute_revision,temp_change,lead_4,-3.0239517123682983e-06
tmin,absolute_revision,temp_change,lead_5,-3.0239517123692686e-06
tmin,absolute_revision,temp_change,lead_6,5.043277353396501e-06
tmin,absolute_revision,temp_change,lead_7,5.043277353397412e-06
tmin,absolute_revision,temp_change,lead_8,5.043277353397291e-06
tmin,absolute_revision,temp_change,season_MAM,0.06358331214371775
tmin,absolute_revision,temp_change,season_JJA,-0.17497706935504476
tmin,absolute_revision,temp_change,season_SON,-0.08092433956168012
tmin,absolute_revision,temp_change,regime_cyclone_mention,-0.06099450219521548
tmin,absolute_revision,temp_change,regime_trough_mention,-0.0547925832546835
tmin,absolute_revision,temp_change,regime_monsoon_mention,0.1129547081612891
tmin,absolute_revision,temp_change,elapsed_hours,0.009080462633015481
tmin,absolute_revision,spatial_spread,calendar_year_trend,-0.00934781475225625
tmin,absolute_revision,spatial_spread,lead_2,5.239827743224643e-05
tmin,absolute_revision,spatial_spread,lead_3,5.23982774322462e-05
tmin,absolute_revision,spatial_spread,lead_4,5.2398277432246964e-05
tmin,absolute_revision,spatial_spread,lead_5,5.2398277432247364e-05
tmin,absolute_revision,spatial_spread,lead_6,-8.738864607209095e-05
tmin,absolute_revision,spatial_spread,lead_7,-8.738864607209342e-05
tmin,absolute_revision,spatial_spread,lead_8,-8.73886460720959e-05
tmin,absolute_revision,spatial_spread,season_MAM,-0.13998891975832228
tmin,absolute_revision,spatial_spread,season_JJA,-0.07707467589409081
tmin,absolute_revision,spatial_spread,season_SON,0.1653561082276326
tmin,absolute_revision,spatial_spread,regime_cyclone_mention,0.004782371617328164
tmin,absolute_revision,spatial_spread,regime_trough_mention,-0.13544764603688575
tmin,absolute_revision,spatial_spread,regime_monsoon_mention,0.11227866532031419
tmin,absolute_revision,spatial_spread,elapsed_hours,-0.009794106667147352
tmin,absolute_revision,calendar_year_trend,lead_2,-0.00031819142122159797
tmin,absolute_revision,calendar_year_trend,lead_3,-0.00031819142122160155
tmin,absolute_revision,calendar_year_trend,lead_4,-0.0003181914212216016
tmin,absolute_revision,calendar_year_trend,lead_5,-0.00031819142122159087
tmin,absolute_revision,calendar_year_trend,lead_6,0.0005306723589962298
tmin,absolute_revision,calendar_year_trend,lead_7,0.0005306723589962295
tmin,absolute_revision,calendar_year_trend,lead_8,0.0005306723589962101
tmin,absolute_revision,calendar_year_trend,season_MAM,-0.005986294174355319
tmin,absolute_revision,calendar_year_trend,season_JJA,0.09325714310010055
tmin,absolute_revision,calendar_year_trend,season_SON,-0.09359617619260677
tmin,absolute_revision,calendar_year_trend,regime_cyclone_mention,-0.010158893996550813
tmin,absolute_revision,calendar_year_trend,regime_trough_mention,0.12124458482963417
tmin,absolute_revision,calendar_year_trend,regime_monsoon_mention,-0.11006529345645209
tmin,absolute_revision,calendar_year_trend,elapsed_hours,0.005100436628156041
tmin,absolute_revision,lead_2,lead_3,-0.1429522752497227
tmin,absolute_revision,lead_2,lead_4,-0.14295227524972273
tmin,absolute_revision,lead_2,lead_5,-0.14295227524972273
tmin,absolute_revision,lead_2,lead_6,-0.14282539334420308
tmin,absolute_revision,lead_2,lead_7,-0.1428253933442031
tmin,absolute_revision,lead_2,lead_8,-0.1428253933442031
tmin,absolute_revision,lead_2,season_MAM,-0.00013506673748991808
tmin,absolute_revision,lead_2,season_JJA,-0.00010754909499007322
tmin,absolute_revision,lead_2,season_SON,-0.00012768619126659486
tmin,absolute_revision,lead_2,regime_cyclone_mention,0.002609117292311498
tmin,absolute_revision,lead_2,regime_trough_mention,-0.004485793940513791
tmin,absolute_revision,lead_2,regime_monsoon_mention,0.003037407430039097
tmin,absolute_revision,lead_2,elapsed_hours,0.0017797249877591777
tmin,absolute_revision,lead_3,lead_4,-0.14295227524972273
tmin,absolute_revision,lead_3,lead_5,-0.14295227524972273
tmin,absolute_revision,lead_3,lead_6,-0.14282539334420308
tmin,absolute_revision,lead_3,lead_7,-0.1428253933442031
tmin,absolute_revision,lead_3,lead_8,-0.1428253933442031
tmin,absolute_revision,lead_3,season_MAM,-0.0001350667374899181
tmin,absolute_revision,lead_3,season_JJA,-0.0001075490949900733
tmin,absolute_revision,lead_3,season_SON,-0.00012768619126658776
tmin,absolute_revision,lead_3,regime_cyclone_mention,-0.00012505283857527197
tmin,absolute_revision,lead_3,regime_trough_mention,0.0013468709584018468
tmin,absolute_revision,lead_3,regime_monsoon_mention,0.0006809796980410052
tmin,absolute_revision,lead_3,elapsed_hours,-0.0014174883387953312
tmin,absolute_revision,lead_4,lead_5,-0.14295227524972273
tmin,absolute_revision,lead_4,lead_6,-0.14282539334420308
tmin,absolute_revision,lead_4,lead_7,-0.1428253933442031
tmin,absolute_revision,lead_4,lead_8,-0.1428253933442031
tmin,absolute_revision,lead_4,season_MAM,-0.00013506673748991946
tmin,absolute_revision,lead_4,season_JJA,-0.00010754909499007361
tmin,absolute_revision,lead_4,season_SON,-0.000127686191266584
tmin,absolute_revision,lead_4,regime_cyclone_mention,0.0012420322268681362
tmin,absolute_revision,lead_4,regime_trough_mention,0.002805037183130723
tmin,absolute_revision,lead_4,regime_monsoon_mention,-0.0028536618999561473
tmin,absolute_revision,lead_4,elapsed_hours,0.010006949089211525
tmin,absolute_revision,lead_5,lead_6,-0.14282539334420308
tmin,absolute_revision,lead_5,lead_7,-0.1428253933442031
tmin,absolute_revision,lead_5,lead_8,-0.1428253933442031
tmin,absolute_revision,lead_5,season_MAM,-0.00013506673748993507
tmin,absolute_revision,lead_5,season_JJA,-0.00010754909499007254
tmin,absolute_revision,lead_5,season_SON,-0.00012768619126658063
tmin,absolute_revision,lead_5,regime_cyclone_mention,-0.008327563231235622
tmin,absolute_revision,lead_5,regime_trough_mention,0.008637702082046375
tmin,absolute_revision,lead_5,regime_monsoon_mention,0.005393835162037207
tmin,absolute_revision,lead_5,elapsed_hours,-0.007587906414884551
tmin,absolute_revision,lead_6,lead_7,-0.14269862405681313
tmin,absolute_revision,lead_6,lead_8,-0.14269862405681313
tmin,absolute_revision,lead_6,season_MAM,0.00022526120889909603
tmin,absolute_revision,lead_6,season_JJA,0.00017936791547421666
tmin,absolute_revision,lead_6,season_SON,0.0002129521030785082
tmin,absolute_revision,lead_6,regime_cyclone_mention,0.0015765561400001298
tmin,absolute_revision,lead_6,regime_trough_mention,0.00018561569416353398
tmin,absolute_revision,lead_6,regime_monsoon_mention,4.327651626256838e-05
tmin,absolute_revision,lead_6,elapsed_hours,0.014781039374707325
tmin,absolute_revision,lead_7,lead_8,-0.14269862405681313
tmin,absolute_revision,lead_7,season_MAM,0.0002252612088990947
tmin,absolute_revision,lead_7,season_JJA,0.0001793679154742163
tmin,absolute_revision,lead_7,season_SON,0.00021295210307848873
tmin,absolute_revision,lead_7,regime_cyclone_mention,-0.0025274315065422714
tmin,absolute_revision,lead_7,regime_trough_mention,-0.002732659753922568
tmin,absolute_revision,lead_7,regime_monsoon_mention,-0.0011357223315466962
tmin,absolute_revision,lead_7,elapsed_hours,-0.010997110170238295
tmin,absolute_revision,lead_8,season_MAM,0.00022526120889910058
tmin,absolute_revision,lead_8,season_JJA,0.00017936791547421994
tmin,absolute_revision,lead_8,season_SON,0.00021295210307848588
tmin,absolute_revision,lead_8,regime_cyclone_mention,0.00020856025781932955
tmin,absolute_revision,lead_8,regime_trough_mention,-0.0027326597539225786
tmin,absolute_revision,lead_8,regime_monsoon_mention,4.327651626256669e-05
tmin,absolute_revision,lead_8,elapsed_hours,-0.014502123388997687
tmin,absolute_revision,season_MAM,season_JJA,-0.2996907213898437
tmin,absolute_revision,season_MAM,season_SON,-0.3558037078389985
tmin,absolute_revision,season_MAM,regime_cyclone_mention,-0.23077327387070456
tmin,absolute_revision,season_MAM,regime_trough_mention,0.31320992013194465
tmin,absolute_revision,season_MAM,regime_monsoon_mention,-0.1188261388991417
tmin,absolute_revision,season_MAM,elapsed_hours,0.0028840299366906116
tmin,absolute_revision,season_JJA,season_SON,-0.2833145116506114
tmin,absolute_revision,season_JJA,regime_cyclone_mention,0.19954490804871658
tmin,absolute_revision,season_JJA,regime_trough_mention,0.17012130191359584
tmin,absolute_revision,season_JJA,regime_monsoon_mention,-0.43983236881728305
tmin,absolute_revision,season_JJA,elapsed_hours,-0.004015795802644512
tmin,absolute_revision,season_SON,regime_cyclone_mention,0.37082574653885636
tmin,absolute_revision,season_SON,regime_trough_mention,-0.20204293912120935
tmin,absolute_revision,season_SON,regime_monsoon_mention,-0.05254984002128425
tmin,absolute_revision,season_SON,elapsed_hours,-0.00181317538194491
tmin,absolute_revision,regime_cyclone_mention,regime_trough_mention,-0.28713648161930105
tmin,absolute_revision,regime_cyclone_mention,regime_monsoon_mention,-0.5229065478651653
tmin,absolute_revision,regime_cyclone_mention,elapsed_hours,0.016583394294873877
tmin,absolute_revision,regime_trough_mention,regime_monsoon_mention,-0.4653794681665902
tmin,absolute_revision,regime_trough_mention,elapsed_hours,-0.00848766789947604
tmin,absolute_revision,regime_monsoon_mention,elapsed_hours,-0.011953606486614443
