metric,outcome_kind,factor,mean_abs_shap_c,mean_signed_shap_c,n_holdout_cases,base_value_c
tmax,absolute_error,rain10,0.062027104153911355,-0.012221745731048292,1854,1.4751771823681856
tmax,absolute_error,temp_change,0.11271017468590117,0.015840770881433087,1854,1.4751771823681856
tmax,absolute_error,spatial_spread,0.03370446187634806,-0.0011892457987112387,1854,1.4751771823681856
tmax,absolute_error,calendar_year_trend,0.05767636839607596,-0.05767636839607596,1854,1.4751771823681856
tmax,absolute_error,lead,0.23212361657258485,0.0002548706966494582,1854,1.4751771823681856
tmax,absolute_error,season,0.16423114126044033,0.03141328543026626,1854,1.4751771823681856
tmax,absolute_error,weather_narrative,0.07773039166582786,-0.016772966387551307,1854,1.4751771823681856
tmax,absolute_revision,rain10,0.0027275684234717937,-0.0005377901704762175,1648,0.3861116514296852
tmax,absolute_revision,temp_change,0.011712505900403658,0.0016487745046832333,1648,0.3861116514296852
tmax,absolute_revision,spatial_spread,0.013627241164382388,-0.0004775290327547415,1648,0.3861116514296852
tmax,absolute_revision,calendar_year_trend,0.002086202208781151,0.002086202208781151,1648,0.3861116514296852
tmax,absolute_revision,lead,0.0665219357996351,1.1949590907186694e-05,1648,0.3861116514296852
tmax,absolute_revision,season,0.04951162819908882,0.005971406937776139,1648,0.3861116514296852
tmax,absolute_revision,weather_narrative,0.012669610212084705,-0.0009033456203036993,1648,0.3861116514296852
tmax,absolute_revision,elapsed_hours,0.0009037091784439851,-4.202729802458782e-06,1648,0.3861116514296852
tmin,absolute_error,rain10,0.042234056333776,-0.008285961308051523,1854,1.0565585088021985
tmin,absolute_error,temp_change,0.1187056599800206,0.015081404396024494,1854,1.0565585088021985
tmin,absolute_error,spatial_spread,0.04595264671688849,0.005890384777047069,1854,1.0565585088021985
tmin,absolute_error,calendar_year_trend,0.08501916802124462,0.08501916802124462,1854,1.0565585088021985
tmin,absolute_error,lead,0.1800321241874109,0.000189387206616823,1854,1.0565585088021985
tmin,absolute_error,season,0.07055910422016033,0.011960321563349634,1854,1.0565585088021985
tmin,absolute_error,weather_narrative,0.05079732704762093,-0.0011417158769313292,1854,1.0565585088021985
tmin,absolute_revision,rain10,0.0030876141322609425,-0.0006061629959982163,1648,0.2872402408234622
tmin,absolute_revision,temp_change,0.02112162636772597,0.0026802654044734255,1648,0.2872402408234622
tmin,absolute_revision,spatial_spread,0.008557059726837025,0.001095127043288103,1648,0.2872402408234622
tmin,absolute_revision,calendar_year_trend,0.059801049005674504,0.059801049005674504,1648,0.2872402408234622
tmin,absolute_revision,lead,0.06992916252154667,1.5461463188529117e-05,1648,0.2872402408234622
tmin,absolute_revision,season,0.04813302426482729,0.001319349555145096,1648,0.2872402408234622
tmin,absolute_revision,weather_narrative,0.007425136001340375,0.0009833063741560772,1648,0.2872402408234622
tmin,absolute_revision,elapsed_hours,0.006872162763093806,-3.199338376403394e-05,1648,0.2872402408234622
