scope,metric,unit,n_matched_target_dates,near_leads,far_leads,mean_near_target_mar,mean_far_target_mar,near_minus_far,ci95_low,ci95_high
all_archived_pairs,tmin,degC,1454,1-3,7-8,0.07351351651557979,0.08119009410274886,-0.007676577587169061,-0.013814069403391924,-0.0016674497365694078
all_archived_pairs,tmax,degC,1454,1-3,7-8,0.10268769133968585,0.10765349009846946,-0.004965798758783631,-0.011967870363245156,0.0022737516762619888
all_archived_pairs,rh_min,percentage_points,1454,1-3,7-8,0.4770242271101968,0.6072847754415842,-0.1302605483313874,-0.16775772513822712,-0.08855710381243373
all_archived_pairs,rh_max,percentage_points,1454,1-3,7-8,0.28031731565087825,0.43408031484028736,-0.15376299918940908,-0.190871346386305,-0.11896338678706272
consecutive_le24h,tmin,degC,1454,1-3,7-8,0.07338251500906247,0.08084621514814087,-0.007463700139078406,-0.01358544448253865,-0.0014263046196505748
consecutive_le24h,tmax,degC,1454,1-3,7-8,0.10273436062638264,0.10730961114386148,-0.004575250517478856,-0.011815302752802756,0.0026798574438704967
consecutive_le24h,rh_min,percentage_points,1454,1-3,7-8,0.4757633376099676,0.6038459858955044,-0.12808264828553687,-0.1665402685347666,-0.08752322609569861
consecutive_le24h,rh_max,percentage_points,1454,1-3,7-8,0.28048925512818224,0.43236092006724747,-0.1518716649390652,-0.18879892292675987,-0.11721310722557289
daily_latest,tmin,degC,1453,1-3,7-8,0.2764395503555861,0.31245698554714385,-0.036017435191557715,-0.05781429226886908,-0.012953085570084892
daily_latest,tmax,degC,1453,1-3,7-8,0.3799036476256022,0.4163799036476256,-0.03647625602202343,-0.06228779536590974,-0.009744207387015381
daily_latest,rh_min,percentage_points,1453,1-3,7-8,1.7389309474650152,2.312456985547144,-0.5735260380821289,-0.717509749942649,-0.41808614361092006
daily_latest,rh_max,percentage_points,1453,1-3,7-8,1.0243175040146824,1.6431520991052995,-0.618834595090617,-0.7564951823812807,-0.4828802477632491
