scope,lead_days,n_candidate_pairs,n_pairs,n_changed,change_frequency_pct
all_archived_pairs,1,5655,5655,255,4.5092838196286475
all_archived_pairs,2,5651,5651,190,3.3622367722526985
all_archived_pairs,3,5648,5648,202,3.576487252124646
all_archived_pairs,4,5644,5644,213,3.7739192062367115
all_archived_pairs,5,5640,5640,241,4.273049645390071
all_archived_pairs,6,5636,5636,243,4.311568488289567
all_archived_pairs,7,5632,5632,244,4.332386363636363
all_archived_pairs,8,5627,5627,252,4.478407677270304
all_archived_pairs,9,1481,1481,6,0.4051316677920324
consecutive_le24h,1,5654,5654,255,4.510081358330385
consecutive_le24h,2,5650,5650,190,3.3628318584070795
consecutive_le24h,3,5647,5647,202,3.577120595006198
consecutive_le24h,4,5643,5643,213,3.7745879851143007
consecutive_le24h,5,5639,5639,241,4.273807412661819
consecutive_le24h,6,5635,5635,243,4.312333629103815
consecutive_le24h,7,5631,5631,244,4.333155744983129
consecutive_le24h,8,5627,5627,252,4.478407677270304
consecutive_le24h,9,1481,1481,6,0.4051316677920324
daily_latest,1,1459,1459,223,15.284441398217957
daily_latest,2,1458,1458,183,12.551440329218106
daily_latest,3,1457,1457,194,13.315030885380919
daily_latest,4,1456,1456,203,13.942307692307692
daily_latest,5,1455,1455,233,16.013745704467354
daily_latest,6,1454,1454,237,16.299862448418157
daily_latest,7,1453,1453,240,16.517549896765313
daily_latest,8,1451,1451,247,17.022742935906273
