scope,metric,unit,n_candidate_pairs,n_pairs,n_missing_pairs,n_target_dates,mean_absolute_revision,median_absolute_revision,p90_absolute_revision,n_changed,revision_frequency_pct,mean_signed_revision,mean_elapsed_hours,mar_ci95_low,mar_ci95_high,frequency_ci95_low_pct,frequency_ci95_high_pct
all_archived_pairs,tmin,degC,46614,46614,0,1460,0.06826275367915219,0.0,0.0,3043,6.528081692195478,-0.007208134895095894,6.1767727149211265,0.06590432769147665,0.07073740372108059,6.302828011923947,6.755621009717067
all_archived_pairs,tmax,degC,46614,46614,0,1460,0.09495001501694769,0.0,0.0,4082,8.757025786244474,0.004762517698545501,6.1767727149211265,0.09229001323938033,0.09786828912521824,8.52246456847794,8.999792756207174
all_archived_pairs,rh_min,percentage_points,46614,46614,0,1460,0.4947011627408075,0.0,0.0,3865,8.291500407602866,-0.05363195606470159,6.1767727149211265,0.47768217824888065,0.511874315110176,8.048165276468108,8.529542516824256
all_archived_pairs,rh_max,percentage_points,46614,46614,0,1460,0.31878834684858626,0.0,0.0,2558,5.4876217445402675,0.021667310250139443,6.1767727149211265,0.3035651552370049,0.33480636271418857,5.25240889163033,5.716265646786796
consecutive_le24h,tmin,degC,46607,46607,0,1460,0.06818718218293389,0.0,0.0,3039,6.520479756259789,-0.00720921749951724,6.1716176396964695,0.06588698271431145,0.07061788273149705,6.296230215974131,6.747976905568105
consecutive_le24h,tmax,degC,46607,46607,0,1460,0.09492136374364366,0.0,0.0,4080,8.754049820842363,0.004763232990752462,6.1716176396964695,0.0922653150682768,0.09781171156012759,8.521011655229898,8.998802610160642
consecutive_le24h,rh_min,percentage_points,46607,46607,0,1460,0.49348810264552534,0.0,0.0,3859,8.279872122213401,-0.05449825133563628,6.1716176396964695,0.47667977483937246,0.5105422445487304,8.038536445206296,8.519746411083835
consecutive_le24h,rh_max,percentage_points,46607,46607,0,1460,0.31840710622867807,0.0,0.0,2555,5.482009140257901,0.02124144441822044,6.1716176396964695,0.30327815857119933,0.33439610471043335,5.243837104105138,5.709776943014014
daily_latest,tmin,degC,11643,11643,0,1459,0.26994760800480977,0.0,1.0,2956,25.38864553809156,-0.02842909902945976,23.998983652552322,0.25978192781344367,0.2799886673173605,24.51007135261377,26.2721394779758
daily_latest,tmax,degC,11643,11643,0,1459,0.372326719917547,0.0,1.0,3901,33.50511036674397,0.019496693292106845,23.998983652552322,0.36192823058210627,0.38319100627069214,32.64638891644848,34.384055724880234
daily_latest,rh_min,percentage_points,11643,11643,0,1459,1.9226144464485098,0.0,5.0,3673,31.54685218586275,-0.21772738984797732,23.998983652552322,1.854774855313545,1.9903917098953183,30.640425076469068,32.445721618440935
daily_latest,rh_max,percentage_points,11643,11643,0,1459,1.2419479515588765,0.0,5.0,2459,21.11998625783733,0.0858885167053165,23.998983652552322,1.180800727693298,1.3016947682539834,20.20579667899946,21.988335508342757
