forecast_issue_id,bulletin_time_hkt,valid_date,lead_days,forecast_tmax_c,observed_tmax_c,tmax_error_c,forecast_tmin_c,observed_tmin_c,tmin_error_c,observed_tmax_text,observed_tmin_text,tmax_data_completeness,tmin_data_completeness,forecast_source_relative_path,tmax_source_relative_path,tmin_source_relative_path
2,2022-01-01 00:00:00,2022-01-02,1,21,22.0,-1.0,16,16.0,0.0,22.0,16.0,C,C,01_甇瑕憭拇除?\HKO_9_DAY_FORECAST_VINTAGES_2022_2025\fnd_9day_historical_vintages\20260911T032403Z__sha256-c6b0b9cba343.xml,02_撖阡?憭拇除閫皜枯HKO_HEADQUARTERS_DAILY\obs_hko_daily_tmax\20260911T032339Z__sha256-c150e0eccf50.csv,02_撖阡?憭拇除閫皜枯HKO_HEADQUARTERS_DAILY\obs_hko_daily_tmin\20260911T032348Z__sha256-93f9d4bc1d68.csv
2,2022-01-01 00:00:00,2022-01-03,2,21,20.5,0.5,17,17.0,0.0,20.5,17.0,C,C,01_甇瑕憭拇除?\HKO_9_DAY_FORECAST_VINTAGES_2022_2025\fnd_9day_historical_vintages\20260911T032403Z__sha256-c6b0b9cba343.xml,02_撖阡?憭拇除閫皜枯HKO_HEADQUARTERS_DAILY\obs_hko_daily_tmax\20260911T032339Z__sha256-c150e0eccf50.csv,02_撖阡?憭拇除閫皜枯HKO_HEADQUARTERS_DAILY\obs_hko_daily_tmin\20260911T032348Z__sha256-93f9d4bc1d68.csv
2,2022-01-01 00:00:00,2022-01-04,3,22,21.5,0.5,18,17.4,0.6,21.5,17.4,C,C,01_甇瑕憭拇除?\HKO_9_DAY_FORECAST_VINTAGES_2022_2025\fnd_9day_historical_vintages\20260911T032403Z__sha256-c6b0b9cba343.xml,02_撖阡?憭拇除閫皜枯HKO_HEADQUARTERS_DAILY\obs_hko_daily_tmax\20260911T032339Z__sha256-c150e0eccf50.csv,02_撖阡?憭拇除閫皜枯HKO_HEADQUARTERS_DAILY\obs_hko_daily_tmin\20260911T032348Z__sha256-93f9d4bc1d68.csv
2,2022-01-01 00:00:00,2022-01-05,4,22,23.6,-1.6,19,18.3,0.7,23.6,18.3,C,C,01_甇瑕憭拇除?\HKO_9_DAY_FORECAST_VINTAGES_2022_2025\fnd_9day_historical_vintages\20260911T032403Z__sha256-c6b0b9cba343.xml,02_撖阡?憭拇除閫皜枯HKO_HEADQUARTERS_DAILY\obs_hko_daily_tmax\20260911T032339Z__sha256-c150e0eccf50.csv,02_撖阡?憭拇除閫皜枯HKO_HEADQUARTERS_DAILY\obs_hko_daily_tmin\20260911T032348Z__sha256-93f9d4bc1d68.csv
2,2022-01-01 00:00:00,2022-01-06,5,22,23.6,-1.6,19,18.3,0.7,23.6,18.3,C,C,01_甇瑕憭拇除?\HKO_9_DAY_FORECAST_VINTAGES_2022_2025\fnd_9day_historical_vintages\20260911T032403Z__sha256-c6b0b9cba343.xml,02_撖阡?憭拇除閫皜枯HKO_HEADQUARTERS_DAILY\obs_hko_daily_tmax\20260911T032339Z__sha256-c150e0eccf50.csv,02_撖阡?憭拇除閫皜枯HKO_HEADQUARTERS_DAILY\obs_hko_daily_tmin\20260911T032348Z__sha256-93f9d4bc1d68.csv
2,2022-01-01 00:00:00,2022-01-07,6,21,21.1,-0.1,18,17.2,0.8,21.1,17.2,C,C,01_甇瑕憭拇除?\HKO_9_DAY_FORECAST_VINTAGES_2022_2025\fnd_9day_historical_vintages\20260911T032403Z__sha256-c6b0b9cba343.xml,02_撖阡?憭拇除閫皜枯HKO_HEADQUARTERS_DAILY\obs_hko_daily_tmax\20260911T032339Z__sha256-c150e0eccf50.csv,02_撖阡?憭拇除閫皜枯HKO_HEADQUARTERS_DAILY\obs_hko_daily_tmin\20260911T032348Z__sha256-93f9d4bc1d68.csv
10,2022-01-01 07:50:00,2022-01-02,1,21,22.0,-1.0,16,16.0,0.0,22.0,16.0,C,C,01_甇瑕憭拇除?\HKO_9_DAY_FORECAST_VINTAGES_2022_2025\fnd_9day_historical_vintages\20260911T040900Z__sha256-125b8b1f2704.xml,02_撖阡?憭拇除閫皜枯HKO_HEADQUARTERS_DAILY\obs_hko_daily_tmax\20260911T032339Z__sha256-c150e0eccf50.csv,02_撖阡?憭拇除閫皜枯HKO_HEADQUARTERS_DAILY\obs_hko_daily_tmin\20260911T032348Z__sha256-93f9d4bc1d68.csv
10,2022-01-01 07:50:00,2022-01-03,2,21,20.5,0.5,17,17.0,0.0,20.5,17.0,C,C,01_甇瑕憭拇除?\HKO_9_DAY_FORECAST_VINTAGES_2022_2025\fnd_9day_historical_vintages\20260911T040900Z__sha256-125b8b1f2704.xml,02_撖阡?憭拇除閫皜枯HKO_HEADQUARTERS_DAILY\obs_hko_daily_tmax\20260911T032339Z__sha256-c150e0eccf50.csv,02_撖阡?憭拇除閫皜枯HKO_HEADQUARTERS_DAILY\obs_hko_daily_tmin\20260911T032348Z__sha256-93f9d4bc1d68.csv
10,2022-01-01 07:50:00,2022-01-04,3,22,21.5,0.5,18,17.4,0.6,21.5,17.4,C,C,01_甇瑕憭拇除?\HKO_9_DAY_FORECAST_VINTAGES_2022_2025\fnd_9day_historical_vintages\20260911T040900Z__sha256-125b8b1f2704.xml,02_撖阡?憭拇除閫皜枯HKO_HEADQUARTERS_DAILY\obs_hko_daily_tmax\20260911T032339Z__sha256-c150e0eccf50.csv,02_撖阡?憭拇除閫皜枯HKO_HEADQUARTERS_DAILY\obs_hko_daily_tmin\20260911T032348Z__sha256-93f9d4bc1d68.csv
10,2022-01-01 07:50:00,2022-01-05,4,22,23.6,-1.6,19,18.3,0.7,23.6,18.3,C,C,01_甇瑕憭拇除?\HKO_9_DAY_FORECAST_VINTAGES_2022_2025\fnd_9day_historical_vintages\20260911T040900Z__sha256-125b8b1f2704.xml,02_撖阡?憭拇除閫皜枯HKO_HEADQUARTERS_DAILY\obs_hko_daily_tmax\20260911T032339Z__sha256-c150e0eccf50.csv,02_撖阡?憭拇除閫皜枯HKO_HEADQUARTERS_DAILY\obs_hko_daily_tmin\20260911T032348Z__sha256-93f9d4bc1d68.csv
10,2022-01-01 07:50:00,2022-01-06,5,22,23.6,-1.6,19,18.3,0.7,23.6,18.3,C,C,01_甇瑕憭拇除?\HKO_9_DAY_FORECAST_VINTAGES_2022_2025\fnd_9day_historical_vintages\20260911T040900Z__sha256-125b8b1f2704.xml,02_撖阡?憭拇除閫皜枯HKO_HEADQUARTERS_DAILY\obs_hko_daily_tmax\20260911T032339Z__sha256-c150e0eccf50.csv,02_撖阡?憭拇除閫皜枯HKO_HEADQUARTERS_DAILY\obs_hko_daily_tmin\20260911T032348Z__sha256-93f9d4bc1d68.csv
10,2022-01-01 07:50:00,2022-01-07,6,21,21.1,-0.1,18,17.2,0.8,21.1,17.2,C,C,01_甇瑕憭拇除?\HKO_9_DAY_FORECAST_VINTAGES_2022_2025\fnd_9day_historical_vintages\20260911T040900Z__sha256-125b8b1f2704.xml,02_撖阡?憭拇除閫皜枯HKO_HEADQUARTERS_DAILY\obs_hko_daily_tmax\20260911T032339Z__sha256-c150e0eccf50.csv,02_撖阡?憭拇除閫皜枯HKO_HEADQUARTERS_DAILY\obs_hko_daily_tmin\20260911T032348Z__sha256-93f9d4bc1d68.csv
12,2022-01-01 12:30:00,2022-01-02,1,21,22.0,-1.0,16,16.0,0.0,22.0,16.0,C,C,01_甇瑕憭拇除?\HKO_9_DAY_FORECAST_VINTAGES_2022_2025\fnd_9day_historical_vintages\20260911T040900Z__sha256-b16e314f21ac.xml,02_撖阡?憭拇除閫皜枯HKO_HEADQUARTERS_DAILY\obs_hko_daily_tmax\20260911T032339Z__sha256-c150e0eccf50.csv,02_撖阡?憭拇除閫皜枯HKO_HEADQUARTERS_DAILY\obs_hko_daily_tmin\20260911T032348Z__sha256-93f9d4bc1d68.csv
12,2022-01-01 12:30:00,2022-01-03,2,21,20.5,0.5,17,17.0,0.0,20.5,17.0,C,C,01_甇瑕憭拇除?\HKO_9_DAY_FORECAST_VINTAGES_2022_2025\fnd_9day_historical_vintages\20260911T040900Z__sha256-b16e314f21ac.xml,02_撖阡?憭拇除閫皜枯HKO_HEADQUARTERS_DAILY\obs_hko_daily_tmax\20260911T032339Z__sha256-c150e0eccf50.csv,02_撖阡?憭拇除閫皜枯HKO_HEADQUARTERS_DAILY\obs_hko_daily_tmin\20260911T032348Z__sha256-93f9d4bc1d68.csv
12,2022-01-01 12:30:00,2022-01-04,3,22,21.5,0.5,18,17.4,0.6,21.5,17.4,C,C,01_甇瑕憭拇除?\HKO_9_DAY_FORECAST_VINTAGES_2022_2025\fnd_9day_historical_vintages\20260911T040900Z__sha256-b16e314f21ac.xml,02_撖阡?憭拇除閫皜枯HKO_HEADQUARTERS_DAILY\obs_hko_daily_tmax\20260911T032339Z__sha256-c150e0eccf50.csv,02_撖阡?憭拇除閫皜枯HKO_HEADQUARTERS_DAILY\obs_hko_daily_tmin\20260911T032348Z__sha256-93f9d4bc1d68.csv
12,2022-01-01 12:30:00,2022-01-05,4,22,23.6,-1.6,19,18.3,0.7,23.6,18.3,C,C,01_甇瑕憭拇除?\HKO_9_DAY_FORECAST_VINTAGES_2022_2025\fnd_9day_historical_vintages\20260911T040900Z__sha256-b16e314f21ac.xml,02_撖阡?憭拇除閫皜枯HKO_HEADQUARTERS_DAILY\obs_hko_daily_tmax\20260911T032339Z__sha256-c150e0eccf50.csv,02_撖阡?憭拇除閫皜枯HKO_HEADQUARTERS_DAILY\obs_hko_daily_tmin\20260911T032348Z__sha256-93f9d4bc1d68.csv
12,2022-01-01 12:30:00,2022-01-06,5,22,23.6,-1.6,19,18.3,0.7,23.6,18.3,C,C,01_甇瑕憭拇除?\HKO_9_DAY_FORECAST_VINTAGES_2022_2025\fnd_9day_historical_vintages\20260911T040900Z__sha256-b16e314f21ac.xml,02_撖阡?憭拇除閫皜枯HKO_HEADQUARTERS_DAILY\obs_hko_daily_tmax\20260911T032339Z__sha256-c150e0eccf50.csv,02_撖阡?憭拇除閫皜枯HKO_HEADQUARTERS_DAILY\obs_hko_daily_tmin\20260911T032348Z__sha256-93f9d4bc1d68.csv
12,2022-01-01 12:30:00,2022-01-07,6,21,21.1,-0.1,18,17.2,0.8,21.1,17.2,C,C,01_甇瑕憭拇除?\HKO_9_DAY_FORECAST_VINTAGES_2022_2025\fnd_9day_historical_vintages\20260911T040900Z__sha256-b16e314f21ac.xml,02_撖阡?憭拇除閫皜枯HKO_HEADQUARTERS_DAILY\obs_hko_daily_tmax\20260911T032339Z__sha256-c150e0eccf50.csv,02_撖阡?憭拇除閫皜枯HKO_HEADQUARTERS_DAILY\obs_hko_daily_tmin\20260911T032348Z__sha256-93f9d4bc1d68.csv
11,2022-01-01 16:30:00,2022-01-02,1,21,22.0,-1.0,16,16.0,0.0,22.0,16.0,C,C,01_甇瑕憭拇除?\HKO_9_DAY_FORECAST_VINTAGES_2022_2025\fnd_9day_historical_vintages\20260911T040900Z__sha256-93a6788814d1.xml,02_撖阡?憭拇除閫皜枯HKO_HEADQUARTERS_DAILY\obs_hko_daily_tmax\20260911T032339Z__sha256-c150e0eccf50.csv,02_撖阡?憭拇除閫皜枯HKO_HEADQUARTERS_DAILY\obs_hko_daily_tmin\20260911T032348Z__sha256-93f9d4bc1d68.csv
11,2022-01-01 16:30:00,2022-01-03,2,21,20.5,0.5,17,17.0,0.0,20.5,17.0,C,C,01_甇瑕憭拇除?\HKO_9_DAY_FORECAST_VINTAGES_2022_2025\fnd_9day_historical_vintages\20260911T040900Z__sha256-93a6788814d1.xml,02_撖阡?憭拇除閫皜枯HKO_HEADQUARTERS_DAILY\obs_hko_daily_tmax\20260911T032339Z__sha256-c150e0eccf50.csv,02_撖阡?憭拇除閫皜枯HKO_HEADQUARTERS_DAILY\obs_hko_daily_tmin\20260911T032348Z__sha256-93f9d4bc1d68.csv
11,2022-01-01 16:30:00,2022-01-04,3,22,21.5,0.5,18,17.4,0.6,21.5,17.4,C,C,01_甇瑕憭拇除?\HKO_9_DAY_FORECAST_VINTAGES_2022_2025\fnd_9day_historical_vintages\20260911T040900Z__sha256-93a6788814d1.xml,02_撖阡?憭拇除閫皜枯HKO_HEADQUARTERS_DAILY\obs_hko_daily_tmax\20260911T032339Z__sha256-c150e0eccf50.csv,02_撖阡?憭拇除閫皜枯HKO_HEADQUARTERS_DAILY\obs_hko_daily_tmin\20260911T032348Z__sha256-93f9d4bc1d68.csv
11,2022-01-01 16:30:00,2022-01-05,4,22,23.6,-1.6,19,18.3,0.7,23.6,18.3,C,C,01_甇瑕憭拇除?\HKO_9_DAY_FORECAST_VINTAGES_2022_2025\fnd_9day_historical_vintages\20260911T040900Z__sha256-93a6788814d1.xml,02_撖阡?憭拇除閫皜枯HKO_HEADQUARTERS_DAILY\obs_hko_daily_tmax\20260911T032339Z__sha256-c150e0eccf50.csv,02_撖阡?憭拇除閫皜枯HKO_HEADQUARTERS_DAILY\obs_hko_daily_tmin\20260911T032348Z__sha256-93f9d4bc1d68.csv
11,2022-01-01 16:30:00,2022-01-06,5,22,23.6,-1.6,19,18.3,0.7,23.6,18.3,C,C,01_甇瑕憭拇除?\HKO_9_DAY_FORECAST_VINTAGES_2022_2025\fnd_9day_historical_vintages\20260911T040900Z__sha256-93a6788814d1.xml,02_撖阡?憭拇除閫皜枯HKO_HEADQUARTERS_DAILY\obs_hko_daily_tmax\20260911T032339Z__sha256-c150e0eccf50.csv,02_撖阡?憭拇除閫皜枯HKO_HEADQUARTERS_DAILY\obs_hko_daily_tmin\20260911T032348Z__sha256-93f9d4bc1d68.csv
11,2022-01-01 16:30:00,2022-01-07,6,21,21.1,-0.1,18,17.2,0.8,21.1,17.2,C,C,01_甇瑕憭拇除?\HKO_9_DAY_FORECAST_VINTAGES_2022_2025\fnd_9day_historical_vintages\20260911T040900Z__sha256-93a6788814d1.xml,02_撖阡?憭拇除閫皜枯HKO_HEADQUARTERS_DAILY\obs_hko_daily_tmax\20260911T032339Z__sha256-c150e0eccf50.csv,02_撖阡?憭拇除閫皜枯HKO_HEADQUARTERS_DAILY\obs_hko_daily_tmin\20260911T032348Z__sha256-93f9d4bc1d68.csv
9,2022-01-02 01:30:00,2022-01-03,1,21,20.5,0.5,17,17.0,0.0,20.5,17.0,C,C,01_甇瑕憭拇除?\HKO_9_DAY_FORECAST_VINTAGES_2022_2025\fnd_9day_historical_vintages\20260911T040900Z__sha256-1193bec4d6cb.xml,02_撖阡?憭拇除閫皜枯HKO_HEADQUARTERS_DAILY\obs_hko_daily_tmax\20260911T032339Z__sha256-c150e0eccf50.csv,02_撖阡?憭拇除閫皜枯HKO_HEADQUARTERS_DAILY\obs_hko_daily_tmin\20260911T032348Z__sha256-93f9d4bc1d68.csv
9,2022-01-02 01:30:00,2022-01-04,2,22,21.5,0.5,18,17.4,0.6,21.5,17.4,C,C,01_甇瑕憭拇除?\HKO_9_DAY_FORECAST_VINTAGES_2022_2025\fnd_9day_historical_vintages\20260911T040900Z__sha256-1193bec4d6cb.xml,02_撖阡?憭拇除閫皜枯HKO_HEADQUARTERS_DAILY\obs_hko_daily_tmax\20260911T032339Z__sha256-c150e0eccf50.csv,02_撖阡?憭拇除閫皜枯HKO_HEADQUARTERS_DAILY\obs_hko_daily_tmin\20260911T032348Z__sha256-93f9d4bc1d68.csv
9,2022-01-02 01:30:00,2022-01-05,3,22,23.6,-1.6,19,18.3,0.7,23.6,18.3,C,C,01_甇瑕憭拇除?\HKO_9_DAY_FORECAST_VINTAGES_2022_2025\fnd_9day_historical_vintages\20260911T040900Z__sha256-1193bec4d6cb.xml,02_撖阡?憭拇除閫皜枯HKO_HEADQUARTERS_DAILY\obs_hko_daily_tmax\20260911T032339Z__sha256-c150e0eccf50.csv,02_撖阡?憭拇除閫皜枯HKO_HEADQUARTERS_DAILY\obs_hko_daily_tmin\20260911T032348Z__sha256-93f9d4bc1d68.csv
9,2022-01-02 01:30:00,2022-01-06,4,22,23.6,-1.6,19,18.3,0.7,23.6,18.3,C,C,01_甇瑕憭拇除?\HKO_9_DAY_FORECAST_VINTAGES_2022_2025\fnd_9day_historical_vintages\20260911T040900Z__sha256-1193bec4d6cb.xml,02_撖阡?憭拇除閫皜枯HKO_HEADQUARTERS_DAILY\obs_hko_daily_tmax\20260911T032339Z__sha256-c150e0eccf50.csv,02_撖阡?憭拇除閫皜枯HKO_HEADQUARTERS_DAILY\obs_hko_daily_tmin\20260911T032348Z__sha256-93f9d4bc1d68.csv
9,2022-01-02 01:30:00,2022-01-07,5,21,21.1,-0.1,18,17.2,0.8,21.1,17.2,C,C,01_甇瑕憭拇除?\HKO_9_DAY_FORECAST_VINTAGES_2022_2025\fnd_9day_historical_vintages\20260911T040900Z__sha256-1193bec4d6cb.xml,02_撖阡?憭拇除閫皜枯HKO_HEADQUARTERS_DAILY\obs_hko_daily_tmax\20260911T032339Z__sha256-c150e0eccf50.csv,02_撖阡?憭拇除閫皜枯HKO_HEADQUARTERS_DAILY\obs_hko_daily_tmin\20260911T032348Z__sha256-93f9d4bc1d68.csv
14,2022-01-02 07:45:00,2022-01-03,1,21,20.5,0.5,17,17.0,0.0,20.5,17.0,C,C,01_甇瑕憭拇除?\HKO_9_DAY_FORECAST_VINTAGES_2022_2025\fnd_9day_historical_vintages\20260911T040901Z__sha256-79bb413713b0.xml,02_撖阡?憭拇除閫皜枯HKO_HEADQUARTERS_DAILY\obs_hko_daily_tmax\20260911T032339Z__sha256-c150e0eccf50.csv,02_撖阡?憭拇除閫皜枯HKO_HEADQUARTERS_DAILY\obs_hko_daily_tmin\20260911T032348Z__sha256-93f9d4bc1d68.csv
14,2022-01-02 07:45:00,2022-01-04,2,22,21.5,0.5,18,17.4,0.6,21.5,17.4,C,C,01_甇瑕憭拇除?\HKO_9_DAY_FORECAST_VINTAGES_2022_2025\fnd_9day_historical_vintages\20260911T040901Z__sha256-79bb413713b0.xml,02_撖阡?憭拇除閫皜枯HKO_HEADQUARTERS_DAILY\obs_hko_daily_tmax\20260911T032339Z__sha256-c150e0eccf50.csv,02_撖阡?憭拇除閫皜枯HKO_HEADQUARTERS_DAILY\obs_hko_daily_tmin\20260911T032348Z__sha256-93f9d4bc1d68.csv
14,2022-01-02 07:45:00,2022-01-05,3,22,23.6,-1.6,19,18.3,0.7,23.6,18.3,C,C,01_甇瑕憭拇除?\HKO_9_DAY_FORECAST_VINTAGES_2022_2025\fnd_9day_historical_vintages\20260911T040901Z__sha256-79bb413713b0.xml,02_撖阡?憭拇除閫皜枯HKO_HEADQUARTERS_DAILY\obs_hko_daily_tmax\20260911T032339Z__sha256-c150e0eccf50.csv,02_撖阡?憭拇除閫皜枯HKO_HEADQUARTERS_DAILY\obs_hko_daily_tmin\20260911T032348Z__sha256-93f9d4bc1d68.csv
14,2022-01-02 07:45:00,2022-01-06,4,22,23.6,-1.6,19,18.3,0.7,23.6,18.3,C,C,01_甇瑕憭拇除?\HKO_9_DAY_FORECAST_VINTAGES_2022_2025\fnd_9day_historical_vintages\20260911T040901Z__sha256-79bb413713b0.xml,02_撖阡?憭拇除閫皜枯HKO_HEADQUARTERS_DAILY\obs_hko_daily_tmax\20260911T032339Z__sha256-c150e0eccf50.csv,02_撖阡?憭拇除閫皜枯HKO_HEADQUARTERS_DAILY\obs_hko_daily_tmin\20260911T032348Z__sha256-93f9d4bc1d68.csv
14,2022-01-02 07:45:00,2022-01-07,5,21,21.1,-0.1,18,17.2,0.8,21.1,17.2,C,C,01_甇瑕憭拇除?\HKO_9_DAY_FORECAST_VINTAGES_2022_2025\fnd_9day_historical_vintages\20260911T040901Z__sha256-79bb413713b0.xml,02_撖阡?憭拇除閫皜枯HKO_HEADQUARTERS_DAILY\obs_hko_daily_tmax\20260911T032339Z__sha256-c150e0eccf50.csv,02_撖阡?憭拇除閫皜枯HKO_HEADQUARTERS_DAILY\obs_hko_daily_tmin\20260911T032348Z__sha256-93f9d4bc1d68.csv
13,2022-01-02 11:30:00,2022-01-03,1,21,20.5,0.5,17,17.0,0.0,20.5,17.0,C,C,01_甇瑕憭拇除?\HKO_9_DAY_FORECAST_VINTAGES_2022_2025\fnd_9day_historical_vintages\20260911T040901Z__sha256-3711c5d658fb.xml,02_撖阡?憭拇除閫皜枯HKO_HEADQUARTERS_DAILY\obs_hko_daily_tmax\20260911T032339Z__sha256-c150e0eccf50.csv,02_撖阡?憭拇除閫皜枯HKO_HEADQUARTERS_DAILY\obs_hko_daily_tmin\20260911T032348Z__sha256-93f9d4bc1d68.csv
13,2022-01-02 11:30:00,2022-01-04,2,21,21.5,-0.5,18,17.4,0.6,21.5,17.4,C,C,01_甇瑕憭拇除?\HKO_9_DAY_FORECAST_VINTAGES_2022_2025\fnd_9day_historical_vintages\20260911T040901Z__sha256-3711c5d658fb.xml,02_撖阡?憭拇除閫皜枯HKO_HEADQUARTERS_DAILY\obs_hko_daily_tmax\20260911T032339Z__sha256-c150e0eccf50.csv,02_撖阡?憭拇除閫皜枯HKO_HEADQUARTERS_DAILY\obs_hko_daily_tmin\20260911T032348Z__sha256-93f9d4bc1d68.csv
13,2022-01-02 11:30:00,2022-01-05,3,22,23.6,-1.6,19,18.3,0.7,23.6,18.3,C,C,01_甇瑕憭拇除?\HKO_9_DAY_FORECAST_VINTAGES_2022_2025\fnd_9day_historical_vintages\20260911T040901Z__sha256-3711c5d658fb.xml,02_撖阡?憭拇除閫皜枯HKO_HEADQUARTERS_DAILY\obs_hko_daily_tmax\20260911T032339Z__sha256-c150e0eccf50.csv,02_撖阡?憭拇除閫皜枯HKO_HEADQUARTERS_DAILY\obs_hko_daily_tmin\20260911T032348Z__sha256-93f9d4bc1d68.csv
13,2022-01-02 11:30:00,2022-01-06,4,22,23.6,-1.6,19,18.3,0.7,23.6,18.3,C,C,01_甇瑕憭拇除?\HKO_9_DAY_FORECAST_VINTAGES_2022_2025\fnd_9day_historical_vintages\20260911T040901Z__sha256-3711c5d658fb.xml,02_撖阡?憭拇除閫皜枯HKO_HEADQUARTERS_DAILY\obs_hko_daily_tmax\20260911T032339Z__sha256-c150e0eccf50.csv,02_撖阡?憭拇除閫皜枯HKO_HEADQUARTERS_DAILY\obs_hko_daily_tmin\20260911T032348Z__sha256-93f9d4bc1d68.csv
13,2022-01-02 11:30:00,2022-01-07,5,21,21.1,-0.1,18,17.2,0.8,21.1,17.2,C,C,01_甇瑕憭拇除?\HKO_9_DAY_FORECAST_VINTAGES_2022_2025\fnd_9day_historical_vintages\20260911T040901Z__sha256-3711c5d658fb.xml,02_撖阡?憭拇除閫皜枯HKO_HEADQUARTERS_DAILY\obs_hko_daily_tmax\20260911T032339Z__sha256-c150e0eccf50.csv,02_撖阡?憭拇除閫皜枯HKO_HEADQUARTERS_DAILY\obs_hko_daily_tmin\20260911T032348Z__sha256-93f9d4bc1d68.csv
16,2022-01-02 16:30:00,2022-01-03,1,21,20.5,0.5,17,17.0,0.0,20.5,17.0,C,C,01_甇瑕憭拇除?\HKO_9_DAY_FORECAST_VINTAGES_2022_2025\fnd_9day_historical_vintages\20260911T040901Z__sha256-a0e2d181a9e1.xml,02_撖阡?憭拇除閫皜枯HKO_HEADQUARTERS_DAILY\obs_hko_daily_tmax\20260911T032339Z__sha256-c150e0eccf50.csv,02_撖阡?憭拇除閫皜枯HKO_HEADQUARTERS_DAILY\obs_hko_daily_tmin\20260911T032348Z__sha256-93f9d4bc1d68.csv
16,2022-01-02 16:30:00,2022-01-04,2,21,21.5,-0.5,18,17.4,0.6,21.5,17.4,C,C,01_甇瑕憭拇除?\HKO_9_DAY_FORECAST_VINTAGES_2022_2025\fnd_9day_historical_vintages\20260911T040901Z__sha256-a0e2d181a9e1.xml,02_撖阡?憭拇除閫皜枯HKO_HEADQUARTERS_DAILY\obs_hko_daily_tmax\20260911T032339Z__sha256-c150e0eccf50.csv,02_撖阡?憭拇除閫皜枯HKO_HEADQUARTERS_DAILY\obs_hko_daily_tmin\20260911T032348Z__sha256-93f9d4bc1d68.csv
16,2022-01-02 16:30:00,2022-01-05,3,22,23.6,-1.6,19,18.3,0.7,23.6,18.3,C,C,01_甇瑕憭拇除?\HKO_9_DAY_FORECAST_VINTAGES_2022_2025\fnd_9day_historical_vintages\20260911T040901Z__sha256-a0e2d181a9e1.xml,02_撖阡?憭拇除閫皜枯HKO_HEADQUARTERS_DAILY\obs_hko_daily_tmax\20260911T032339Z__sha256-c150e0eccf50.csv,02_撖阡?憭拇除閫皜枯HKO_HEADQUARTERS_DAILY\obs_hko_daily_tmin\20260911T032348Z__sha256-93f9d4bc1d68.csv
16,2022-01-02 16:30:00,2022-01-06,4,22,23.6,-1.6,19,18.3,0.7,23.6,18.3,C,C,01_甇瑕憭拇除?\HKO_9_DAY_FORECAST_VINTAGES_2022_2025\fnd_9day_historical_vintages\20260911T040901Z__sha256-a0e2d181a9e1.xml,02_撖阡?憭拇除閫皜枯HKO_HEADQUARTERS_DAILY\obs_hko_daily_tmax\20260911T032339Z__sha256-c150e0eccf50.csv,02_撖阡?憭拇除閫皜枯HKO_HEADQUARTERS_DAILY\obs_hko_daily_tmin\20260911T032348Z__sha256-93f9d4bc1d68.csv
16,2022-01-02 16:30:00,2022-01-07,5,21,21.1,-0.1,18,17.2,0.8,21.1,17.2,C,C,01_甇瑕憭拇除?\HKO_9_DAY_FORECAST_VINTAGES_2022_2025\fnd_9day_historical_vintages\20260911T040901Z__sha256-a0e2d181a9e1.xml,02_撖阡?憭拇除閫皜枯HKO_HEADQUARTERS_DAILY\obs_hko_daily_tmax\20260911T032339Z__sha256-c150e0eccf50.csv,02_撖阡?憭拇除閫皜枯HKO_HEADQUARTERS_DAILY\obs_hko_daily_tmin\20260911T032348Z__sha256-93f9d4bc1d68.csv
19,2022-01-03 00:00:00,2022-01-04,1,21,21.5,-0.5,18,17.4,0.6,21.5,17.4,C,C,01_甇瑕憭拇除?\HKO_9_DAY_FORECAST_VINTAGES_2022_2025\fnd_9day_historical_vintages\20260911T040901Z__sha256-ef8d8b3ff4d9.xml,02_撖阡?憭拇除閫皜枯HKO_HEADQUARTERS_DAILY\obs_hko_daily_tmax\20260911T032339Z__sha256-c150e0eccf50.csv,02_撖阡?憭拇除閫皜枯HKO_HEADQUARTERS_DAILY\obs_hko_daily_tmin\20260911T032348Z__sha256-93f9d4bc1d68.csv
19,2022-01-03 00:00:00,2022-01-05,2,22,23.6,-1.6,19,18.3,0.7,23.6,18.3,C,C,01_甇瑕憭拇除?\HKO_9_DAY_FORECAST_VINTAGES_2022_2025\fnd_9day_historical_vintages\20260911T040901Z__sha256-ef8d8b3ff4d9.xml,02_撖阡?憭拇除閫皜枯HKO_HEADQUARTERS_DAILY\obs_hko_daily_tmax\20260911T032339Z__sha256-c150e0eccf50.csv,02_撖阡?憭拇除閫皜枯HKO_HEADQUARTERS_DAILY\obs_hko_daily_tmin\20260911T032348Z__sha256-93f9d4bc1d68.csv
19,2022-01-03 00:00:00,2022-01-06,3,22,23.6,-1.6,19,18.3,0.7,23.6,18.3,C,C,01_甇瑕憭拇除?\HKO_9_DAY_FORECAST_VINTAGES_2022_2025\fnd_9day_historical_vintages\20260911T040901Z__sha256-ef8d8b3ff4d9.xml,02_撖阡?憭拇除閫皜枯HKO_HEADQUARTERS_DAILY\obs_hko_daily_tmax\20260911T032339Z__sha256-c150e0eccf50.csv,02_撖阡?憭拇除閫皜枯HKO_HEADQUARTERS_DAILY\obs_hko_daily_tmin\20260911T032348Z__sha256-93f9d4bc1d68.csv
19,2022-01-03 00:00:00,2022-01-07,4,21,21.1,-0.1,18,17.2,0.8,21.1,17.2,C,C,01_甇瑕憭拇除?\HKO_9_DAY_FORECAST_VINTAGES_2022_2025\fnd_9day_historical_vintages\20260911T040901Z__sha256-ef8d8b3ff4d9.xml,02_撖阡?憭拇除閫皜枯HKO_HEADQUARTERS_DAILY\obs_hko_daily_tmax\20260911T032339Z__sha256-c150e0eccf50.csv,02_撖阡?憭拇除閫皜枯HKO_HEADQUARTERS_DAILY\obs_hko_daily_tmin\20260911T032348Z__sha256-93f9d4bc1d68.csv
17,2022-01-03 11:30:00,2022-01-04,1,21,21.5,-0.5,18,17.4,0.6,21.5,17.4,C,C,01_甇瑕憭拇除?\HKO_9_DAY_FORECAST_VINTAGES_2022_2025\fnd_9day_historical_vintages\20260911T040901Z__sha256-bcc0550f43ce.xml,02_撖阡?憭拇除閫皜枯HKO_HEADQUARTERS_DAILY\obs_hko_daily_tmax\20260911T032339Z__sha256-c150e0eccf50.csv,02_撖阡?憭拇除閫皜枯HKO_HEADQUARTERS_DAILY\obs_hko_daily_tmin\20260911T032348Z__sha256-93f9d4bc1d68.csv
17,2022-01-03 11:30:00,2022-01-05,2,22,23.6,-1.6,19,18.3,0.7,23.6,18.3,C,C,01_甇瑕憭拇除?\HKO_9_DAY_FORECAST_VINTAGES_2022_2025\fnd_9day_historical_vintages\20260911T040901Z__sha256-bcc0550f43ce.xml,02_撖阡?憭拇除閫皜枯HKO_HEADQUARTERS_DAILY\obs_hko_daily_tmax\20260911T032339Z__sha256-c150e0eccf50.csv,02_撖阡?憭拇除閫皜枯HKO_HEADQUARTERS_DAILY\obs_hko_daily_tmin\20260911T032348Z__sha256-93f9d4bc1d68.csv
17,2022-01-03 11:30:00,2022-01-06,3,22,23.6,-1.6,19,18.3,0.7,23.6,18.3,C,C,01_甇瑕憭拇除?\HKO_9_DAY_FORECAST_VINTAGES_2022_2025\fnd_9day_historical_vintages\20260911T040901Z__sha256-bcc0550f43ce.xml,02_撖阡?憭拇除閫皜枯HKO_HEADQUARTERS_DAILY\obs_hko_daily_tmax\20260911T032339Z__sha256-c150e0eccf50.csv,02_撖阡?憭拇除閫皜枯HKO_HEADQUARTERS_DAILY\obs_hko_daily_tmin\20260911T032348Z__sha256-93f9d4bc1d68.csv
17,2022-01-03 11:30:00,2022-01-07,4,21,21.1,-0.1,18,17.2,0.8,21.1,17.2,C,C,01_甇瑕憭拇除?\HKO_9_DAY_FORECAST_VINTAGES_2022_2025\fnd_9day_historical_vintages\20260911T040901Z__sha256-bcc0550f43ce.xml,02_撖阡?憭拇除閫皜枯HKO_HEADQUARTERS_DAILY\obs_hko_daily_tmax\20260911T032339Z__sha256-c150e0eccf50.csv,02_撖阡?憭拇除閫皜枯HKO_HEADQUARTERS_DAILY\obs_hko_daily_tmin\20260911T032348Z__sha256-93f9d4bc1d68.csv
15,2022-01-03 19:45:00,2022-01-04,1,21,21.5,-0.5,17,17.4,-0.4,21.5,17.4,C,C,01_甇瑕憭拇除?\HKO_9_DAY_FORECAST_VINTAGES_2022_2025\fnd_9day_historical_vintages\20260911T040901Z__sha256-8e5cb79ac44b.xml,02_撖阡?憭拇除閫皜枯HKO_HEADQUARTERS_DAILY\obs_hko_daily_tmax\20260911T032339Z__sha256-c150e0eccf50.csv,02_撖阡?憭拇除閫皜枯HKO_HEADQUARTERS_DAILY\obs_hko_daily_tmin\20260911T032348Z__sha256-93f9d4bc1d68.csv
15,2022-01-03 19:45:00,2022-01-05,2,22,23.6,-1.6,19,18.3,0.7,23.6,18.3,C,C,01_甇瑕憭拇除?\HKO_9_DAY_FORECAST_VINTAGES_2022_2025\fnd_9day_historical_vintages\20260911T040901Z__sha256-8e5cb79ac44b.xml,02_撖阡?憭拇除閫皜枯HKO_HEADQUARTERS_DAILY\obs_hko_daily_tmax\20260911T032339Z__sha256-c150e0eccf50.csv,02_撖阡?憭拇除閫皜枯HKO_HEADQUARTERS_DAILY\obs_hko_daily_tmin\20260911T032348Z__sha256-93f9d4bc1d68.csv
15,2022-01-03 19:45:00,2022-01-06,3,22,23.6,-1.6,19,18.3,0.7,23.6,18.3,C,C,01_甇瑕憭拇除?\HKO_9_DAY_FORECAST_VINTAGES_2022_2025\fnd_9day_historical_vintages\20260911T040901Z__sha256-8e5cb79ac44b.xml,02_撖阡?憭拇除閫皜枯HKO_HEADQUARTERS_DAILY\obs_hko_daily_tmax\20260911T032339Z__sha256-c150e0eccf50.csv,02_撖阡?憭拇除閫皜枯HKO_HEADQUARTERS_DAILY\obs_hko_daily_tmin\20260911T032348Z__sha256-93f9d4bc1d68.csv
15,2022-01-03 19:45:00,2022-01-07,4,21,21.1,-0.1,18,17.2,0.8,21.1,17.2,C,C,01_甇瑕憭拇除?\HKO_9_DAY_FORECAST_VINTAGES_2022_2025\fnd_9day_historical_vintages\20260911T040901Z__sha256-8e5cb79ac44b.xml,02_撖阡?憭拇除閫皜枯HKO_HEADQUARTERS_DAILY\obs_hko_daily_tmax\20260911T032339Z__sha256-c150e0eccf50.csv,02_撖阡?憭拇除閫皜枯HKO_HEADQUARTERS_DAILY\obs_hko_daily_tmin\20260911T032348Z__sha256-93f9d4bc1d68.csv
20,2022-01-04 00:00:00,2022-01-05,1,22,23.6,-1.6,19,18.3,0.7,23.6,18.3,C,C,01_甇瑕憭拇除?\HKO_9_DAY_FORECAST_VINTAGES_2022_2025\fnd_9day_historical_vintages\20260911T040901Z__sha256-ffd14af714ab.xml,02_撖阡?憭拇除閫皜枯HKO_HEADQUARTERS_DAILY\obs_hko_daily_tmax\20260911T032339Z__sha256-c150e0eccf50.csv,02_撖阡?憭拇除閫皜枯HKO_HEADQUARTERS_DAILY\obs_hko_daily_tmin\20260911T032348Z__sha256-93f9d4bc1d68.csv
20,2022-01-04 00:00:00,2022-01-06,2,22,23.6,-1.6,19,18.3,0.7,23.6,18.3,C,C,01_甇瑕憭拇除?\HKO_9_DAY_FORECAST_VINTAGES_2022_2025\fnd_9day_historical_vintages\20260911T040901Z__sha256-ffd14af714ab.xml,02_撖阡?憭拇除閫皜枯HKO_HEADQUARTERS_DAILY\obs_hko_daily_tmax\20260911T032339Z__sha256-c150e0eccf50.csv,02_撖阡?憭拇除閫皜枯HKO_HEADQUARTERS_DAILY\obs_hko_daily_tmin\20260911T032348Z__sha256-93f9d4bc1d68.csv
20,2022-01-04 00:00:00,2022-01-07,3,21,21.1,-0.1,18,17.2,0.8,21.1,17.2,C,C,01_甇瑕憭拇除?\HKO_9_DAY_FORECAST_VINTAGES_2022_2025\fnd_9day_historical_vintages\20260911T040901Z__sha256-ffd14af714ab.xml,02_撖阡?憭拇除閫皜枯HKO_HEADQUARTERS_DAILY\obs_hko_daily_tmax\20260911T032339Z__sha256-c150e0eccf50.csv,02_撖阡?憭拇除閫皜枯HKO_HEADQUARTERS_DAILY\obs_hko_daily_tmin\20260911T032348Z__sha256-93f9d4bc1d68.csv
18,2022-01-04 11:55:00,2022-01-05,1,22,23.6,-1.6,18,18.3,-0.3,23.6,18.3,C,C,01_甇瑕憭拇除?\HKO_9_DAY_FORECAST_VINTAGES_2022_2025\fnd_9day_historical_vintages\20260911T040901Z__sha256-e399d72c63d4.xml,02_撖阡?憭拇除閫皜枯HKO_HEADQUARTERS_DAILY\obs_hko_daily_tmax\20260911T032339Z__sha256-c150e0eccf50.csv,02_撖阡?憭拇除閫皜枯HKO_HEADQUARTERS_DAILY\obs_hko_daily_tmin\20260911T032348Z__sha256-93f9d4bc1d68.csv
18,2022-01-04 11:55:00,2022-01-06,2,21,23.6,-2.6,18,18.3,-0.3,23.6,18.3,C,C,01_甇瑕憭拇除?\HKO_9_DAY_FORECAST_VINTAGES_2022_2025\fnd_9day_historical_vintages\20260911T040901Z__sha256-e399d72c63d4.xml,02_撖阡?憭拇除閫皜枯HKO_HEADQUARTERS_DAILY\obs_hko_daily_tmax\20260911T032339Z__sha256-c150e0eccf50.csv,02_撖阡?憭拇除閫皜枯HKO_HEADQUARTERS_DAILY\obs_hko_daily_tmin\20260911T032348Z__sha256-93f9d4bc1d68.csv
18,2022-01-04 11:55:00,2022-01-07,3,21,21.1,-0.1,17,17.2,-0.2,21.1,17.2,C,C,01_甇瑕憭拇除?\HKO_9_DAY_FORECAST_VINTAGES_2022_2025\fnd_9day_historical_vintages\20260911T040901Z__sha256-e399d72c63d4.xml,02_撖阡?憭拇除閫皜枯HKO_HEADQUARTERS_DAILY\obs_hko_daily_tmax\20260911T032339Z__sha256-c150e0eccf50.csv,02_撖阡?憭拇除閫皜枯HKO_HEADQUARTERS_DAILY\obs_hko_daily_tmin\20260911T032348Z__sha256-93f9d4bc1d68.csv
22,2022-01-04 16:30:00,2022-01-05,1,22,23.6,-1.6,18,18.3,-0.3,23.6,18.3,C,C,01_甇瑕憭拇除?\HKO_9_DAY_FORECAST_VINTAGES_2022_2025\fnd_9day_historical_vintages\20260911T040902Z__sha256-3d9da03c8939.xml,02_撖阡?憭拇除閫皜枯HKO_HEADQUARTERS_DAILY\obs_hko_daily_tmax\20260911T032339Z__sha256-c150e0eccf50.csv,02_撖阡?憭拇除閫皜枯HKO_HEADQUARTERS_DAILY\obs_hko_daily_tmin\20260911T032348Z__sha256-93f9d4bc1d68.csv
22,2022-01-04 16:30:00,2022-01-06,2,21,23.6,-2.6,18,18.3,-0.3,23.6,18.3,C,C,01_甇瑕憭拇除?\HKO_9_DAY_FORECAST_VINTAGES_2022_2025\fnd_9day_historical_vintages\20260911T040902Z__sha256-3d9da03c8939.xml,02_撖阡?憭拇除閫皜枯HKO_HEADQUARTERS_DAILY\obs_hko_daily_tmax\20260911T032339Z__sha256-c150e0eccf50.csv,02_撖阡?憭拇除閫皜枯HKO_HEADQUARTERS_DAILY\obs_hko_daily_tmin\20260911T032348Z__sha256-93f9d4bc1d68.csv
22,2022-01-04 16:30:00,2022-01-07,3,21,21.1,-0.1,17,17.2,-0.2,21.1,17.2,C,C,01_甇瑕憭拇除?\HKO_9_DAY_FORECAST_VINTAGES_2022_2025\fnd_9day_historical_vintages\20260911T040902Z__sha256-3d9da03c8939.xml,02_撖阡?憭拇除閫皜枯HKO_HEADQUARTERS_DAILY\obs_hko_daily_tmax\20260911T032339Z__sha256-c150e0eccf50.csv,02_撖阡?憭拇除閫皜枯HKO_HEADQUARTERS_DAILY\obs_hko_daily_tmin\20260911T032348Z__sha256-93f9d4bc1d68.csv
23,2022-01-05 00:00:00,2022-01-06,1,21,23.6,-2.6,18,18.3,-0.3,23.6,18.3,C,C,01_甇瑕憭拇除?\HKO_9_DAY_FORECAST_VINTAGES_2022_2025\fnd_9day_historical_vintages\20260911T040902Z__sha256-41509901374d.xml,02_撖阡?憭拇除閫皜枯HKO_HEADQUARTERS_DAILY\obs_hko_daily_tmax\20260911T032339Z__sha256-c150e0eccf50.csv,02_撖阡?憭拇除閫皜枯HKO_HEADQUARTERS_DAILY\obs_hko_daily_tmin\20260911T032348Z__sha256-93f9d4bc1d68.csv
23,2022-01-05 00:00:00,2022-01-07,2,21,21.1,-0.1,17,17.2,-0.2,21.1,17.2,C,C,01_甇瑕憭拇除?\HKO_9_DAY_FORECAST_VINTAGES_2022_2025\fnd_9day_historical_vintages\20260911T040902Z__sha256-41509901374d.xml,02_撖阡?憭拇除閫皜枯HKO_HEADQUARTERS_DAILY\obs_hko_daily_tmax\20260911T032339Z__sha256-c150e0eccf50.csv,02_撖阡?憭拇除閫皜枯HKO_HEADQUARTERS_DAILY\obs_hko_daily_tmin\20260911T032348Z__sha256-93f9d4bc1d68.csv
30,2022-01-05 07:45:00,2022-01-06,1,21,23.6,-2.6,18,18.3,-0.3,23.6,18.3,C,C,01_甇瑕憭拇除?\HKO_9_DAY_FORECAST_VINTAGES_2022_2025\fnd_9day_historical_vintages\20260911T040902Z__sha256-b070fbd51e11.xml,02_撖阡?憭拇除閫皜枯HKO_HEADQUARTERS_DAILY\obs_hko_daily_tmax\20260911T032339Z__sha256-c150e0eccf50.csv,02_撖阡?憭拇除閫皜枯HKO_HEADQUARTERS_DAILY\obs_hko_daily_tmin\20260911T032348Z__sha256-93f9d4bc1d68.csv
30,2022-01-05 07:45:00,2022-01-07,2,21,21.1,-0.1,17,17.2,-0.2,21.1,17.2,C,C,01_甇瑕憭拇除?\HKO_9_DAY_FORECAST_VINTAGES_2022_2025\fnd_9day_historical_vintages\20260911T040902Z__sha256-b070fbd51e11.xml,02_撖阡?憭拇除閫皜枯HKO_HEADQUARTERS_DAILY\obs_hko_daily_tmax\20260911T032339Z__sha256-c150e0eccf50.csv,02_撖阡?憭拇除閫皜枯HKO_HEADQUARTERS_DAILY\obs_hko_daily_tmin\20260911T032348Z__sha256-93f9d4bc1d68.csv
24,2022-01-05 11:30:00,2022-01-06,1,22,23.6,-1.6,18,18.3,-0.3,23.6,18.3,C,C,01_甇瑕憭拇除?\HKO_9_DAY_FORECAST_VINTAGES_2022_2025\fnd_9day_historical_vintages\20260911T040902Z__sha256-45296bf2a9d9.xml,02_撖阡?憭拇除閫皜枯HKO_HEADQUARTERS_DAILY\obs_hko_daily_tmax\20260911T032339Z__sha256-c150e0eccf50.csv,02_撖阡?憭拇除閫皜枯HKO_HEADQUARTERS_DAILY\obs_hko_daily_tmin\20260911T032348Z__sha256-93f9d4bc1d68.csv
24,2022-01-05 11:30:00,2022-01-07,2,21,21.1,-0.1,17,17.2,-0.2,21.1,17.2,C,C,01_甇瑕憭拇除?\HKO_9_DAY_FORECAST_VINTAGES_2022_2025\fnd_9day_historical_vintages\20260911T040902Z__sha256-45296bf2a9d9.xml,02_撖阡?憭拇除閫皜枯HKO_HEADQUARTERS_DAILY\obs_hko_daily_tmax\20260911T032339Z__sha256-c150e0eccf50.csv,02_撖阡?憭拇除閫皜枯HKO_HEADQUARTERS_DAILY\obs_hko_daily_tmin\20260911T032348Z__sha256-93f9d4bc1d68.csv
32,2022-01-05 16:30:00,2022-01-06,1,23,23.6,-0.6,18,18.3,-0.3,23.6,18.3,C,C,01_甇瑕憭拇除?\HKO_9_DAY_FORECAST_VINTAGES_2022_2025\fnd_9day_historical_vintages\20260911T040902Z__sha256-f33bf2522abd.xml,02_撖阡?憭拇除閫皜枯HKO_HEADQUARTERS_DAILY\obs_hko_daily_tmax\20260911T032339Z__sha256-c150e0eccf50.csv,02_撖阡?憭拇除閫皜枯HKO_HEADQUARTERS_DAILY\obs_hko_daily_tmin\20260911T032348Z__sha256-93f9d4bc1d68.csv
32,2022-01-05 16:30:00,2022-01-07,2,21,21.1,-0.1,17,17.2,-0.2,21.1,17.2,C,C,01_甇瑕憭拇除?\HKO_9_DAY_FORECAST_VINTAGES_2022_2025\fnd_9day_historical_vintages\20260911T040902Z__sha256-f33bf2522abd.xml,02_撖阡?憭拇除閫皜枯HKO_HEADQUARTERS_DAILY\obs_hko_daily_tmax\20260911T032339Z__sha256-c150e0eccf50.csv,02_撖阡?憭拇除閫皜枯HKO_HEADQUARTERS_DAILY\obs_hko_daily_tmin\20260911T032348Z__sha256-93f9d4bc1d68.csv
26,2022-01-06 00:00:00,2022-01-07,1,21,21.1,-0.1,17,17.2,-0.2,21.1,17.2,C,C,01_甇瑕憭拇除?\HKO_9_DAY_FORECAST_VINTAGES_2022_2025\fnd_9day_historical_vintages\20260911T040902Z__sha256-6b90491f4bdc.xml,02_撖阡?憭拇除閫皜枯HKO_HEADQUARTERS_DAILY\obs_hko_daily_tmax\20260911T032339Z__sha256-c150e0eccf50.csv,02_撖阡?憭拇除閫皜枯HKO_HEADQUARTERS_DAILY\obs_hko_daily_tmin\20260911T032348Z__sha256-93f9d4bc1d68.csv
29,2022-01-06 07:55:00,2022-01-07,1,21,21.1,-0.1,17,17.2,-0.2,21.1,17.2,C,C,01_甇瑕憭拇除?\HKO_9_DAY_FORECAST_VINTAGES_2022_2025\fnd_9day_historical_vintages\20260911T040902Z__sha256-9ddef901e203.xml,02_撖阡?憭拇除閫皜枯HKO_HEADQUARTERS_DAILY\obs_hko_daily_tmax\20260911T032339Z__sha256-c150e0eccf50.csv,02_撖阡?憭拇除閫皜枯HKO_HEADQUARTERS_DAILY\obs_hko_daily_tmin\20260911T032348Z__sha256-93f9d4bc1d68.csv
21,2022-01-06 11:30:00,2022-01-07,1,21,21.1,-0.1,16,17.2,-1.2,21.1,17.2,C,C,01_甇瑕憭拇除?\HKO_9_DAY_FORECAST_VINTAGES_2022_2025\fnd_9day_historical_vintages\20260911T040902Z__sha256-08ea0e1b44f8.xml,02_撖阡?憭拇除閫皜枯HKO_HEADQUARTERS_DAILY\obs_hko_daily_tmax\20260911T032339Z__sha256-c150e0eccf50.csv,02_撖阡?憭拇除閫皜枯HKO_HEADQUARTERS_DAILY\obs_hko_daily_tmin\20260911T032348Z__sha256-93f9d4bc1d68.csv
28,2022-01-06 16:30:00,2022-01-07,1,21,21.1,-0.1,16,17.2,-1.2,21.1,17.2,C,C,01_甇瑕憭拇除?\HKO_9_DAY_FORECAST_VINTAGES_2022_2025\fnd_9day_historical_vintages\20260911T040902Z__sha256-936226a3172c.xml,02_撖阡?憭拇除閫皜枯HKO_HEADQUARTERS_DAILY\obs_hko_daily_tmax\20260911T032339Z__sha256-c150e0eccf50.csv,02_撖阡?憭拇除閫皜枯HKO_HEADQUARTERS_DAILY\obs_hko_daily_tmin\20260911T032348Z__sha256-93f9d4bc1d68.csv
