scope,metric,denominator,n_pairs,n_target_dates,n_improved,n_worsened,n_tied,usefulness_rate_pct,ci95_low_pct,ci95_high_pct,mean_absolute_error_reduction,error_reduction_unit
consecutive_le24h,rh_max,changed_only,2555,1112,1460,1086,9,57.142857142857146,55.794525225069115,58.58059336289953,0.9307240704500979,percentage_points
consecutive_le24h,rh_max,all_pairs,46607,1460,1460,1086,44061,3.1325766515759437,2.9805014411900554,3.282036239660967,0.051022378612654753,percentage_points
consecutive_le24h,rh_min,changed_only,3859,1368,2344,1501,14,60.74112464369008,59.55078650824998,61.9063182976913,1.337133972531744,percentage_points
consecutive_le24h,rh_min,all_pairs,46607,1460,2344,1501,42762,5.0292874460917885,4.848741364130815,5.205676115620368,0.11071298302830047,percentage_points
consecutive_le24h,tmax,changed_only,4080,1407,2552,1440,88,62.549019607843135,61.330599175352994,63.8548963405266,0.29823529411764704,degC
consecutive_le24h,tmax,all_pairs,46607,1460,2552,1440,42615,5.475572338919046,5.303665975616769,5.661552516257484,0.026107666230394577,degC
consecutive_le24h,tmin,changed_only,3039,1278,1937,1012,90,63.73807173412307,62.29530612935007,65.16373964505019,0.3129976966107272,degC
consecutive_le24h,tmin,all_pairs,46607,1460,1937,1012,43658,4.156028064453837,3.983640702363588,4.328996659627154,0.020408951445061895,degC
daily_latest,rh_max,changed_only,2459,1103,1405,1045,9,57.1370475803172,55.69907948416284,58.601190591650806,0.9548596990646604,percentage_points
daily_latest,rh_max,all_pairs,11643,1459,1405,1045,9193,12.067336597096968,11.47071576888639,12.664690282671806,0.20166623722408314,percentage_points
daily_latest,rh_min,changed_only,3673,1365,2232,1427,14,60.76776476994283,59.60416173599691,61.893491225088425,1.395861693438606,percentage_points
daily_latest,rh_min,all_pairs,11643,1459,2232,1427,7984,19.170316928626644,18.504288631460415,19.819991791723087,0.4403504251481577,percentage_points
daily_latest,tmax,changed_only,3901,1404,2443,1373,85,62.62496795693412,61.42929013710747,63.95117399485572,0.3130992053319661,degC
daily_latest,tmax,all_pairs,11643,1459,2443,1373,7827,20.982564631108822,20.33875345384334,21.727643272340586,0.10490423430387358,degC
daily_latest,tmin,changed_only,2956,1276,1891,979,86,63.971583220568334,62.3976618890262,65.41238579554272,0.321786197564276,degC
daily_latest,tmin,all_pairs,11643,1459,1891,979,8773,16.24151850897535,15.589134298548114,16.931900710403205,0.08169715709009706,degC
