scope,metric,lead_days,denominator,n_pairs,n_target_dates,n_improved,n_worsened,n_tied,usefulness_rate_pct,ci95_low_pct,ci95_high_pct,mean_absolute_error_reduction,error_reduction_unit
consecutive_le24h,rh_max,1,changed_only,351,321,209,141,1,59.54415954415954,54.899468261881026,64.65560222025739,1.1595441595441596,percentage_points
consecutive_le24h,rh_max,1,all_pairs,5654,1459,209,141,5304,3.6964980544747084,3.238737906854657,4.1816022971398255,0.07198443579766536,percentage_points
consecutive_le24h,rh_max,2,changed_only,252,244,144,108,0,57.142857142857146,50.99907695297319,62.84728420247354,0.8571428571428571,percentage_points
consecutive_le24h,rh_max,2,all_pairs,5650,1458,144,108,5398,2.5486725663716814,2.164128180240728,2.9937998228520812,0.03823008849557522,percentage_points
consecutive_le24h,rh_max,3,changed_only,250,249,158,91,1,63.2,57.42823885182163,69.07939759036145,1.384,percentage_points
consecutive_le24h,rh_max,3,all_pairs,5647,1457,158,91,5398,2.797945811935541,2.405291758822087,3.224320202687265,0.06127147157782894,percentage_points
consecutive_le24h,rh_max,4,changed_only,274,274,165,109,0,60.21897810218978,54.379562043795616,66.05839416058394,1.1532846715328466,percentage_points
consecutive_le24h,rh_max,4,all_pairs,5643,1456,165,109,5369,2.9239766081871346,2.515391204282468,3.326322488616308,0.05599858231437179,percentage_points
consecutive_le24h,rh_max,5,changed_only,296,294,155,141,0,52.36486486486486,46.77627687407576,57.82312925170068,0.35135135135135137,percentage_points
consecutive_le24h,rh_max,5,all_pairs,5639,1455,155,141,5343,2.748714311048058,2.3354461471897565,3.1515999455508523,0.018442986345096647,percentage_points
consecutive_le24h,rh_max,6,changed_only,328,326,190,137,1,57.926829268292686,52.29322941356905,62.91990834983222,1.0884146341463414,percentage_points
consecutive_le24h,rh_max,6,all_pairs,5635,1454,190,137,5308,3.3717834960070987,2.951491800257737,3.8783441160559957,0.06335403726708075,percentage_points
consecutive_le24h,rh_max,7,changed_only,354,348,206,147,1,58.19209039548023,53.29419547553918,63.35227272727273,1.1497175141242937,percentage_points
consecutive_le24h,rh_max,7,all_pairs,5631,1453,206,147,5278,3.658320014207068,3.173987952452927,4.112612553420349,0.07227845853312023,percentage_points
consecutive_le24h,rh_max,8,changed_only,435,430,224,206,5,51.49425287356322,46.910041697274615,56.12119965832516,0.4781609195402299,percentage_points
consecutive_le24h,rh_max,8,all_pairs,5627,1452,224,206,5197,3.98080682424027,3.4848014422954474,4.467821906134028,0.03696463479651679,percentage_points
consecutive_le24h,rh_max,9,changed_only,15,15,9,6,0,60.0,33.33333333333333,80.0,1.1333333333333333,percentage_points
consecutive_le24h,rh_max,9,all_pairs,1481,1449,9,6,1466,0.6076975016880486,0.20352092089441923,1.0162601626016259,0.011478730587440918,percentage_points
consecutive_le24h,rh_min,1,changed_only,653,575,401,249,3,61.40888208269525,57.537125748502994,64.97734430346007,1.2679938744257273,percentage_points
consecutive_le24h,rh_min,1,all_pairs,5654,1459,401,249,5004,7.0923240183940575,6.464539831924604,7.708662084472941,0.14644499469402192,percentage_points
consecutive_le24h,rh_min,2,changed_only,376,365,247,129,0,65.69148936170212,61.094059710469836,70.40121372031662,1.7765957446808511,percentage_points
consecutive_le24h,rh_min,2,all_pairs,5650,1458,247,129,5274,4.371681415929204,3.8741234768263446,4.9488562982184625,0.11823008849557522,percentage_points
consecutive_le24h,rh_min,3,changed_only,386,380,228,157,1,59.067357512953365,54.14454356070723,64.01209289040341,1.1813471502590673,percentage_points
consecutive_le24h,rh_min,3,all_pairs,5647,1457,228,157,5262,4.037542057729768,3.5124055517481843,4.538323485621963,0.08075084115459535,percentage_points
consecutive_le24h,rh_min,4,changed_only,433,428,259,172,2,59.815242494226325,55.01049758555533,64.53089244851259,1.1963048498845266,percentage_points
consecutive_le24h,rh_min,4,all_pairs,5643,1456,259,172,5212,4.589757221336169,4.048695409246696,5.063022482671112,0.09179514442672337,percentage_points
consecutive_le24h,rh_min,5,changed_only,424,418,259,163,2,61.08490566037736,56.63428865241885,65.48463356973994,1.5943396226415094,percentage_points
consecutive_le24h,rh_min,5,all_pairs,5639,1455,259,163,5217,4.593012945557723,4.053031236784226,5.106518931411868,0.11987941124312822,percentage_points
consecutive_le24h,rh_min,6,changed_only,473,466,296,175,2,62.579281183932345,58.139534883720934,66.94736842105263,1.6786469344608879,percentage_points
consecutive_le24h,rh_min,6,all_pairs,5635,1454,296,175,5164,5.252883762200533,4.729708708708709,5.780211251608995,0.140905057675244,percentage_points
consecutive_le24h,rh_min,7,changed_only,517,515,314,201,2,60.73500967117988,56.116504854368934,65.12670363703448,1.3268858800773695,percentage_points
consecutive_le24h,rh_min,7,all_pairs,5631,1453,314,201,5116,5.576274196412715,5.022140055563989,6.099008038183422,0.12182560824009946,percentage_points
consecutive_le24h,rh_min,8,changed_only,580,570,328,251,1,56.55172413793103,52.2334857364779,60.3448275862069,0.8379310344827586,percentage_points
consecutive_le24h,rh_min,8,all_pairs,5627,1452,328,251,5048,5.82903856406611,5.30770637379129,6.385703253506869,0.08636929091878444,percentage_points
consecutive_le24h,rh_min,9,changed_only,17,17,12,4,1,70.58823529411765,47.05882352941176,88.23529411764706,2.823529411764706,percentage_points
consecutive_le24h,rh_min,9,all_pairs,1481,1449,12,4,1465,0.8102633355840648,0.4026845637583893,1.2855209742895806,0.03241053342336259,percentage_points
consecutive_le24h,tmax,1,changed_only,811,706,505,285,21,62.268803945745994,58.70078017335171,65.62519385856079,0.27595561035758315,degC
consecutive_le24h,tmax,1,all_pairs,5654,1459,505,285,4864,8.93172974885037,8.22569025976917,9.634438321126352,0.0395825963919349,degC
consecutive_le24h,tmax,2,changed_only,442,424,284,146,12,64.25339366515837,59.95523167416644,68.55235830095135,0.3357466063348416,degC
consecutive_le24h,tmax,2,all_pairs,5650,1458,284,146,5220,5.0265486725663715,4.493800097064385,5.574342182980406,0.026265486725663714,degC
consecutive_le24h,tmax,3,changed_only,407,405,253,142,12,62.16216216216216,57.635467980295566,66.99507389162561,0.27813267813267817,degC
consecutive_le24h,tmax,3,all_pairs,5647,1457,253,142,5252,4.4802550026562775,3.992932078346779,5.001950575582253,0.02004604214627236,degC
consecutive_le24h,tmax,4,changed_only,425,421,265,155,5,62.35294117647059,57.647058823529406,67.13947990543736,0.2884705882352941,degC
consecutive_le24h,tmax,4,all_pairs,5643,1456,265,155,5223,4.696083643452065,4.212356831518765,5.246444735610194,0.02172603225234804,degC
consecutive_le24h,tmax,5,changed_only,438,435,271,155,12,61.87214611872146,57.43463040329184,66.13272311212815,0.26484018264840187,degC
consecutive_le24h,tmax,5,all_pairs,5639,1455,271,155,5213,4.805816634154992,4.275738825081377,5.318253147422576,0.020571023231069345,degC
consecutive_le24h,tmax,6,changed_only,474,472,289,172,13,60.970464135021096,56.5671038046199,65.3279065325919,0.3042194092827004,degC
consecutive_le24h,tmax,6,all_pairs,5635,1454,289,172,5174,5.12866015971606,4.618333951834376,5.665898146562526,0.02559006211180124,degC
consecutive_le24h,tmax,7,changed_only,525,523,334,185,6,63.61904761904762,59.730069854529745,67.49216323687342,0.3222857142857143,degC
consecutive_le24h,tmax,7,all_pairs,5631,1453,334,185,5112,5.931450896821168,5.373513391689178,6.511412843511341,0.03004794885455514,degC
consecutive_le24h,tmax,8,changed_only,551,550,349,195,7,63.33938294010889,59.26818181818182,67.69509981851179,0.3303085299455535,degC
consecutive_le24h,tmax,8,all_pairs,5627,1452,349,195,5083,6.202239203838635,5.646927799333611,6.7503861509246645,0.03234405544695219,degC
consecutive_le24h,tmax,9,changed_only,7,7,2,5,0,28.571428571428573,0.0,57.14285714285714,-0.3714285714285716,degC
consecutive_le24h,tmax,9,all_pairs,1481,1449,2,5,1474,0.1350438892640108,0.0,0.33761542602697225,-0.0017555705604321414,degC
consecutive_le24h,tmin,1,changed_only,617,567,373,219,25,60.453808752025935,56.68263859384097,64.05406480774127,0.2567260940032415,degC
consecutive_le24h,tmin,1,all_pairs,5654,1459,373,219,5062,6.597099398655819,5.982691297308532,7.215301762343433,0.028015564202334628,degC
consecutive_le24h,tmin,2,changed_only,312,308,200,104,8,64.1025641025641,59.163987138263664,70.15956959706959,0.30961538461538457,degC
consecutive_le24h,tmin,2,all_pairs,5650,1458,200,104,5346,3.5398230088495577,3.105997826895583,4.010619679106284,0.01709734513274336,degC
consecutive_le24h,tmin,3,changed_only,280,279,172,96,12,61.42857142857143,55.35714285714286,66.66666666666666,0.26642857142857135,degC
consecutive_le24h,tmin,3,all_pairs,5647,1457,172,96,5379,3.0458650610943865,2.6653107319607443,3.464810584210031,0.013210554276607044,degC
consecutive_le24h,tmin,4,changed_only,303,299,208,89,6,68.64686468646865,63.60579741613288,73.29098805646038,0.3735973597359736,degC
consecutive_le24h,tmin,4,all_pairs,5643,1456,208,89,5346,3.6859826333510544,3.221181965309234,4.155026901162395,0.020060251639199004,degC
consecutive_le24h,tmin,5,changed_only,334,333,206,119,9,61.67664670658683,56.75675675675676,66.86820402492044,0.2604790419161677,degC
consecutive_le24h,tmin,5,all_pairs,5639,1455,206,119,5314,3.6531299875864516,3.181006458961543,4.113493414027687,0.015428267423302004,degC
consecutive_le24h,tmin,6,changed_only,346,345,227,111,8,65.60693641618496,59.9985590778098,70.43478260869566,0.353757225433526,degC
consecutive_le24h,tmin,6,all_pairs,5635,1454,227,111,5297,4.028393966282165,3.552915786751358,4.481106407831388,0.021721384205856255,degC
consecutive_le24h,tmin,7,changed_only,388,386,259,121,8,66.75257731958763,61.794871794871796,70.95218705233619,0.3680412371134021,degC
consecutive_le24h,tmin,7,all_pairs,5631,1453,259,121,5251,4.599538270289469,4.106915206231191,5.164244326903122,0.025359616409163562,degC
consecutive_le24h,tmin,8,changed_only,452,450,287,151,14,63.49557522123894,59.333333333333336,67.77936857562409,0.3389380530973451,degC
consecutive_le24h,tmin,8,all_pairs,5627,1452,287,151,5189,5.100408743557846,4.588887077722656,5.635350321622819,0.02722587524435756,degC
consecutive_le24h,tmin,9,changed_only,7,7,5,2,0,71.42857142857143,42.500000000000014,100.0,0.42857142857142855,degC
consecutive_le24h,tmin,9,all_pairs,1481,1449,5,2,1474,0.337609723160027,0.06738544474393532,0.6761439585866543,0.002025658338960162,degC
daily_latest,rh_max,1,changed_only,307,307,182,124,1,59.28338762214984,53.74592833876222,64.49511400651465,1.3257328990228012,percentage_points
daily_latest,rh_max,1,all_pairs,1459,1459,182,124,1153,12.47429746401645,10.692254969156958,14.326593557230977,0.27895819054146676,percentage_points
daily_latest,rh_max,2,changed_only,241,241,139,102,0,57.67634854771784,51.45228215767634,63.91078838174272,0.8962655601659751,percentage_points
daily_latest,rh_max,2,all_pairs,1458,1458,139,102,1217,9.53360768175583,8.024691358024691,11.04252400548697,0.14814814814814814,percentage_points
daily_latest,rh_max,3,changed_only,248,248,157,90,1,63.306451612903224,57.25806451612904,69.35483870967742,1.3951612903225807,percentage_points
daily_latest,rh_max,3,all_pairs,1457,1457,157,90,1210,10.775566231983527,9.128345916266301,12.422786547700754,0.23747426218256693,percentage_points
daily_latest,rh_max,4,changed_only,274,274,164,110,0,59.85401459854015,54.01459854014598,65.32846715328468,1.0985401459854014,percentage_points
daily_latest,rh_max,4,all_pairs,1456,1456,164,110,1182,11.263736263736265,9.684065934065934,12.912087912087914,0.20673076923076922,percentage_points
daily_latest,rh_max,5,changed_only,293,293,154,139,0,52.55972696245734,46.75767918088737,58.36177474402731,0.35494880546075086,percentage_points
daily_latest,rh_max,5,all_pairs,1455,1455,154,139,1162,10.584192439862543,9.140893470790378,12.164948453608247,0.07147766323024055,percentage_points
daily_latest,rh_max,6,changed_only,325,325,188,136,1,57.84615384615385,52.61538461538462,63.07692307692307,1.1046153846153846,percentage_points
daily_latest,rh_max,6,all_pairs,1454,1454,188,136,1130,12.929848693259972,11.279229711141678,14.649243466299863,0.2469050894085282,percentage_points
daily_latest,rh_max,7,changed_only,345,345,203,141,1,58.84057971014493,53.333333333333336,64.34782608695652,1.1942028985507247,percentage_points
daily_latest,rh_max,7,all_pairs,1453,1453,203,141,1109,13.97109428768066,12.18169304886442,15.762216104611149,0.28355127322780455,percentage_points
daily_latest,rh_max,8,changed_only,426,426,218,203,5,51.17370892018779,46.478873239436616,56.33802816901409,0.4765258215962441,percentage_points
daily_latest,rh_max,8,all_pairs,1451,1451,218,203,1030,15.024121295658167,13.232253618194347,16.95382494831151,0.13990351481736732,percentage_points
daily_latest,rh_min,1,changed_only,546,546,336,207,3,61.53846153846154,57.692307692307686,65.56776556776556,1.5073260073260073,percentage_points
daily_latest,rh_min,1,all_pairs,1459,1459,336,207,916,23.02947224126114,20.630568882796435,25.08738862234407,0.5640849897189856,percentage_points
daily_latest,rh_min,2,changed_only,361,361,237,123,1,65.65096952908587,60.664819944598335,70.6371191135734,1.8476454293628808,percentage_points
daily_latest,rh_min,2,all_pairs,1458,1458,237,123,1098,16.255144032921812,14.401577503429355,18.106995884773664,0.45747599451303156,percentage_points
daily_latest,rh_min,3,changed_only,377,377,222,154,1,58.88594164456234,53.84615384615385,63.660477453580896,1.209549071618037,percentage_points
daily_latest,rh_min,3,all_pairs,1457,1457,222,154,1081,15.236787920384351,13.520933424845575,16.95264241592313,0.31297185998627314,percentage_points
daily_latest,rh_min,4,changed_only,428,428,254,172,2,59.345794392523366,54.90654205607477,63.78504672897196,1.1939252336448598,percentage_points
daily_latest,rh_min,4,all_pairs,1456,1456,254,172,1030,17.445054945054945,15.521978021978022,19.29945054945055,0.35096153846153844,percentage_points
daily_latest,rh_min,5,changed_only,417,417,254,160,3,60.91127098321343,56.11510791366906,65.46762589928058,1.6211031175059951,percentage_points
daily_latest,rh_min,5,all_pairs,1455,1455,254,160,1041,17.457044673539517,15.601374570446735,19.450171821305844,0.4646048109965636,percentage_points
daily_latest,rh_min,6,changed_only,464,464,292,171,1,62.93103448275862,58.620689655172406,67.2467672413793,1.7435344827586208,percentage_points
daily_latest,rh_min,6,all_pairs,1454,1454,292,171,991,20.082530949105916,17.881705639614857,22.145804676753784,0.5563961485557084,percentage_points
daily_latest,rh_min,7,changed_only,515,515,314,199,2,60.970873786407765,56.69417475728156,65.24271844660194,1.3514563106796116,percentage_points
daily_latest,rh_min,7,all_pairs,1453,1453,314,199,940,21.61046111493462,19.408121128699243,23.812801101169992,0.47900894700619406,percentage_points
daily_latest,rh_min,8,changed_only,565,565,323,241,1,57.16814159292036,52.743362831858406,61.23893805309735,0.8654867256637168,percentage_points
daily_latest,rh_min,8,all_pairs,1451,1451,323,241,887,22.2605099931082,20.192970365265335,24.39696760854583,0.3370089593383873,percentage_points
daily_latest,tmax,1,changed_only,679,679,424,237,18,62.44477172312224,58.90648011782032,65.97938144329896,0.32960235640648,degC
daily_latest,tmax,1,all_pairs,1459,1459,424,237,798,29.06100068540096,26.799177518848527,31.185743660041126,0.15339273474982862,degC
daily_latest,tmax,2,changed_only,418,418,267,139,12,63.8755980861244,58.84569377990431,68.42703349282296,0.3550239234449761,degC
daily_latest,tmax,2,all_pairs,1458,1458,267,139,1052,18.31275720164609,16.323731138545952,20.438957475994513,0.10178326474622769,degC
daily_latest,tmax,3,changed_only,404,404,251,141,12,62.12871287128713,57.42574257425742,67.07920792079209,0.2801980198019802,degC
daily_latest,tmax,3,all_pairs,1457,1457,251,141,1065,17.227179135209333,15.235072065888813,19.148936170212767,0.0776938915579959,degC
daily_latest,tmax,4,changed_only,421,421,263,153,5,62.47030878859857,57.71377672209026,66.9833729216152,0.2935866983372922,degC
daily_latest,tmax,4,all_pairs,1456,1456,263,153,1040,18.063186813186814,16.207074175824175,20.123626373626376,0.08489010989010988,degC
daily_latest,tmax,5,changed_only,434,434,268,154,12,61.75115207373272,56.91244239631337,66.12903225806451,0.2672811059907835,degC
daily_latest,tmax,5,all_pairs,1455,1455,268,154,1033,18.419243986254294,16.3573883161512,20.2766323024055,0.07972508591065294,degC
daily_latest,tmax,6,changed_only,471,471,288,170,13,61.146496815286625,56.475583864118896,65.81740976645435,0.30615711252653927,degC
daily_latest,tmax,6,all_pairs,1454,1454,288,170,996,19.80742778541953,17.606602475928472,21.8707015130674,0.09917469050894084,degC
daily_latest,tmax,7,changed_only,524,524,334,184,6,63.74045801526717,59.732824427480914,67.75286259541986,0.3248091603053435,degC
daily_latest,tmax,7,all_pairs,1453,1453,334,184,935,22.98692360633173,20.782863041982104,25.190984170681347,0.117136958017894,degC
daily_latest,tmax,8,changed_only,550,550,348,195,7,63.27272727272727,59.09090909090909,67.63636363636364,0.3309090909090909,degC
daily_latest,tmax,8,all_pairs,1451,1451,348,195,908,23.98345968297726,21.778084079944865,26.326671261199174,0.12543073742246724,degC
daily_latest,tmin,1,changed_only,557,557,341,194,22,61.22082585278277,56.91202872531418,65.17504488330341,0.2861759425493716,degC
daily_latest,tmin,1,all_pairs,1459,1459,341,194,924,23.37217272104181,21.177176148046605,25.496915695681977,0.10925291295407812,degC
daily_latest,tmin,2,changed_only,306,306,197,101,8,64.37908496732027,58.82352941176471,70.26143790849673,0.3156862745098039,degC
daily_latest,tmin,2,all_pairs,1458,1458,197,101,1160,13.511659807956104,11.863854595336077,15.363511659807957,0.0662551440329218,degC
daily_latest,tmin,3,changed_only,279,279,172,96,11,61.64874551971326,56.272401433691755,67.74193548387096,0.2673835125448028,degC
daily_latest,tmin,3,all_pairs,1457,1457,172,96,1189,11.805078929306795,10.224776938915578,13.520933424845575,0.05120109814687713,degC
daily_latest,tmin,4,changed_only,298,298,204,88,6,68.45637583892618,63.07885906040268,73.498322147651,0.3798657718120805,degC
daily_latest,tmin,4,all_pairs,1456,1456,204,88,1164,14.010989010989011,12.293956043956044,15.798420329670327,0.07774725274725273,degC
daily_latest,tmin,5,changed_only,333,333,206,118,9,61.86186186186186,57.04954954954955,66.97447447447446,0.2612612612612613,degC
daily_latest,tmin,5,all_pairs,1455,1455,206,118,1131,14.15807560137457,12.439862542955327,16.013745704467354,0.0597938144329897,degC
daily_latest,tmin,6,changed_only,346,346,227,111,8,65.60693641618496,60.39739884393063,70.52023121387283,0.35664739884393065,degC
daily_latest,tmin,6,all_pairs,1454,1454,227,111,1116,15.612104539202202,13.686382393397526,17.606602475928472,0.08486932599724897,degC
daily_latest,tmin,7,changed_only,387,387,258,121,8,66.66666666666667,62.01550387596899,71.31782945736434,0.3715762273901809,degC
daily_latest,tmin,7,all_pairs,1453,1453,258,121,1074,17.756366139022713,15.758774948382657,19.752236751548523,0.09896765313145217,degC
daily_latest,tmin,8,changed_only,450,450,286,150,14,63.55555555555556,59.333333333333336,67.77777777777779,0.34044444444444444,degC
daily_latest,tmin,8,all_pairs,1451,1451,286,150,1015,19.710544452102,17.779117849758784,21.778084079944865,0.10558235699517574,degC
