selection,metric,lead_days,baseline,n_matched,n_missing_baseline,forecast_mae,baseline_mae,forecast_rmse,baseline_rmse,mae_skill,mse_skill,availability
all_vintages,tmax,1,climatology_mean,5656,0,1.0469766619519096,2.302528284859736,1.3279240373376708,2.8305627725363043,0.5452925947375762,0.7799097095393873,frozen_pre_study_climatology
all_vintages,tmax,1,climatology_median,5656,0,1.0469766619519096,2.237464639321075,1.3279240373376708,2.777007028069294,0.5320700745154127,0.7713387849353107,frozen_pre_study_climatology
all_vintages,tmax,1,persistence_lag2,5656,0,1.0469766619519096,2.4730374823196604,1.3279240373376708,3.245977545564409,0.5766434316353887,0.8326385452424425,retrospective_past_day_proxy_publication_unverified
all_vintages,tmax,1,persistence_lag1,5656,0,1.0469766619519096,2.2137376237623765,1.3279240373376708,2.908701219861108,0.5270547644338666,0.7915757542448377,retrospective_past_day_proxy_publication_unverified
all_vintages,tmax,2,climatology_mean,5652,0,1.162208067940552,2.310679064564166,1.4847681459659958,2.8414857039884036,0.4970274817633471,0.7269599639579335,frozen_pre_study_climatology
all_vintages,tmax,2,climatology_median,5652,0,1.162208067940552,2.2467622080679406,1.4847681459659958,2.7889573156835663,0.48271870348933354,0.7165780065921561,frozen_pre_study_climatology
all_vintages,tmax,2,persistence_lag2,5652,0,1.162208067940552,2.648619957537155,1.4847681459659958,3.430253395611369,0.5612024048096192,0.8126451769670389,retrospective_past_day_proxy_publication_unverified
all_vintages,tmax,2,persistence_lag1,5652,0,1.162208067940552,2.4878627034677994,1.4847681459659958,3.259295053578995,0.5328487917277085,0.7924752361794114,retrospective_past_day_proxy_publication_unverified
all_vintages,tmax,3,climatology_mean,5649,0,1.2475482386263057,2.3145050451407325,1.6054441367613155,2.844442112186779,0.4609870299287038,0.681436365755094,frozen_pre_study_climatology
all_vintages,tmax,3,climatology_median,5649,0,1.2475482386263057,2.2493184634448578,1.6054441367613155,2.7909106320579005,0.445366114713845,0.6690986518743058,frozen_pre_study_climatology
all_vintages,tmax,3,persistence_lag2,5649,0,1.2475482386263057,2.759833598867056,1.6054441367613155,3.549870035693325,0.5479625151536531,0.7954660102483188,retrospective_past_day_proxy_publication_unverified
all_vintages,tmax,3,persistence_lag1,5649,0,1.2475482386263057,2.6502920870950613,1.6054441367613155,3.42681701882517,0.5292789633637244,0.7805131192223663,retrospective_past_day_proxy_publication_unverified
all_vintages,tmax,4,climatology_mean,5645,0,1.330752878653676,2.3116117434307646,1.7052407106654752,2.842293160423828,0.42431817002337635,0.6400570723242509,frozen_pre_study_climatology
all_vintages,tmax,4,climatology_median,5645,0,1.330752878653676,2.24577502214349,1.7052407106654752,2.7886417099296947,0.4074415889693469,0.6260737561012947,frozen_pre_study_climatology
all_vintages,tmax,4,persistence_lag2,5645,0,1.330752878653676,2.826253321523472,1.7052407106654752,3.6419375993300105,0.5291459302252698,0.780766769186058,retrospective_past_day_proxy_publication_unverified
all_vintages,tmax,4,persistence_lag1,5645,0,1.330752878653676,2.7572364924712134,1.7052407106654752,3.5492670683908116,0.51735990645439,0.7691690570361518,retrospective_past_day_proxy_publication_unverified
all_vintages,tmax,5,climatology_mean,5641,0,1.4070909413224606,2.3224545348785677,1.8034515549577692,2.850622273131487,0.3941362811668423,0.599751592211466,frozen_pre_study_climatology
all_vintages,tmax,5,climatology_median,5641,0,1.4070909413224606,2.2572150327956035,1.8034515549577692,2.796938537665443,0.37662521253912096,0.5842396059759865,frozen_pre_study_climatology
all_vintages,tmax,5,persistence_lag2,5641,0,1.4070909413224606,2.904786385392661,1.8034515549577692,3.757162279184791,0.5155957255933454,0.7695965094505366,retrospective_past_day_proxy_publication_unverified
all_vintages,tmax,5,persistence_lag1,5641,0,1.4070909413224606,2.8274596702712285,1.8034515549577692,3.642358250048762,0.5023480065455777,0.7548433700745358,retrospective_past_day_proxy_publication_unverified
all_vintages,tmax,6,climatology_mean,5637,0,1.4958843356395244,2.3210785805097274,1.9194110363006773,2.85148348121755,0.3555218904691214,0.5468997987085845,frozen_pre_study_climatology
all_vintages,tmax,6,climatology_median,5637,0,1.4958843356395244,2.2554638992371827,1.9194110363006773,2.7980598938856107,0.3367730974787735,0.529432464235972,frozen_pre_study_climatology
all_vintages,tmax,6,persistence_lag2,5637,0,1.4958843356395244,2.9110519780024835,1.9194110363006773,3.7831962761953752,0.4861361641965679,0.7425942594432968,retrospective_past_day_proxy_publication_unverified
all_vintages,tmax,6,persistence_lag1,5637,0,1.4958843356395244,2.900798296966472,1.9194110363006773,3.7499840931600423,0.4843197690774106,0.7380145790998924,retrospective_past_day_proxy_publication_unverified
all_vintages,tmax,7,climatology_mean,5633,0,1.5992011361619032,2.3179570314811526,2.048177498882125,2.846036536028622,0.31008163031390246,0.4820900683315602,frozen_pre_study_climatology
all_vintages,tmax,7,climatology_median,5633,0,1.5992011361619032,2.2512160482868806,2.048177498882125,2.7919495424291365,0.2896278713991687,0.46182929816312723,frozen_pre_study_climatology
all_vintages,tmax,7,persistence_lag2,5633,0,1.5992011361619032,2.912338008166163,2.048177498882125,3.802073210223491,0.4508875234681684,0.7098021228231115,retrospective_past_day_proxy_publication_unverified
all_vintages,tmax,7,persistence_lag1,5633,0,1.5992011361619032,2.9014024498491033,2.048177498882125,3.7740845021303726,0.44881788590029115,0.7054819327863058,retrospective_past_day_proxy_publication_unverified
all_vintages,tmax,8,climatology_mean,5629,0,1.725031089003375,2.3167483123112453,2.2004392397320833,2.84452734166863,0.25540850517230274,0.4015904210466099,frozen_pre_study_climatology
all_vintages,tmax,8,climatology_median,5629,0,1.725031089003375,2.250728370936223,2.2004392397320833,2.7912276452543074,0.2335676258055861,0.3785184413708115,frozen_pre_study_climatology
all_vintages,tmax,8,persistence_lag2,5629,0,1.725031089003375,2.9385858944750405,2.2004392397320833,3.854336809385599,0.412972378229039,0.6740736772356908,retrospective_past_day_proxy_publication_unverified
all_vintages,tmax,8,persistence_lag1,5629,0,1.725031089003375,2.9106946171611296,2.2004392397320833,3.8041195143950235,0.40734727757670464,0.6654119264037937,retrospective_past_day_proxy_publication_unverified
all_vintages,tmax,9,climatology_mean,2932,0,1.7956343792633016,2.3217608145748065,2.282975727399728,2.8504463383180663,0.22660664785483364,0.35852926313621203,frozen_pre_study_climatology
all_vintages,tmax,9,climatology_median,2932,0,1.7956343792633016,2.2572987721691677,2.282975727399728,2.797472548623156,0.20452073008582128,0.3340050729122177,frozen_pre_study_climatology
all_vintages,tmax,9,persistence_lag2,2932,0,1.7956343792633016,2.92837653478854,2.282975727399728,3.8383894132641254,0.38681574656417417,0.6462434232822751,retrospective_past_day_proxy_publication_unverified
all_vintages,tmax,9,persistence_lag1,2932,0,1.7956343792633016,2.938267394270123,2.282975727399728,3.8613062842786183,0.38887986070806735,0.6504300563648342,retrospective_past_day_proxy_publication_unverified
all_vintages,tmin,1,climatology_mean,5656,0,0.748868458274399,1.8607518638024514,0.9691474694487401,2.3531462322024135,0.5975452327404449,0.83037810952005,frozen_pre_study_climatology
all_vintages,tmin,1,climatology_median,5656,0,0.748868458274399,1.8202351485148516,0.9691474694487401,2.308178662414104,0.5885869697190451,0.8237046374526346,frozen_pre_study_climatology
all_vintages,tmin,1,persistence_lag2,5656,0,0.748868458274399,1.9707390381895333,0.9691474694487401,2.687683745897799,0.6200062799982057,0.869976035889138,retrospective_past_day_proxy_publication_unverified
all_vintages,tmin,1,persistence_lag1,5656,0,0.748868458274399,1.6457036775106082,0.9691474694487401,2.2770769775147217,0.5449554688926848,0.8188558523753522,retrospective_past_day_proxy_publication_unverified
all_vintages,tmin,2,climatology_mean,5652,0,0.8328733191790516,1.8656630746490916,1.0763132007724854,2.357335702930563,0.5535778509548381,0.7915343683205254,frozen_pre_study_climatology
all_vintages,tmin,2,climatology_median,5652,0,0.8328733191790516,1.8244249823071481,1.0763132007724854,2.312223185934075,0.5434872207648631,0.7833204973208185,frozen_pre_study_climatology
all_vintages,tmin,2,persistence_lag2,5652,0,0.8328733191790516,2.153131634819533,1.0763132007724854,2.9121347867633847,0.613180492214142,0.863398839396269,retrospective_past_day_proxy_publication_unverified
all_vintages,tmin,2,persistence_lag1,5652,0,0.8328733191790516,1.9745753715498937,1.0763132007724854,2.692101694910421,0.5782013028323612,0.8401567096825696,retrospective_past_day_proxy_publication_unverified
all_vintages,tmin,3,climatology_mean,5649,0,0.8940343423614798,1.8652476470761787,1.152745765767831,2.3574876270438776,0.5206886636405088,0.7609062480673797,frozen_pre_study_climatology
all_vintages,tmin,3,climatology_median,5649,0,0.8940343423614798,1.8236679058240395,1.152745765767831,2.31244104956606,0.5097603354720974,0.7515003788810478,frozen_pre_study_climatology
all_vintages,tmin,3,persistence_lag2,5649,0,0.8940343423614798,2.2686316162152593,1.152745765767831,3.043219394063401,0.6059147126526472,0.8565169679964784,retrospective_past_day_proxy_publication_unverified
all_vintages,tmin,3,persistence_lag1,5649,0,0.8940343423614798,2.1539033457249075,1.152745765767831,2.908334633104131,0.5849236484376286,0.8428992272332674,retrospective_past_day_proxy_publication_unverified
all_vintages,tmin,4,climatology_mean,5645,0,0.9567581930912312,1.8678243836728667,1.2267631154236904,2.3618207506843696,0.4877686567032208,0.730208941767396,frozen_pre_study_climatology
all_vintages,tmin,4,climatology_median,5645,0,0.9567581930912312,1.8271656333038087,1.2267631154236904,2.3177098627679125,0.47637029963109645,0.7198418365441477,frozen_pre_study_climatology
all_vintages,tmin,4,persistence_lag2,5645,0,0.9567581930912312,2.3564570416297608,1.2267631154236904,3.139280550346227,0.593984453699388,0.8472922209795308,retrospective_past_day_proxy_publication_unverified
all_vintages,tmin,4,persistence_lag1,5645,0,0.9567581930912312,2.270416297608503,1.2267631154236904,3.0453714025760457,0.5785979011430578,0.8377290087453813,retrospective_past_day_proxy_publication_unverified
all_vintages,tmin,5,climatology_mean,5641,0,1.0211487324942385,1.8736134938397446,1.3041796635931633,2.36567042821191,0.45498431995090005,0.6960750418307502,frozen_pre_study_climatology
all_vintages,tmin,5,climatology_median,5641,0,1.0211487324942385,1.8321308278673996,1.3041796635931633,2.321266132539483,0.4426442058819261,0.6843360565917047,frozen_pre_study_climatology
all_vintages,tmin,5,persistence_lag2,5641,0,1.0211487324942385,2.3983336287892216,1.3041796635931633,3.222339920189676,0.5742257373050484,0.8361931177375038,retrospective_past_day_proxy_publication_unverified
all_vintages,tmin,5,persistence_lag1,5641,0,1.0211487324942385,2.357011168232583,1.3041796635931633,3.136544267987494,0.566761182018517,0.8271091517983843,retrospective_past_day_proxy_publication_unverified
all_vintages,tmin,6,climatology_mean,5637,0,1.093276565549051,1.8691145334397725,1.4049988052371283,2.3605910775061303,0.41508316050752103,0.6457495689645725,frozen_pre_study_climatology
all_vintages,tmin,6,climatology_median,5637,0,1.093276565549051,1.8279315238602096,1.4049988052371283,2.315634074565229,0.4019050761593742,0.6318608148594101,frozen_pre_study_climatology
all_vintages,tmin,6,persistence_lag2,5637,0,1.093276565549051,2.4178995919815507,1.4049988052371283,3.263513138633209,0.5478403779980483,0.8146548701575046,retrospective_past_day_proxy_publication_unverified
all_vintages,tmin,6,persistence_lag1,5637,0,1.093276565549051,2.3947135000886997,1.4049988052371283,3.2115152267186597,0.543462478702126,0.8086044046807774,retrospective_past_day_proxy_publication_unverified
all_vintages,tmin,7,climatology_mean,5633,0,1.1826912835079,1.866523196638854,1.53414362512915,2.3609577978039713,0.3663666834477953,0.5777636765971272,frozen_pre_study_climatology
all_vintages,tmin,7,climatology_median,5633,0,1.1826912835079,1.8259009408840763,1.53414362512915,2.316910602105784,0.35226974419803025,0.5615566516245174,frozen_pre_study_climatology
all_vintages,tmin,7,persistence_lag2,5633,0,1.1826912835079,2.4216225812178234,1.53414362512915,3.282703786597483,0.5116120519023531,0.7815919470225208,retrospective_past_day_proxy_publication_unverified
all_vintages,tmin,7,persistence_lag1,5633,0,1.1826912835079,2.4074028048996983,1.53414362512915,3.2541854680604985,0.5087272968608278,0.7777470997994866,retrospective_past_day_proxy_publication_unverified
all_vintages,tmin,8,climatology_mean,5629,0,1.2877242849529225,1.8706304442766621,1.689225782686412,2.364590321532794,0.31160946893983577,0.48965532505693143,frozen_pre_study_climatology
all_vintages,tmin,8,climatology_median,5629,0,1.2877242849529225,1.8297921478060049,1.689225782686412,2.3204574992579587,0.2962455946174235,0.4700582128099855,frozen_pre_study_climatology
all_vintages,tmin,8,persistence_lag2,5629,0,1.2877242849529225,2.445958429561201,1.689225782686412,3.3123044561287847,0.47352977491774584,0.7399152398426174,retrospective_past_day_proxy_publication_unverified
all_vintages,tmin,8,persistence_lag1,5629,0,1.2877242849529225,2.4184402202877955,1.689225782686412,3.2811195113594644,0.4675393362422319,0.7349478666635423,retrospective_past_day_proxy_publication_unverified
all_vintages,tmin,9,climatology_mean,2932,0,1.3465552523874489,1.8738410783310597,1.7681884656915503,2.365137134712819,0.2813930338282684,0.44108668931709105,frozen_pre_study_climatology
all_vintages,tmin,9,climatology_median,2932,0,1.3465552523874489,1.834566848567531,1.7681884656915503,2.32270383468997,0.26600916535755126,0.4204786603112497,frozen_pre_study_climatology
all_vintages,tmin,9,persistence_lag2,2932,0,1.3465552523874489,2.447407912687585,1.7681884656915503,3.3208126604469044,0.44980350622927057,0.7164900180926902,retrospective_past_day_proxy_publication_unverified
all_vintages,tmin,9,persistence_lag1,2932,0,1.3465552523874489,2.4640518417462483,1.7681884656915503,3.325703979266352,0.45351991805774716,0.7173233561998247,retrospective_past_day_proxy_publication_unverified
daily_latest,tmax,1,climatology_mean,1460,0,0.9502739726027398,2.3181146261415524,1.2008387479716571,2.8453988201783376,0.5900660123160308,0.8218921374128979,frozen_pre_study_climatology
daily_latest,tmax,1,climatology_median,1460,0,0.9502739726027398,2.251746575342466,1.2008387479716571,2.7909126631176915,0.5779836048120941,0.8148699605552037,frozen_pre_study_climatology
daily_latest,tmax,1,persistence_lag2,1460,0,0.9502739726027398,2.4604109589041094,1.2008387479716571,3.232063253822909,0.6137742887367073,0.8619584958856505,retrospective_past_day_proxy_publication_unverified
daily_latest,tmax,1,persistence_lag1,1460,0,0.9502739726027398,2.2013013698630135,1.2008387479716571,2.8937781626784247,0.5683126419614797,0.8277977125741351,retrospective_past_day_proxy_publication_unverified
daily_latest,tmax,2,climatology_mean,1459,0,1.1036326250856752,2.317922792437743,1.4041307902815132,2.8455610112587832,0.5238699801881699,0.7565110133432391,frozen_pre_study_climatology
daily_latest,tmax,2,climatology_median,1459,0,1.1036326250856752,2.251644962302947,1.4041307902815132,2.7911618198015726,0.509854953350684,0.7469274191508573,frozen_pre_study_climatology
daily_latest,tmax,2,persistence_lag2,1459,0,1.1036326250856752,2.6261137765592872,1.4041307902815132,3.405385204247494,0.579746835443038,0.8299868022182675,retrospective_past_day_proxy_publication_unverified
daily_latest,tmax,2,persistence_lag1,1459,0,1.1036326250856752,2.461686086360521,1.4041307902815132,3.2331325352364364,0.5516761331996882,0.8113885257102091,retrospective_past_day_proxy_publication_unverified
daily_latest,tmax,3,climatology_mean,1458,0,1.2058299039780522,2.3188294610196616,1.547175398808306,2.8464171726632626,0.47998336046333856,0.7045513562909436,frozen_pre_study_climatology
daily_latest,tmax,3,climatology_median,1458,0,1.2058299039780522,2.2525720164609053,1.547175398808306,2.7920193561377777,0.4646875237877749,0.6929265609695527,frozen_pre_study_climatology
daily_latest,tmax,3,persistence_lag2,1458,0,1.2058299039780522,2.742043895747599,1.547175398808306,3.534727770496992,0.5602441281672876,0.8084125052355835,retrospective_past_day_proxy_publication_unverified
daily_latest,tmax,3,persistence_lag1,1458,0,1.2058299039780522,2.6272976680384086,1.547175398808306,3.4064712884790067,0.5410379575001305,0.7937140560444951,retrospective_past_day_proxy_publication_unverified
daily_latest,tmax,4,climatology_mean,1457,0,1.2840082361015788,2.3190949582475406,1.6532325191955721,2.846943917339915,0.4463321859524635,0.6627825385874192,frozen_pre_study_climatology
daily_latest,tmax,4,climatology_median,1457,0,1.2840082361015788,2.252882635552505,1.6532325191955721,2.7925792069906277,0.43005986382123096,0.6495251338569163,frozen_pre_study_climatology
daily_latest,tmax,4,persistence_lag2,1457,0,1.2840082361015788,2.811736444749485,1.6532325191955721,3.625704201119432,0.543339761271267,0.7920862847348216,retrospective_past_day_proxy_publication_unverified
daily_latest,tmax,4,persistence_lag1,1457,0,1.2840082361015788,2.7438572409059714,1.6532325191955721,3.5359396076172653,0.5320426234428935,0.7813959514027803,retrospective_past_day_proxy_publication_unverified
daily_latest,tmax,5,climatology_mean,1456,0,1.3686813186813187,2.317881882440476,1.746283337407047,2.845908198495601,0.4095120510453937,0.6234803497168668,frozen_pre_study_climatology
daily_latest,tmax,5,climatology_median,1456,0,1.3686813186813187,2.2516826923076922,1.746283337407047,2.791570476993547,0.3921517790419252,0.608679836027467,frozen_pre_study_climatology
daily_latest,tmax,5,persistence_lag2,1456,0,1.3686813186813187,2.885508241758242,1.746283337407047,3.7387716514302474,0.5256706257586938,0.7818418017970212,retrospective_past_day_proxy_publication_unverified
daily_latest,tmax,5,persistence_lag1,1456,0,1.3686813186813187,2.8121565934065935,1.746283337407047,3.626490788566881,0.5132983270240568,0.7681237528389967,retrospective_past_day_proxy_publication_unverified
daily_latest,tmax,6,climatology_mean,1455,0,1.4482474226804123,2.3166689719358535,1.8584108054059212,2.844873309183459,0.3748578496865572,0.5732656700349956,frozen_pre_study_climatology
daily_latest,tmax,6,climatology_median,1455,0,1.4482474226804123,2.250618556701031,1.8584108054059212,2.7907520941242896,0.356511382895882,0.5565538126747132,frozen_pre_study_climatology
daily_latest,tmax,6,persistence_lag2,1455,0,1.4482474226804123,2.893951890034364,1.8584108054059212,3.769478620733237,0.49956064312347115,0.756935868879102,retrospective_past_day_proxy_publication_unverified
daily_latest,tmax,6,persistence_lag1,1455,0,1.4482474226804123,2.885979381443299,1.8584108054059212,3.7396114982810182,0.4981781810387941,0.753037808148624,retrospective_past_day_proxy_publication_unverified
daily_latest,tmax,7,climatology_mean,1454,0,1.5483493810178819,2.317028900160477,1.9824036790295732,2.8454627952652998,0.33175223627523875,0.5146239232775065,frozen_pre_study_climatology
daily_latest,tmax,7,climatology_median,1454,0,1.5483493810178819,2.2509628610729027,1.9824036790295732,2.791334350323468,0.3121390815484738,0.49561696579812187,frozen_pre_study_climatology
daily_latest,tmax,7,persistence_lag2,1454,0,1.5483493810178819,2.903094910591472,1.9824036790295732,3.7978048752801286,0.46665561109663356,0.7275298726701129,retrospective_past_day_proxy_publication_unverified
daily_latest,tmax,7,persistence_lag1,1454,0,1.5483493810178819,2.8957359009628614,1.9824036790295732,3.7707664346674012,0.4653002090062702,0.7236083459579103,retrospective_past_day_proxy_publication_unverified
daily_latest,tmax,8,climatology_mean,1453,0,1.6660013764624917,2.317896779651296,2.126953173065392,2.846306979434808,0.2812443629551422,0.44159103544351896,frozen_pre_study_climatology
daily_latest,tmax,8,climatology_median,1453,0,1.6660013764624917,2.2517205781142464,2.126953173065392,2.7921317404242187,0.2601207304959119,0.41971139044390504,frozen_pre_study_climatology
daily_latest,tmax,8,persistence_lag2,1453,0,1.6660013764624917,2.929181004817619,2.126953173065392,3.8482045938344105,0.43123986748431653,0.6945082053686826,retrospective_past_day_proxy_publication_unverified
daily_latest,tmax,8,persistence_lag1,1453,0,1.6660013764624917,2.9042670337233307,2.126953173065392,3.798981100043259,0.426360814237304,0.6865403882771968,retrospective_past_day_proxy_publication_unverified
daily_latest,tmax,9,climatology_mean,1451,0,1.7935906271536872,2.3194514271766598,2.280962774465552,2.8479164574231683,0.22671774621427354,0.35852179593705635,frozen_pre_study_climatology
daily_latest,tmax,9,climatology_median,1451,0,1.7935906271536872,2.2533425223983463,2.280962774465552,2.7937578101161726,0.2040310741375092,0.33340985900880105,frozen_pre_study_climatology
daily_latest,tmax,9,persistence_lag2,1451,0,1.7935906271536872,2.9165403170227426,2.280962774465552,3.8253723304503024,0.38502800160684314,0.6444595884646522,retrospective_past_day_proxy_publication_unverified
daily_latest,tmax,9,persistence_lag1,1451,0,1.7935906271536872,2.9319779462439692,2.280962774465552,3.850682182887132,0.3882659897045341,0.6491180367993225,retrospective_past_day_proxy_publication_unverified
daily_latest,tmin,1,climatology_mean,1460,0,0.6886986301369864,1.8711244434931502,0.8843115114681412,2.361440407776651,0.6319332834692308,0.8597649492145649,frozen_pre_study_climatology
daily_latest,tmin,1,climatology_median,1460,0,0.6886986301369864,1.8293150684931507,0.8843115114681412,2.3163800289149803,0.6235210423843043,0.8542559166687942,frozen_pre_study_climatology
daily_latest,tmin,1,persistence_lag2,1460,0,0.6886986301369864,1.9610958904109588,0.8843115114681412,2.6759737697590302,0.6488195026543726,0.8907939113251113,retrospective_past_day_proxy_publication_unverified
daily_latest,tmin,1,persistence_lag1,1460,0,0.6886986301369864,1.6380821917808221,0.8843115114681412,2.2674105682322967,0.5795701622344873,0.8478926416984631,retrospective_past_day_proxy_publication_unverified
daily_latest,tmin,2,climatology_mean,1459,0,0.798423577793009,1.8720002427461728,1.033745228806826,2.362198462944887,0.5734917338355985,0.8084887587749096,frozen_pre_study_climatology
daily_latest,tmin,2,climatology_median,1459,0,0.798423577793009,1.8304318026045239,1.033745228806826,2.3171678016434782,0.5638058863176814,0.8009729682808766,frozen_pre_study_climatology
daily_latest,tmin,2,persistence_lag2,1459,0,0.798423577793009,2.1418094585332423,1.033745228806826,2.8975859111346045,0.6272200710422734,0.872721691917481,retrospective_past_day_proxy_publication_unverified
daily_latest,tmin,2,persistence_lag1,1459,0,0.798423577793009,1.962302947224126,1.033745228806826,2.676885549290956,0.5931191058330423,0.8508691718046674,retrospective_past_day_proxy_publication_unverified
daily_latest,tmin,3,climatology_mean,1458,0,0.8652263374485598,1.8723326617512572,1.115709619974773,2.3627290649678443,0.5378885626877417,0.7770155861269799,frozen_pre_study_climatology
daily_latest,tmin,3,climatology_median,1458,0,0.8652263374485598,1.8309670781893006,1.115709619974773,2.317799187311604,0.5274484463673652,0.7682868170860273,frozen_pre_study_climatology
daily_latest,tmin,3,persistence_lag2,1458,0,0.8652263374485598,2.257956104252401,1.115709619974773,3.032493213374638,0.6168099389447466,0.864636155548379,retrospective_past_day_proxy_publication_unverified
daily_latest,tmin,3,persistence_lag1,1458,0,0.8652263374485598,2.142729766803841,1.115709619974773,2.898503705558878,0.5962037066675202,0.8518319260225012,retrospective_past_day_proxy_publication_unverified
daily_latest,tmin,4,climatology_mean,1457,0,0.9166094715168155,1.872440416952642,1.1812333747055186,2.363112493996537,0.5104733570061586,0.750136611430686,frozen_pre_study_climatology
daily_latest,tmin,4,climatology_median,1457,0,0.9166094715168155,1.8311942347288952,1.1812333747055186,2.3182614098307006,0.49944716178482407,0.7403749421725498,frozen_pre_study_climatology
daily_latest,tmin,4,persistence_lag2,1457,0,0.9166094715168155,2.3422786547700754,1.1812333747055186,3.1224770185928286,0.6086676238755238,0.8568890328075999,retrospective_past_day_proxy_publication_unverified
daily_latest,tmin,4,persistence_lag1,1457,0,0.9166094715168155,2.258682223747426,1.1812333747055186,3.033370792782597,0.5941839618341487,0.8483576812480653,retrospective_past_day_proxy_publication_unverified
daily_latest,tmin,5,climatology_mean,1456,0,0.9945054945054945,1.8718898952609886,1.265584172113138,2.362884916107491,0.4687158165534969,0.7131222079826112,frozen_pre_study_climatology
daily_latest,tmin,5,climatology_median,1456,0,0.9945054945054945,1.8308722527472527,1.265584172113138,2.3182739025754997,0.4568132795648504,0.7019750821633028,frozen_pre_study_climatology
daily_latest,tmin,5,persistence_lag2,1456,0,0.9945054945054945,2.384752747252747,1.265584172113138,3.2047033601214365,0.5829733310293186,0.8440424521677489,retrospective_past_day_proxy_publication_unverified
daily_latest,tmin,5,persistence_lag1,1456,0,0.9945054945054945,2.342445054945055,1.265584172113138,3.123064235615435,0.5754412713305577,0.8357821977672215,retrospective_past_day_proxy_publication_unverified
daily_latest,tmin,6,climatology_mean,1455,0,1.0545017182130585,1.8712451460481099,1.3508785482913248,2.362548522685711,0.43647056590096445,0.6730576826404342,frozen_pre_study_climatology
daily_latest,tmin,6,climatology_median,1455,0,1.0545017182130585,1.8304810996563576,1.3508785482913248,2.3182167426665226,0.4239210017459215,0.6604337376824119,frozen_pre_study_climatology
daily_latest,tmin,6,persistence_lag2,1455,0,1.0545017182130585,2.4059106529209626,1.3508785482913248,3.2521396604595596,0.5617037079357825,0.8274582355341719,retrospective_past_day_proxy_publication_unverified
daily_latest,tmin,6,persistence_lag1,1455,0,1.0545017182130585,2.3849484536082475,1.3508785482913248,3.2053316837340162,0.5578513587504683,0.822382130044438,retrospective_past_day_proxy_publication_unverified
daily_latest,tmin,7,climatology_mean,1454,0,1.1395460797799175,1.8712019859009628,1.46728421620154,2.3628165135276156,0.39100851304877227,0.6143720561992455,frozen_pre_study_climatology
daily_latest,tmin,7,climatology_median,1454,0,1.1395460797799175,1.830433287482806,1.46728421620154,2.318478414728038,0.37744462604970974,0.59948168745216,frozen_pre_study_climatology
daily_latest,tmin,7,persistence_lag2,1454,0,1.1395460797799175,2.4167125171939476,1.46728421620154,3.2757361069904563,0.5284726372406727,0.7993631614266569,retrospective_past_day_proxy_publication_unverified
daily_latest,tmin,7,persistence_lag1,1454,0,1.1395460797799175,2.4068775790921597,1.46728421620154,3.253152105955727,0.5265458909589668,0.7965677736994791,retrospective_past_day_proxy_publication_unverified
daily_latest,tmin,8,climatology_mean,1453,0,1.2379215416379905,1.8719318794448263,1.6120993823100973,2.363533776360307,0.33869306077252626,0.5347782644756192,frozen_pre_study_climatology
daily_latest,tmin,8,climatology_median,1453,0,1.2379215416379905,1.8312112869924295,1.6120993823100973,2.319203398729825,0.32398759748191297,0.5168233420331959,frozen_pre_study_climatology
daily_latest,tmin,8,persistence_lag2,1453,0,1.2379215416379905,2.445767377838954,1.6120993823100973,3.304401744312926,0.49385147874046764,0.7619885020305179,retrospective_past_day_proxy_publication_unverified
daily_latest,tmin,8,persistence_lag1,1453,0,1.2379215416379905,2.4182381280110117,1.6120993823100973,3.2768589445269414,0.4880894783276887,0.757970597415849,retrospective_past_day_proxy_publication_unverified
daily_latest,tmin,9,climatology_mean,1451,0,1.3435561681598898,1.8715081696531126,1.76407405480827,2.363653565088173,0.2820997578605706,0.44298616987396744,frozen_pre_study_climatology
daily_latest,tmin,9,climatology_median,1451,0,1.3435561681598898,1.8312887663680222,1.76407405480827,2.31985630748717,0.26633298208640677,0.4217555748924783,frozen_pre_study_climatology
daily_latest,tmin,9,persistence_lag2,1451,0,1.3435561681598898,2.4329427980702962,1.76407405480827,3.2991154339384257,0.44776499915018975,0.7140839059527941,retrospective_past_day_proxy_publication_unverified
daily_latest,tmin,9,persistence_lag1,1451,0,1.3435561681598898,2.4470020675396276,1.76407405480827,3.3059476923762383,0.4509378696558327,0.7152644655198507,retrospective_past_day_proxy_publication_unverified
