selection,metric,lead_days,n,mae,rmse,bias,n_target_dates,mae_ci95_low,mae_ci95_high
daily_latest,tmax,1,1460,0.9502739726027398,1.2008387479716571,-0.12945205479452057,1460,0.9143116438356175,0.9874023972602757
daily_latest,tmax,2,1459,1.1036326250856752,1.4041307902815132,-0.1295407813570939,1459,1.0550325565455778,1.1472926662097334
daily_latest,tmax,3,1458,1.2058299039780522,1.547175398808306,-0.16358024691358025,1458,1.157337105624144,1.257686899862824
daily_latest,tmax,4,1457,1.2840082361015788,1.6532325191955721,-0.18599862731640357,1457,1.2330782429649958,1.3407000686341781
daily_latest,tmax,5,1456,1.3686813186813187,1.746283337407047,-0.21730769230769237,1456,1.3126184752747254,1.4253468406593395
daily_latest,tmax,6,1455,1.4482474226804123,1.8584108054059212,-0.24041237113402067,1455,1.3912628865979382,1.511479381443296
daily_latest,tmax,7,1454,1.5483493810178819,1.9824036790295732,-0.2742090784044017,1454,1.4816299862448419,1.611024759284728
daily_latest,tmax,8,1453,1.6660013764624917,2.126953173065392,-0.317618719889883,1453,1.5976359256710242,1.7332501720578108
daily_latest,tmax,9,1451,1.7935906271536872,2.280962774465552,-0.2849758787043418,1451,1.7235647829083398,1.8685492763611296
daily_latest,tmin,1,1460,0.6886986301369864,0.8843115114681412,-0.21746575342465754,1460,0.6610239726027405,0.7158219178082204
daily_latest,tmin,2,1459,0.798423577793009,1.033745228806826,-0.10315284441398218,1459,0.7643471555860195,0.8309801233721731
daily_latest,tmin,3,1458,0.8652263374485598,1.115709619974773,-0.08607681755829903,1458,0.8292798353909455,0.9018707133058989
daily_latest,tmin,4,1457,0.9166094715168155,1.1812333747055186,-0.07350720658888125,1457,0.8786479066575156,0.9543599862731622
daily_latest,tmin,5,1456,0.9945054945054945,1.265584172113138,-0.06236263736263735,1456,0.9576905906593407,1.0334598214285713
daily_latest,tmin,6,1455,1.0545017182130585,1.3508785482913248,-0.0429553264604811,1455,1.01070618556701,1.0988333333333329
daily_latest,tmin,7,1454,1.1395460797799175,1.46728421620154,-0.03665749656121045,1454,1.0912603163686367,1.1879762723521325
daily_latest,tmin,8,1453,1.2379215416379905,1.6120993823100973,-0.021541637990364765,1453,1.185746730901581,1.2909153475567776
daily_latest,tmin,9,1451,1.3435561681598898,1.76407405480827,0.007236388697450032,1451,1.2823897312198467,1.4057270847691241
all_vintages,tmax,1,5656,1.0469766619519096,1.3279240373376708,-0.13718175388967468,1460,1.008914048639188,1.0842567007775439
all_vintages,tmax,2,5652,1.162208067940552,1.4847681459659958,-0.14363057324840767,1459,1.1143124920728977,1.2088943905537808
all_vintages,tmax,3,5649,1.2475482386263057,1.6054441367613155,-0.1711099309612321,1458,1.1983376599589715,1.2982471693485933
all_vintages,tmax,4,5645,1.330752878653676,1.7052407106654752,-0.19895482728077948,1457,1.2804520438860372,1.387217684363912
all_vintages,tmax,5,5641,1.4070909413224606,1.8034515549577692,-0.22811558234355614,1456,1.3503454233509156,1.4638827488017863
all_vintages,tmax,6,5637,1.4958843356395244,1.9194110363006773,-0.2536987759446514,1455,1.4375932755108434,1.5585949331753588
all_vintages,tmax,7,5633,1.5992011361619032,2.048177498882125,-0.298615302680632,1454,1.5331087258226432,1.6629825297424143
all_vintages,tmax,8,5629,1.725031089003375,2.2004392397320833,-0.3047432936578433,1453,1.6605465517276856,1.794713300475067
all_vintages,tmax,9,2932,1.7956343792633016,2.282975727399728,-0.2789222373806276,1451,1.7250859878248652,1.871957899562945
all_vintages,tmin,1,5656,0.748868458274399,0.9691474694487401,-0.14151343705799152,1460,0.7213738746174906,0.7775643570880562
all_vintages,tmin,2,5652,0.8328733191790516,1.0763132007724854,-0.08690728945506017,1459,0.7986802148470388,0.8653947486466766
all_vintages,tmin,3,5649,0.8940343423614798,1.152745765767831,-0.07704018410338113,1458,0.858582951744511,0.930569954040917
all_vintages,tmin,4,5645,0.9567581930912312,1.2267631154236904,-0.061806908768821965,1457,0.9191233706720016,0.9932271580791314
all_vintages,tmin,5,5641,1.0211487324942385,1.3041796635931633,-0.047775217160078,1456,0.9831491076386689,1.0615832507426037
all_vintages,tmin,6,5637,1.093276565549051,1.4049988052371283,-0.038034415469221226,1455,1.0515748013493058,1.1380278144421667
all_vintages,tmin,7,5633,1.1826912835079,1.53414362512915,-0.02863483046334103,1454,1.1326806393529518,1.2301987373288275
all_vintages,tmin,8,5629,1.2877242849529225,1.689225782686412,-0.008598330076390118,1453,1.232401906939001,1.344045226570604
all_vintages,tmin,9,2932,1.3465552523874489,1.7681884656915503,0.011425648021828105,1451,1.2840140155269113,1.4090511158902699
