metric,lead_days,n_forecasts,n_target_dates,mean_error_c,date_cluster_ci95_low,date_cluster_ci95_high,calendar7day_block_ci95_low,calendar7day_block_ci95_high
tmax,1,5656,1460,-0.13718175388967468,-0.1981588181752987,-0.06762183265243209,-0.22450768076973593,-0.05734899425535722
tmax,2,5652,1459,-0.14363057324840767,-0.21698271830776472,-0.0680055549181117,-0.26404010639765263,-0.037358516449616894
tmax,3,5649,1458,-0.1711099309612321,-0.25052029309482876,-0.0888677238652948,-0.30925471734369364,-0.047445850995727755
tmax,4,5645,1457,-0.19895482728077948,-0.28110340490854296,-0.109434691201948,-0.33979308022962845,-0.06248650492614346
tmax,5,5641,1456,-0.22811558234355614,-0.317021286518412,-0.13700933290287692,-0.38850905347386144,-0.07800375894499742
tmax,6,5637,1455,-0.2536987759446514,-0.34847430206862035,-0.15756683334153473,-0.4291118146531552,-0.09366101378229733
tmax,7,5633,1454,-0.298615302680632,-0.3998662189473059,-0.19657946623566844,-0.46478230025087974,-0.13512559926245793
tmax,8,5629,1453,-0.3047432936578433,-0.4132467719723963,-0.194071266766646,-0.4916615634550563,-0.11409236157383705
tmax,9,2932,1451,-0.2789222373806276,-0.3893968487636245,-0.1726116021765781,-0.476319117862602,-0.07685318535761579
tmin,1,5656,1460,-0.14151343705799152,-0.19210260585682595,-0.09677792041078298,-0.20467408112057314,-0.08433901856002983
tmin,2,5652,1459,-0.08690728945506017,-0.1435679676386915,-0.03436746964197846,-0.17374699525841628,-0.00699403298342153
tmin,3,5649,1458,-0.07704018410338113,-0.13727898306564895,-0.017190588417113843,-0.172491430738696,0.014580672622718348
tmin,4,5645,1457,-0.061806908768821965,-0.12173799677779133,0.0031871109673785214,-0.171797745753163,0.036199035151847456
tmin,5,5641,1456,-0.047775217160078,-0.10826034972168384,0.023951048151382076,-0.16809426593289545,0.056942436003625925
tmin,6,5637,1455,-0.038034415469221226,-0.10632617360397932,0.03641753046902426,-0.16495804995972238,0.07750014751873488
tmin,7,5633,1454,-0.02863483046334103,-0.10348670946075249,0.04888648521981665,-0.16646218066135093,0.10985906662582394
tmin,8,5629,1453,-0.008598330076390118,-0.08727182174824957,0.07498696005834521,-0.17258741558412088,0.14625037934778748
tmin,9,2932,1451,0.011425648021828105,-0.07809311400661437,0.09642754368270681,-0.16158958988332286,0.17773787926093462
