metric,season,year,lead_days,n_forecasts,n_target_dates,mean_error_c,date_cluster_ci95_low,date_cluster_ci95_high,calendar7day_block_ci95_low,calendar7day_block_ci95_high
tmax,DJF,2022,1,89,89,-0.24943820224719107,-0.48429775280898874,-0.03143258426966327,-0.5390859140859143,0.06124387755102032
tmax,DJF,2022,2,88,88,-0.1840909090909091,-0.4671306818181819,0.10005681818181812,-0.6026631920710865,0.22141900234596865
tmax,DJF,2022,3,87,87,-0.16896551724137934,-0.4747413793103452,0.14025862068965525,-0.6261456051478642,0.27449362340585143
tmax,DJF,2022,4,86,86,-0.20000000000000004,-0.4873546511627906,0.11049418604651164,-0.7214388341543514,0.3238907563025208
tmax,DJF,2022,5,85,85,-0.1482352941176471,-0.47302941176470603,0.20832352941176474,-0.7145993031358888,0.4642625665286813
tmax,DJF,2022,6,84,84,-0.08333333333333336,-0.4738392857142857,0.28577380952380954,-0.7522653508771933,0.6263305921052632
tmax,DJF,2022,7,83,83,-0.08313253012048193,-0.49882530120481927,0.34837349397590345,-0.7143181818181819,0.6093123543123542
tmax,DJF,2022,8,82,82,-0.008536585365853671,-0.4403658536585366,0.4427743902439023,-0.6477922077922077,0.7197051332288398
tmax,DJF,2022,9,81,81,0.15308641975308643,-0.3272222222222223,0.6570987654320984,-0.5928629032258064,0.9398857498961362
tmax,DJF,2023,1,90,90,-0.16888888888888895,-0.4300555555555556,0.10563888888888875,-0.4211845991561183,0.09054574638844297
tmax,DJF,2023,2,90,90,-0.23555555555555563,-0.5367222222222223,0.10888888888888862,-0.5934494773519164,0.17846679125934434
tmax,DJF,2023,3,90,90,-0.26888888888888896,-0.6100555555555558,0.08444444444444446,-0.6354756944444444,0.1759655172413792
tmax,DJF,2023,4,90,90,-0.3022222222222223,-0.6444722222222219,0.055638888888888655,-0.75,0.15506591389476027
tmax,DJF,2023,5,90,90,-0.34666666666666673,-0.7055555555555557,0.029999999999999877,-0.8377000418935906,0.18300939468946892
tmax,DJF,2023,6,90,90,-0.3133333333333334,-0.7011944444444446,0.1089444444444444,-0.8894958782498416,0.30965768702814006
tmax,DJF,2023,7,90,90,-0.3355555555555556,-0.7633888888888891,0.1313055555555553,-0.9520066134101629,0.289778409090909
tmax,DJF,2023,8,90,90,-0.36888888888888893,-0.8189722222222224,0.1401111111111111,-1.0476873774166433,0.31880568356374783
tmax,DJF,2023,9,90,90,-0.3577777777777778,-0.873416666666667,0.2278055555555555,-1.1581129032258064,0.4980037878787876
tmax,DJF,2024,1,91,91,-0.3791208791208792,-0.5714285714285714,-0.17252747252747264,-0.5474736842105263,-0.21235611735330848
tmax,DJF,2024,2,91,91,-0.2582417582417583,-0.49568681318681324,-0.005494505494505435,-0.625788466365462,0.07885843568196513
tmax,DJF,2024,3,91,91,-0.2912087912087913,-0.5516483516483516,-0.032939560439560714,-0.7096693294918808,0.10240756302520988
tmax,DJF,2024,4,91,91,-0.34615384615384626,-0.6033241758241759,-0.08664835164835183,-0.8337049092212138,0.08825268817204278
tmax,DJF,2024,5,91,91,-0.32417582417582425,-0.6198351648351647,-0.02085164835164849,-0.8496947911014653,0.1835349462365589
tmax,DJF,2024,6,91,91,-0.3571428571428572,-0.6769505494505492,-0.00989010989010987,-0.9033137564282377,0.19324926632428444
tmax,DJF,2024,7,91,91,-0.5329670329670331,-0.8989285714285709,-0.1461538461538461,-1.1868888888888889,0.16080832708177015
tmax,DJF,2024,8,91,91,-0.7087912087912088,-1.1406868131868135,-0.24725274725274726,-1.522612359550562,0.08759510869565224
tmax,DJF,2024,9,90,90,-0.7511111111111111,-1.2445000000000002,-0.22983333333333347,-1.796769038701623,0.25081460674157274
tmax,DJF,2025,1,90,90,-0.22,-0.4289166666666668,-0.01666666666666686,-0.5000290697674419,0.01592803030303031
tmax,DJF,2025,2,90,90,-0.09777777777777778,-0.3167222222222222,0.11888888888888884,-0.3488662790697675,0.1810223214285712
tmax,DJF,2025,3,90,90,-0.15333333333333335,-0.39555555555555544,0.0944722222222222,-0.4614252901353966,0.16430647840531548
tmax,DJF,2025,4,90,90,-0.1088888888888889,-0.3755833333333335,0.15888888888888875,-0.4543693387681159,0.24111111111111103
tmax,DJF,2025,5,90,90,-0.18666666666666668,-0.4467500000000002,0.06230555555555557,-0.5096611933395004,0.12947524154589363
tmax,DJF,2025,6,90,90,-0.18666666666666668,-0.4555555555555555,0.08894444444444446,-0.5130897317298799,0.13234057971014485
tmax,DJF,2025,7,90,90,-0.19777777777777777,-0.49894444444444436,0.10130555555555547,-0.5888949275362318,0.20002840909090913
tmax,DJF,2025,8,90,90,-0.27555555555555555,-0.577777777777778,0.03336111111111116,-0.6014409722222223,0.06023944805194813
tmax,DJF,2025,9,90,90,-0.2866666666666667,-0.6100555555555556,0.03336111111111101,-0.6,0.059341506572295186
tmax,JJA,2022,1,92,92,-0.1695652173913043,-0.37834239130434766,0.0739673913043479,-0.40440403821102877,0.04792553191489364
tmax,JJA,2022,2,92,92,-0.2891304347826087,-0.4880434782608691,-0.05975543478260876,-0.5521509986973516,-0.03289772727272759
tmax,JJA,2022,3,92,92,-0.4413043478260869,-0.677201086956522,-0.1999184782608697,-0.7919297052154197,-0.11303959627329177
tmax,JJA,2022,4,92,92,-0.37608695652173907,-0.6348097826086958,-0.101032608695652,-0.7688929521276597,-0.010161808300395373
tmax,JJA,2022,5,92,92,-0.39782608695652166,-0.6630706521739133,-0.09228260869565212,-0.8333776595744681,0.002326241134751627
tmax,JJA,2022,6,92,92,-0.38695652173913037,-0.656548913043478,-0.06410326086956519,-0.8319309747649682,0.02986641682785301
tmax,JJA,2022,7,92,92,-0.37608695652173907,-0.6772010869565219,-0.036929347826087006,-0.841595744680851,0.052246453900709304
tmax,JJA,2022,8,92,92,-0.37608695652173907,-0.7108967391304347,-0.015217391304348115,-0.891875,0.09576773049645398
tmax,JJA,2022,9,92,92,-0.3217391304347826,-0.6437228260869562,0.04029891304347821,-0.880230902777778,0.18673958333333332
tmax,JJA,2023,1,92,92,-0.18043478260869583,-0.39138586956521754,0.011983695652173412,-0.2943192321365097,-0.06358191287878807
tmax,JJA,2023,2,92,92,-0.3326086956521741,-0.5761141304347828,-0.10538043478260907,-0.6077298850574714,-0.008998044965787159
tmax,JJA,2023,3,92,92,-0.3760869565217393,-0.6359239130434785,-0.10972826086956566,-0.6704490344524909,-0.057458800841514904
tmax,JJA,2023,4,92,92,-0.473913043478261,-0.7663043478260873,-0.19124999999999986,-0.8010752688172045,-0.13250338432381223
tmax,JJA,2023,5,92,92,-0.5717391304347827,-0.8880706521739135,-0.26733695652173933,-0.9521981292517008,-0.2043394777265746
tmax,JJA,2023,6,92,92,-0.6695652173913045,-1.0023369565217393,-0.3477989130434784,-1.0806670757363255,-0.29894590643274865
tmax,JJA,2023,7,92,92,-0.7130434782608696,-1.0619836956521744,-0.37171195652173933,-1.1793173821252645,-0.3053518255937614
tmax,JJA,2023,8,92,92,-0.7999999999999999,-1.1500815217391305,-0.430407608695652,-1.4038047086304404,-0.312533771773907
tmax,JJA,2023,9,92,92,-0.7891304347826086,-1.1750815217391306,-0.4158967391304353,-1.417258064516129,-0.2505096726190477
tmax,JJA,2024,1,92,92,0.08804347826086946,-0.10983695652173922,0.3076358695652172,-0.13481420626895868,0.28048913043478235
tmax,JJA,2024,2,92,92,0.1641304347826086,-0.07937500000000042,0.4044021739130438,-0.19499999999999998,0.5132825106786904
tmax,JJA,2024,3,92,92,0.21847826086956512,-0.06002717391304361,0.48589673913043435,-0.19356477373558142,0.6151465353583292
tmax,JJA,2024,4,92,92,0.1858695652173912,-0.1164402173913043,0.4761141304347826,-0.2911002661934338,0.6587499999999998
tmax,JJA,2024,5,92,92,0.12065217391304338,-0.18046195652173894,0.43913043478260816,-0.3929541925465838,0.638759510869565
tmax,JJA,2024,6,92,92,0.07717391304347816,-0.22614130434782603,0.38154891304347827,-0.4613010204081633,0.6283043478260868
tmax,JJA,2024,7,92,92,-0.020652173913043578,-0.31415760869565185,0.28154891304347807,-0.5459932342502218,0.5554733316481295
tmax,JJA,2024,8,92,92,-0.031521739130434885,-0.3338315217391303,0.28377717391304313,-0.5663043478260871,0.5560767679164687
tmax,JJA,2024,9,92,92,-0.020652173913043578,-0.3511141304347829,0.32953804347826077,-0.5795652173913045,0.5800058139534882
tmax,JJA,2025,1,92,92,-0.26521739130434796,-0.4902445652173914,-0.03586956521739154,-0.4264717383576255,-0.09777435982707021
tmax,JJA,2025,2,92,92,-0.3413043478260871,-0.5641576086956521,-0.10866847826086955,-0.5823222870879123,-0.11316964285714295
tmax,JJA,2025,3,92,92,-0.38478260869565234,-0.6283423913043479,-0.12500000000000003,-0.7483189655172414,-0.0709243176178658
tmax,JJA,2025,4,92,92,-0.38478260869565234,-0.6424184782608697,-0.12497282608695658,-0.7710492184901899,-0.04723620129870121
tmax,JJA,2025,5,92,92,-0.47173913043478277,-0.7630706521739131,-0.1748913043478263,-0.9527215424545789,-0.04948426478567544
tmax,JJA,2025,6,92,92,-0.5586956521739131,-0.8728532608695654,-0.25755434782608727,-0.990830864603906,-0.14995879120879127
tmax,JJA,2025,7,92,92,-0.5913043478260871,-0.8869565217391305,-0.2804347826086959,-1.02053014309172,-0.1873349719101126
tmax,JJA,2025,8,92,92,-0.5695652173913045,-0.8817119565217387,-0.2640489130434785,-0.9860752688172046,-0.1870252100840338
tmax,JJA,2025,9,92,92,-0.5913043478260871,-0.938097826086956,-0.24885869565217375,-1.084153584817245,-0.14928947368421083
tmax,MAM,2022,1,92,92,-0.06630434782608709,-0.36755434782608704,0.21309782608695627,-0.3817205377574373,0.259157894736842
tmax,MAM,2022,2,92,92,-0.011956521739130565,-0.37614130434782617,0.35543478260869543,-0.5643811064973133,0.5244406696553656
tmax,MAM,2022,3,92,92,-0.0880434782608697,-0.46967391304347844,0.30874999999999997,-0.7022600146555938,0.5409756936482458
tmax,MAM,2022,4,92,92,-0.2293478260869566,-0.6336956521739129,0.172010869565217,-0.9421392546931915,0.44040760869565154
tmax,MAM,2022,5,92,92,-0.34891304347826096,-0.7707880434782612,0.06961956521739109,-1.1202865168539322,0.3641304347826083
tmax,MAM,2022,6,92,92,-0.49021739130434794,-0.9630434782608696,-0.05317934782608709,-1.3543936248168054,0.3314636309875813
tmax,MAM,2022,7,92,92,-0.6423913043478262,-1.123913043478261,-0.18252717391304354,-1.457796385237614,0.17298217896865492
tmax,MAM,2022,8,92,92,-0.707608695652174,-1.2326358695652178,-0.20972826086956536,-1.5891493649242796,0.18073979591836722
tmax,MAM,2022,9,92,92,-0.6315217391304349,-1.2089945652173915,-0.08586956521739156,-1.5873852974828377,0.3410722341568207
tmax,MAM,2023,1,92,92,0.04673913043478254,-0.1892119565217392,0.285,-0.10229569632495161,0.2000255102040816
tmax,MAM,2023,2,92,92,0.07934782608695645,-0.25336956521739146,0.4023641304347824,-0.33261734189723335,0.5209895833333331
tmax,MAM,2023,3,92,92,0.04673913043478254,-0.3467934782608693,0.44676630434782627,-0.5088939393939396,0.6347984601449275
tmax,MAM,2023,4,92,92,-0.0728260869565218,-0.5011141304347827,0.35872282608695666,-0.7148110177865613,0.5959926303854874
tmax,MAM,2023,5,92,92,-0.09456521739130441,-0.5523641304347824,0.36975543478260847,-0.7489434523809524,0.6012409332688587
tmax,MAM,2023,6,92,92,-0.02934782608695659,-0.5044021739130434,0.43478260869565216,-0.6840251358695653,0.6583237670068026
tmax,MAM,2023,7,92,92,-0.10543478260869572,-0.5914130434782607,0.35872282608695666,-0.7758854166666668,0.5445877782931353
tmax,MAM,2023,8,92,92,-0.19239130434782617,-0.6685054347826087,0.2816304347826086,-0.8327224469160769,0.41090394853593604
tmax,MAM,2023,9,92,92,-0.29021739130434787,-0.7870380434782609,0.20135869565217357,-0.9783281573498966,0.37242021276595716
tmax,MAM,2024,1,92,92,-0.2195652173913042,-0.5315217391304345,0.0565489130434784,-0.5541071428571427,0.12608695652173935
tmax,MAM,2024,2,92,92,-0.18695652173913027,-0.5152717391304343,0.13595108695652186,-0.5914707187222714,0.21862676946410523
tmax,MAM,2024,3,92,92,-0.176086956521739,-0.5619565217391301,0.2174184782608698,-0.6966260111223456,0.3527601351351355
tmax,MAM,2024,4,92,92,-0.09999999999999985,-0.5098641304347823,0.33269021739130444,-0.7167144843276035,0.5013662790697675
tmax,MAM,2024,5,92,92,-0.08913043478260856,-0.5065489130434784,0.3512500000000002,-0.7939490905057673,0.566334239130435
tmax,MAM,2024,6,92,92,-0.18695652173913027,-0.6336956521739127,0.2858695652173915,-0.9925560115350486,0.5260980479148183
tmax,MAM,2024,7,92,92,-0.13260869565217376,-0.5804891304347826,0.3717663043478264,-1.0163315217391302,0.6438947426796805
tmax,MAM,2024,8,92,92,-0.09999999999999985,-0.6097826086956519,0.4467934782608699,-1.1593415065722952,0.7800380434782611
tmax,MAM,2024,9,92,92,-0.023913043478260728,-0.5392663043478257,0.5532608695652176,-1.1466243474133837,0.8913763902932256
tmax,MAM,2025,1,92,92,-0.10978260869565196,-0.44358695652173913,0.2358967391304349,-0.45937588989084,0.24867487212276224
tmax,MAM,2025,2,92,92,-0.04456521739130413,-0.4001086956521737,0.2990217391304349,-0.5000765306122448,0.4550783619818
tmax,MAM,2025,3,92,92,-0.055434782608695436,-0.4272010869565215,0.33369565217391306,-0.5771833407275953,0.5128488372093022
tmax,MAM,2025,4,92,92,-0.15326086956521717,-0.5326358695652172,0.2511684782608696,-0.6859167036379766,0.4430813953488374
tmax,MAM,2025,5,92,92,-0.32717391304347804,-0.735,0.12179347826086981,-0.9357142857142855,0.379357373678026
tmax,MAM,2025,6,92,92,-0.31630434782608674,-0.7619836956521737,0.16013586956521728,-0.9969897959183671,0.47872670807453443
tmax,MAM,2025,7,92,92,-0.4467391304347824,-0.9305434782608695,0.04024456521739143,-1.1909643966282162,0.4110059893522626
tmax,MAM,2025,8,92,92,-0.5880434782608693,-1.125054347826087,-0.06839673913043433,-1.4457558139534883,0.40031249999999985
tmax,MAM,2025,9,92,92,-0.5663043478260867,-1.1034239130434782,-0.01298913043478272,-1.440078194321207,0.5013043478260871
tmax,SON,2022,1,91,91,-0.043956043956043876,-0.25947802197802206,0.17590659340659337,-0.29272208567415714,0.19881119582664533
tmax,SON,2022,2,91,91,-0.14285714285714277,-0.42420329670329704,0.12420329670329684,-0.4523694826767912,0.13431541019955656
tmax,SON,2022,3,91,91,-0.2197802197802197,-0.5132142857142858,0.049478021978022334,-0.5531448014279338,0.09213915298184974
tmax,SON,2022,4,91,91,-0.2197802197802197,-0.512087912087912,0.07912087912087912,-0.563569954988747,0.11848569969356473
tmax,SON,2022,5,91,91,-0.17582417582417575,-0.4769230769230769,0.14398351648351648,-0.5698600618131867,0.2182058953900707
tmax,SON,2022,6,91,91,-0.3296703296703296,-0.6726648351648351,0.01428571428571414,-0.7471803977272728,0.10117341897233197
tmax,SON,2022,7,91,91,-0.3626373626373626,-0.7121978021978019,0.01760989010989018,-0.7898214285714286,0.0689062499999999
tmax,SON,2022,8,91,91,-0.4175824175824175,-0.7967307692307695,-0.051565934065934245,-0.9292544226631604,0.08081294030404151
tmax,SON,2022,9,91,91,-0.40659340659340654,-0.8198351648351645,0.002252747252747313,-0.9745095734923183,0.12724962349397564
tmax,SON,2023,1,91,91,-0.05384615384615399,-0.2846428571428571,0.1989560439560438,-0.29886600378787875,0.19753164556962016
tmax,SON,2023,2,91,91,-0.05384615384615399,-0.3442307692307692,0.21870879120879114,-0.4824223602484473,0.3354489715189873
tmax,SON,2023,3,91,91,-0.08681318681318695,-0.4166208791208794,0.26824175824175794,-0.6358163265306125,0.44388073979591836
tmax,SON,2023,4,91,91,0.034065934065933924,-0.34403846153846174,0.4275824175824172,-0.6347232697426801,0.7083602941176469
tmax,SON,2023,5,91,91,0.1549450549450548,-0.2846153846153849,0.588021978021978,-0.6011788302277435,0.8917219387755101
tmax,SON,2023,6,91,91,0.18791208791208777,-0.281401098901099,0.6417582417582415,-0.6655484693877555,1.0547134551495014
tmax,SON,2023,7,91,91,0.1439560439560438,-0.3285989010989015,0.6362912087912085,-0.8612872841444273,1.1076923076923075
tmax,SON,2023,8,91,91,0.07802197802197788,-0.4495879120879123,0.5967582417582415,-0.9715529695024078,1.1237222222222214
tmax,SON,2023,9,91,91,0.045054945054944916,-0.5165934065934069,0.58021978021978,-1.0969289805269191,1.1239880952380943
tmax,SON,2024,1,91,91,-0.06483516483516474,-0.3023626373626374,0.17148351648351665,-0.33817226890756275,0.19185672207027146
tmax,SON,2024,2,91,91,-0.15274725274725265,-0.40780219780219773,0.09563186813186837,-0.47298577892695526,0.18336956521739142
tmax,SON,2024,3,91,91,-0.2186813186813186,-0.5000824175824176,0.044093406593406506,-0.5777898550724636,0.17043367346938787
tmax,SON,2024,4,91,91,-0.26263736263736254,-0.5615934065934068,0.04398351648351661,-0.6468749999999998,0.16752373042240143
tmax,SON,2024,5,91,91,-0.24065934065934055,-0.5593681318681318,0.06596153846153867,-0.6835168067226888,0.23418367346938776
tmax,SON,2024,6,91,91,-0.2186813186813186,-0.5462637362637361,0.11653846153846159,-0.6748410926870744,0.3049153185035388
tmax,SON,2024,7,91,91,-0.07582417582417574,-0.48684065934065934,0.33296703296703284,-0.6941178215472231,0.59798178613396
tmax,SON,2024,8,91,91,-0.08681318681318671,-0.5111263736263736,0.34631868131868115,-0.7432486948267678,0.6480102040816327
tmax,SON,2024,9,91,91,0.056043956043956136,-0.39461538461538453,0.5345329670329664,-0.689754901960784,0.918531768265352
tmax,SON,2025,1,91,91,-0.020879120879120746,-0.20662087912087895,0.1670329670329672,-0.1810942839391115,0.13959293394777264
tmax,SON,2025,2,91,91,0.01208791208791222,-0.21538461538461517,0.2439835164835166,-0.29999999999999993,0.30327536962365587
tmax,SON,2025,3,91,91,0.045054945054945186,-0.22857142857142834,0.3033241758241758,-0.3421395881006865,0.4097043010752689
tmax,SON,2025,4,91,91,0.0340659340659342,-0.26153846153846105,0.3077472527472528,-0.4117185632321298,0.4512848198313317
tmax,SON,2025,5,91,91,-0.020879120879120746,-0.32420329670329634,0.26826923076923065,-0.47922238372093023,0.4063488520408164
tmax,SON,2025,6,91,91,0.0340659340659342,-0.30115384615384594,0.35500000000000015,-0.45192528735632176,0.4736405529953918
tmax,SON,2025,7,91,91,0.11098901098901112,-0.2374999999999997,0.4505769230769231,-0.47394021739130426,0.5968765943877553
tmax,SON,2025,8,91,91,0.11098901098901112,-0.2968406593406591,0.48903846153846176,-0.5173103448275862,0.6784576944140198
tmax,SON,2025,9,91,91,0.27582417582417595,-0.15170329670329663,0.7176373626373627,-0.4019926041814821,0.9032119666048238
tmin,DJF,2022,1,89,89,-0.34157303370786507,-0.5180337078651686,-0.16514044943820216,-0.5922395539243364,-0.0878023857190524
tmin,DJF,2022,2,88,88,-0.08409090909090901,-0.3091193181818182,0.14105113636363628,-0.4598574106306064,0.27409090909090905
tmin,DJF,2022,3,87,87,-0.039080459770114866,-0.27827586206896554,0.19548850574712648,-0.41727138157894733,0.28822061403508775
tmin,DJF,2022,4,86,86,0.05813953488372099,-0.17101744186046522,0.3047093023255815,-0.36707413974257946,0.47360717595657353
tmin,DJF,2022,5,85,85,0.18000000000000008,-0.1000588235294117,0.4566176470588235,-0.3517837195484255,0.7805898268398271
tmin,DJF,2022,6,84,84,0.24523809523809534,-0.06788690476190469,0.5775892857142857,-0.3505889616001976,0.9652561933125765
tmin,DJF,2022,7,83,83,0.29879518072289163,-0.050602409638554016,0.6459638554216866,-0.30990992239467846,1.0065395021645023
tmin,DJF,2022,8,82,82,0.42439024390243907,0.05359756097560983,0.8292682926829267,-0.1776686507936507,1.1931051587301587
tmin,DJF,2022,9,81,81,0.5864197530864199,0.1752777777777778,1.0235802469135806,-0.15813427864484206,1.423693541102078
tmin,DJF,2023,1,90,90,-0.18888888888888897,-0.33444444444444443,-0.03777777777777788,-0.26186190992946295,-0.09885999417249429
tmin,DJF,2023,2,90,90,-7.894919286223336e-17,-0.16113888888888894,0.15894444444444444,-0.17362781954887235,0.1489166666666665
tmin,DJF,2023,3,90,90,0.022222222222222143,-0.16341666666666674,0.2000277777777777,-0.1842927631578949,0.20733300997782692
tmin,DJF,2023,4,90,90,0.022222222222222143,-0.17672222222222214,0.21338888888888874,-0.20473374735729388,0.22641058290888497
tmin,DJF,2023,5,90,90,0.022222222222222143,-0.19888888888888878,0.21891666666666673,-0.26303436111836964,0.2980174684994273
tmin,DJF,2023,6,90,90,0.04444444444444436,-0.2390555555555557,0.3189722222222223,-0.31879329819277125,0.4122818352059924
tmin,DJF,2023,7,90,90,0.055555555555555455,-0.28113888888888894,0.38024999999999964,-0.33213553979511434,0.47170807453416114
tmin,DJF,2023,8,90,90,0.13333333333333328,-0.2678055555555558,0.5411666666666666,-0.3874098202824132,0.676607934397163
tmin,DJF,2023,9,90,90,0.19999999999999996,-0.28891666666666677,0.6888888888888888,-0.46430778491171754,0.881277740641711
tmin,DJF,2024,1,91,91,-0.45274725274725286,-0.601098901098901,-0.3043131868131871,-0.5957468971631209,-0.3057098312545858
tmin,DJF,2024,2,91,91,-0.10109890109890128,-0.30442307692307724,0.0967032967032965,-0.3750579896907218,0.22392632850241523
tmin,DJF,2024,3,91,91,-0.04615384615384633,-0.2692582417582419,0.19560439560439538,-0.3979635258358665,0.3640742550073275
tmin,DJF,2024,4,91,91,-0.05714285714285732,-0.3000274725274728,0.2087912087912086,-0.5025199275362322,0.3797750896057344
tmin,DJF,2024,5,91,91,-0.04615384615384633,-0.3230769230769231,0.2528296703296701,-0.5299990421455942,0.4528553427419351
tmin,DJF,2024,6,91,91,-0.05714285714285732,-0.3571978021978024,0.2551098901098897,-0.5745550420665957,0.47856522509748295
tmin,DJF,2024,7,91,91,-0.16703296703296722,-0.5088736263736265,0.18464285714285697,-0.8593357248886694,0.4437460007109844
tmin,DJF,2024,8,91,91,-0.32087912087912107,-0.7396428571428574,0.0913186813186811,-1.2300274725274725,0.43938281421364317
tmin,DJF,2024,9,90,90,-0.4455555555555557,-0.9155555555555551,-0.007722222222222378,-1.4278280141843973,0.47727639296187657
tmin,DJF,2025,1,90,90,-0.33000000000000007,-0.4833611111111112,-0.1800000000000002,-0.46511627906976744,-0.19574236817761337
tmin,DJF,2025,2,90,90,-0.07444444444444454,-0.2377777777777779,0.08674999999999973,-0.28876339285714275,0.14469478216818635
tmin,DJF,2025,3,90,90,-0.06333333333333342,-0.23225,0.108972222222222,-0.32613920454545453,0.1915119102682702
tmin,DJF,2025,4,90,90,-0.0411111111111112,-0.2300833333333334,0.15780555555555542,-0.31932065217391337,0.2163134057971013
tmin,DJF,2025,5,90,90,-0.0411111111111112,-0.2612222222222224,0.17449999999999985,-0.35837500000000017,0.2227707930367503
tmin,DJF,2025,6,90,90,0.0033333333333332425,-0.21119444444444452,0.21008333333333326,-0.2946975507174666,0.24043051861702128
tmin,DJF,2025,7,90,90,0.025555555555555463,-0.21002777777777798,0.24447222222222223,-0.27918604651162804,0.272954861111111
tmin,DJF,2025,8,90,90,-0.007777777777777869,-0.26563888888888887,0.24452777777777776,-0.3000297619047619,0.24587797619047608
tmin,DJF,2025,9,90,90,-0.06333333333333342,-0.3456944444444445,0.20452777777777761,-0.3427439024390246,0.19319269825918753
tmin,JJA,2022,1,92,92,-0.00760869565217406,-0.17070652173913042,0.1522010869565217,-0.22354931972789124,0.2061638321995462
tmin,JJA,2022,2,92,92,0.10108695652173898,-0.08043478260869578,0.28152173913043477,-0.17451041666666683,0.39491912722535794
tmin,JJA,2022,3,92,92,0.024999999999999852,-0.16739130434782612,0.21307065217391294,-0.29775749516441014,0.36889539007092187
tmin,JJA,2022,4,92,92,0.05760869565217377,-0.157771739130435,0.26959239130434776,-0.29336979166666677,0.43185606060606035
tmin,JJA,2022,5,92,92,0.11195652173913029,-0.1228532608695653,0.34567934782608684,-0.2843767361111113,0.5227840909090908
tmin,JJA,2022,6,92,92,0.17717391304347813,-0.06741847826086986,0.4217934782608695,-0.2512118459302326,0.6000833333333332
tmin,JJA,2022,7,92,92,0.26413043478260856,0.027119565217391072,0.5120108695652174,-0.2166329625884732,0.7467685688405794
tmin,JJA,2022,8,92,92,0.30760869565217375,0.05195652173913015,0.5739130434782606,-0.16493794326241157,0.7930965045592697
tmin,JJA,2022,9,92,92,0.31847826086956504,0.041277173913043294,0.6054347826086955,-0.17708559782608718,0.8364599802371537
tmin,JJA,2023,1,92,92,-0.1728260869565215,-0.3347826086956519,-0.004320652173912822,-0.35256720430107497,0.02303879310344823
tmin,JJA,2023,2,92,92,-0.30326086956521714,-0.4836956521739129,-0.11948369565217372,-0.5245153061224487,-0.11016403335527734
tmin,JJA,2023,3,92,92,-0.23804347826086933,-0.4152989130434781,-0.05105978260869548,-0.471443932411674,-0.02162548880199083
tmin,JJA,2023,4,92,92,-0.2163043478260867,-0.39894021739130414,-0.015217391304347655,-0.46532182103610653,0.013551962209302292
tmin,JJA,2023,5,92,92,-0.2054347826086954,-0.3913043478260868,1.1681477041708082e-16,-0.4602314165497893,0.028582949308755847
tmin,JJA,2023,6,92,92,-0.1945652173913041,-0.3793478260869563,0.011983695652173987,-0.4706887755102037,0.052897877984084955
tmin,JJA,2023,7,92,92,-0.2163043478260867,-0.41850543478260854,-0.0021467391304345654,-0.5145264930690501,0.036799568965517226
tmin,JJA,2023,8,92,92,-0.1945652173913041,-0.4130706521739127,0.029429347826087103,-0.5193764643861287,0.09461488005997004
tmin,JJA,2023,9,92,92,-0.1510869565217389,-0.37505434782608676,0.08711956521739139,-0.46805216270730576,0.14384451076779045
tmin,JJA,2024,1,92,92,-0.06630434782608698,-0.24456521739130438,0.10763586956521727,-0.24593319886093978,0.08991588527302816
tmin,JJA,2024,2,92,92,0.16195652173913042,-0.08152173913043478,0.37505434782608693,-0.1803191354903944,0.4653090242669361
tmin,JJA,2024,3,92,92,0.19456521739130433,-0.04891304347826083,0.41201086956521726,-0.19419552578361993,0.5261033872598582
tmin,JJA,2024,4,92,92,0.1293478260869565,-0.11092391304347829,0.35220108695652164,-0.24075581395348847,0.454375
tmin,JJA,2024,5,92,92,0.1184782608695652,-0.12505434782608696,0.35002717391304367,-0.2500271739130436,0.4687790697674418
tmin,JJA,2024,6,92,92,0.09673913043478259,-0.1358695652173914,0.3282880434782609,-0.2523837209302326,0.43626766304347814
tmin,JJA,2024,7,92,92,0.1184782608695652,-0.10448369565217411,0.35108695652173894,-0.2122920363797694,0.4467934782608696
tmin,JJA,2024,8,92,92,0.14021739130434782,-0.08483695652173906,0.37173913043478257,-0.18258657735085942,0.470110465116279
tmin,JJA,2024,9,92,92,0.15108695652173912,-0.09684782608695654,0.39679347826086936,-0.2183972937000888,0.5326657608695651
tmin,JJA,2025,1,92,92,-0.17173913043478253,-0.36198369565217364,0.034782608695652174,-0.3954662209711469,0.010779569892473294
tmin,JJA,2025,2,92,92,-0.030434782608695584,-0.24350543478260853,0.19035326086956506,-0.3468497219413547,0.21505785413744752
tmin,JJA,2025,3,92,92,0.02391304347826094,-0.1924728260869565,0.2437228260869562,-0.30762196663296254,0.28256407851962995
tmin,JJA,2025,4,92,92,0.0021739130434783303,-0.22502717391304358,0.24350543478260883,-0.35435540950454986,0.29050569259962045
tmin,JJA,2025,5,92,92,0.05652173913043485,-0.18478260869565202,0.3077717391304345,-0.33526221425369773,0.37935782967032955
tmin,JJA,2025,6,92,92,0.11086956521739137,-0.1360597826086956,0.37065217391304356,-0.26560977616853176,0.42373620375985455
tmin,JJA,2025,7,92,92,0.08913043478260876,-0.1544293478260869,0.33269021739130444,-0.27397381954184197,0.39780279503105626
tmin,JJA,2025,8,92,92,0.1543478260869566,-0.09133152173913038,0.4043750000000001,-0.19810463325038508,0.46667582417582415
tmin,JJA,2025,9,92,92,0.1652173913043479,-0.0750271739130435,0.41521739130434787,-0.18639204545454532,0.5053083881578949
tmin,MAM,2022,1,92,92,-0.1543478260869566,-0.3022010869565219,-0.0010869565217394312,-0.318639534883721,0.02043166704884188
tmin,MAM,2022,2,92,92,-0.1217391304347827,-0.35875000000000007,0.11744565217391296,-0.49328161745492544,0.25067620137299745
tmin,MAM,2022,3,92,92,-0.10000000000000009,-0.36198369565217386,0.15008152173913034,-0.551620995423341,0.3372957665903884
tmin,MAM,2022,4,92,92,-0.1543478260869566,-0.4271739130434784,0.11853260869565205,-0.6380706521739132,0.3184899885583523
tmin,MAM,2022,5,92,92,-0.1869565217391305,-0.46956521739130436,0.09692934782608661,-0.7141455949656751,0.31896281464530873
tmin,MAM,2022,6,92,92,-0.2521739130434783,-0.5620380434782607,0.07730978260869548,-0.7927342677345536,0.27502717391304327
tmin,MAM,2022,7,92,92,-0.3608695652173914,-0.6914673913043473,-0.015190217391304418,-0.8622010869565218,0.18219937070938194
tmin,MAM,2022,8,92,92,-0.43695652173913063,-0.7903260869565218,-0.08472826086956528,-0.9591312929061787,0.1654210526315787
tmin,MAM,2022,9,92,92,-0.3934782608695654,-0.7859239130434778,0.005543478260869444,-0.986075581395349,0.26426287185354697
tmin,MAM,2023,1,92,92,-0.19456521739130425,-0.37394021739130423,-0.020597826086956438,-0.35718650793650775,-0.04387103777681265
tmin,MAM,2023,2,92,92,-0.0641304347826086,-0.2749999999999999,0.16203804347826098,-0.3405398671096346,0.2125284090909093
tmin,MAM,2023,3,92,92,-0.07499999999999991,-0.3153804347826087,0.19032608695652165,-0.42407366071428587,0.28370432469935264
tmin,MAM,2023,4,92,92,-0.08586956521739121,-0.36752717391304335,0.21529891304347845,-0.5170880681818182,0.359129593810445
tmin,MAM,2023,5,92,92,-0.009782608695652081,-0.27826086956521723,0.2826902173913044,-0.45002604166666677,0.424519648284846
tmin,MAM,2023,6,92,92,0.03369565217391313,-0.24902173913043468,0.3304347826086957,-0.4254974489795918,0.48156702898550746
tmin,MAM,2023,7,92,92,-0.10760869565217382,-0.3959239130434781,0.20434782608695665,-0.5822239583333334,0.3592318594104307
tmin,MAM,2023,8,92,92,-0.19456521739130425,-0.49894021739130434,0.125108695652174,-0.6955432412790699,0.2511170212765959
tmin,MAM,2023,9,92,92,-0.3358695652173912,-0.673016304347826,0.008695652173913132,-0.8803162202380953,0.13031423611111118
tmin,MAM,2024,1,92,92,-0.22826086956521757,-0.4511956521739132,-0.014076086956521933,-0.37756876663708977,-0.07660683139534903
tmin,MAM,2024,2,92,92,-0.11956521739130452,-0.3707336956521743,0.13698369565217378,-0.39075581395348846,0.2001162790697672
tmin,MAM,2024,3,92,92,-0.08695652173913061,-0.3652445652173915,0.1947010869565216,-0.47757653061224503,0.3642024772497468
tmin,MAM,2024,4,92,92,-0.04347826086956541,-0.32285326086956534,0.256603260869565,-0.4428612956810633,0.40657608695652153
tmin,MAM,2024,5,92,92,-1.9308226515220113e-16,-0.29133152173913063,0.32942934782608646,-0.4816836734693876,0.483940217391304
tmin,MAM,2024,6,92,92,0.04347826086956502,-0.26527173913043506,0.38815217391304324,-0.517456743566992,0.5956983695652174
tmin,MAM,2024,7,92,92,0.14130434782608675,-0.20760869565217413,0.5294836956521737,-0.5250815217391305,0.7760869565217391
tmin,MAM,2024,8,92,92,0.2065217391304346,-0.1815489130434785,0.634782608695652,-0.5782941437444542,0.9229619565217387
tmin,MAM,2024,9,92,92,0.2282608695652172,-0.19364130434782634,0.6730434782608692,-0.664719387755102,1.0116412633563796
tmin,MAM,2025,1,92,92,-0.258695652173913,-0.45108695652173914,-0.08029891304347835,-0.42329941860465115,-0.1097676353149955
tmin,MAM,2025,2,92,92,-0.14999999999999994,-0.3924184782608692,0.08054347826086951,-0.5206881951466127,0.2785969387755103
tmin,MAM,2025,3,92,92,-0.041304347826086885,-0.305461956521739,0.22394021739130432,-0.44893431122448985,0.4827883762200533
tmin,MAM,2025,4,92,92,0.06739130434782616,-0.21089673913043447,0.35111413043478296,-0.3949942602040815,0.6732994186046511
tmin,MAM,2025,5,92,92,-0.01956521739130428,-0.3206793478260869,0.2902445652173912,-0.5407128412537918,0.6226020408163266
tmin,MAM,2025,6,92,92,0.013043478260869634,-0.2902717391304348,0.3097826086956522,-0.5230717613132209,0.6012638642413488
tmin,MAM,2025,7,92,92,0.06739130434782616,-0.26956521739130423,0.37282608695652164,-0.5489673913043477,0.6906073053589485
tmin,MAM,2025,8,92,92,-0.01956521739130428,-0.38043478260869557,0.34021739130434797,-0.7451505102040817,0.7361453488372095
tmin,MAM,2025,9,92,92,0.02391304347826094,-0.3685054347826086,0.394891304347826,-0.7663775510204082,0.8408285270629993
tmin,SON,2022,1,91,91,-0.2032967032967033,-0.38244505494505526,-0.029642857142857238,-0.3764841779408393,0.013260368663594509
tmin,SON,2022,2,91,91,-0.2692307692307692,-0.48684065934065934,-0.05821428571428568,-0.4854287566366218,-0.03713071811909032
tmin,SON,2022,3,91,91,-0.23626373626373626,-0.4605494505494506,-0.016483516483516442,-0.48441236413043476,0.014825095837896922
tmin,SON,2022,4,91,91,-0.1813186813186813,-0.4242032967032968,0.05057692307692314,-0.5172488770926907,0.12169145331325273
tmin,SON,2022,5,91,91,-0.15934065934065933,-0.4352747252747251,0.10552197802197791,-0.5535873330034637,0.2229304846938776
tmin,SON,2022,6,91,91,-0.13736263736263737,-0.4242307692307691,0.14508241758241752,-0.6055494505494504,0.27607610887096773
tmin,SON,2022,7,91,91,-0.11538461538461539,-0.42208791208791213,0.18480769230769226,-0.6296559343434341,0.33412573313783
tmin,SON,2022,8,91,91,-0.14835164835164835,-0.4715384615384616,0.18793956043956028,-0.7037564599483203,0.3429846938775509
tmin,SON,2022,9,91,91,-0.07142857142857142,-0.43739010989011,0.3033241758241758,-0.666672874938935,0.4738044708545556
tmin,SON,2023,1,91,91,-0.2736263736263737,-0.4406868131868131,-0.1208791208791209,-0.4532730978260871,-0.12779851591707278
tmin,SON,2023,2,91,91,-0.2516483516483517,-0.4186813186813187,-0.07912087912087917,-0.48805888614970855,0.011780247277008863
tmin,SON,2023,3,91,91,-0.29560439560439566,-0.48582417582417586,-0.09120879120879145,-0.617396082178691,0.06782118055555547
tmin,SON,2023,4,91,91,-0.22967032967032974,-0.4340934065934066,-0.006538461538461414,-0.5870019964507541,0.1552198775773195
tmin,SON,2023,5,91,91,-0.2516483516483517,-0.4847252747252749,-0.004395604395604476,-0.6739699792960664,0.1776483273721859
tmin,SON,2023,6,91,91,-0.2736263736263737,-0.5473076923076925,-0.021950549450549497,-0.7500271739130435,0.20114396284829714
tmin,SON,2023,7,91,91,-0.3285714285714286,-0.6352472527472528,-0.028434065934065982,-0.9077352941176472,0.22925271739130423
tmin,SON,2023,8,91,91,-0.2516483516483517,-0.5769230769230768,0.07475274725274711,-0.9132065217391304,0.3920989558614141
tmin,SON,2023,9,91,91,-0.19670329670329675,-0.5483516483516486,0.1649999999999998,-0.909209763450835,0.526056060154854
tmin,SON,2024,1,91,91,-0.15824175824175807,-0.3396703296703295,0.022005494505494487,-0.3725671029281279,0.04893672429078039
tmin,SON,2024,2,91,91,-0.16923076923076905,-0.41541208791208784,0.05181318681318677,-0.49457353593611353,0.12366789215686277
tmin,SON,2024,3,91,91,-0.20219780219780203,-0.4560714285714284,0.03296703296703309,-0.5581911485524443,0.13779963235294138
tmin,SON,2024,4,91,91,-0.24615384615384597,-0.5197802197802197,0.030796703296703504,-0.6244257865937073,0.10660299003322272
tmin,SON,2024,5,91,91,-0.3120879120879119,-0.610989010989011,-0.028543956043955963,-0.7603460384153665,0.12346347883307776
tmin,SON,2024,6,91,91,-0.3010989010989009,-0.6176648351648348,0.006620879120879235,-0.7857866184448463,0.20446354166666675
tmin,SON,2024,7,91,91,-0.19120879120879103,-0.5308241758241755,0.1375000000000001,-0.7184802218735994,0.40837560695118835
tmin,SON,2024,8,91,91,-0.07032967032967016,-0.43964285714285695,0.27483516483516485,-0.6714397321428571,0.5781318681318683
tmin,SON,2024,9,91,91,0.050549450549450724,-0.32535714285714284,0.4384890109890112,-0.6125520833333334,0.8117107792873623
tmin,SON,2025,1,91,91,-0.28571428571428564,-0.4330219780219778,-0.11865384615384594,-0.4275228937728937,-0.1580373218304575
tmin,SON,2025,2,91,91,-0.17582417582417573,-0.35717032967032936,0.017582417582417523,-0.40125864875864875,-0.00831317204301081
tmin,SON,2025,3,91,91,-0.2197802197802197,-0.41098901098901075,-0.024148351648351586,-0.5089984199438201,0.0032258064516129882
tmin,SON,2025,4,91,91,-0.2527472527472527,-0.4396428571428572,-0.05271978021978,-0.5285140810276678,-0.01825268817204286
tmin,SON,2025,5,91,91,-0.24175824175824168,-0.4571428571428571,-0.018681318681318632,-0.524280492757547,0.028177083333333387
tmin,SON,2025,6,91,91,-0.21978021978021967,-0.4660439560439561,0.03629120879120892,-0.5912619047619048,0.09895408163265325
tmin,SON,2025,7,91,91,-0.13186813186813176,-0.41115384615384615,0.1692582417582419,-0.5581920706080131,0.23859853316326549
tmin,SON,2025,8,91,91,-0.02197802197802188,-0.3309065934065935,0.2901098901098902,-0.4531804770100811,0.39272933467741983
tmin,SON,2025,9,91,91,0.10989010989010999,-0.20332417582417578,0.45063186813186806,-0.3139942466348242,0.5228311339198438
