metric,lead_days,n_forecasts,n_target_dates,mean_error_pp,date_cluster_ci95_low,date_cluster_ci95_high,calendar7day_block_ci95_low,calendar7day_block_ci95_high
rh_max,1,5656,1460,3.227722772277228,2.9547159433312586,3.50201072115537,2.858302342864421,3.624756205785617
rh_max,2,5652,1459,3.243984430290163,2.9357729628850984,3.5288419469645156,2.85665732954639,3.6646965005234247
rh_max,3,5649,1458,3.2745618693574086,2.9505392299375104,3.5748267684779975,2.86507575821933,3.7222201071704766
rh_max,4,5645,1457,3.254207263064659,2.9369203237784287,3.5559719139527495,2.803551085515361,3.736890493294385
rh_max,5,5641,1456,3.1753235241978373,2.838436722538904,3.514904785341107,2.6766898101355077,3.666307553526405
rh_max,6,5637,1455,2.9962746141564662,2.637472192326221,3.3585555098948943,2.487020973610868,3.540714229518316
rh_max,7,5633,1454,2.8451979407065506,2.467388122153251,3.243147480082793,2.2974918221701435,3.411255151960823
rh_max,8,5629,1453,2.646473618759993,2.2412925028717923,3.035178981204664,2.0540968817990417,3.2801354451048788
rh_max,9,2932,1451,2.479195088676671,2.0955746634406243,2.9281122753678264,1.8838267672343243,3.1554699920966867
rh_min,1,5656,1460,0.02103960396039604,-0.35516265087824217,0.38803740530909536,-0.47645924958101604,0.5031982917871101
rh_min,2,5652,1459,0.509377211606511,0.11272506727987344,0.9067289468955505,-0.06964355214582577,1.0723911219639788
rh_min,3,5649,1458,0.8298813949371571,0.38249184238309797,1.2550544573402507,0.17517769831372185,1.430896253354804
rh_min,4,5645,1457,0.9613817537643933,0.49062335378268973,1.4070004864384282,0.25601562284690205,1.6360570664666152
rh_min,5,5641,1456,1.1496188619039178,0.6801227751167879,1.6419569019885774,0.37458198711441393,1.885201965650959
rh_min,6,5637,1455,1.2135887883626042,0.7064934965422239,1.741902254007986,0.37169968272220794,2.0291052762568444
rh_min,7,5633,1454,1.302325581395349,0.7873548464935652,1.8252419633011956,0.4990155269498531,2.139587112174069
rh_min,8,5629,1453,1.2680760348196838,0.7222208675123873,1.8385284986567094,0.40549056831027397,2.203852460904662
rh_min,9,2932,1451,1.1654160982264665,0.5629302501275949,1.74428281733335,0.24129111121361688,2.102985019542783
