metric,season,year,lead_days,n_forecasts,n_target_dates,mean_error_pp,date_cluster_ci95_low,date_cluster_ci95_high,calendar7day_block_ci95_low,calendar7day_block_ci95_high
rh_max,DJF,2022,1,89,89,2.6853932584269664,1.4716292134831461,3.8205056179775276,1.0116089484327604,4.109311594202898
rh_max,DJF,2022,2,88,88,2.784090909090909,1.4306818181818184,4.148011363636363,1.2636733416770964,4.247400124843945
rh_max,DJF,2022,3,87,87,2.7586206896551726,1.2410919540229886,4.252873563218391,1.03984753984754,4.333630952380952
rh_max,DJF,2022,4,86,86,2.6744186046511627,1.103779069767442,4.302906976744185,0.9994117647058823,4.173913043478261
rh_max,DJF,2022,5,85,85,2.2705882352941176,0.6111764705882353,4.023823529411764,0.6443859649122807,3.850261627906977
rh_max,DJF,2022,6,84,84,2.1904761904761907,0.39285714285714285,3.9642857142857144,0.5600396825396826,3.948121141153928
rh_max,DJF,2022,7,83,83,1.6746987951807228,-0.24096385542168675,3.5307228915662643,0.09019886363636367,3.4598150782361308
rh_max,DJF,2022,8,82,82,0.3902439024390244,-1.6466463414634145,2.232012195121951,-1.5716165413533834,2.3751077586206897
rh_max,DJF,2022,9,81,81,-0.09876543209876543,-2.149074074074074,1.691358024691358,-2.3097567287784675,2.035422077922076
rh_max,DJF,2023,1,90,90,1.7666666666666666,0.7222222222222222,2.778055555555555,0.5940537084398977,2.7675891472868215
rh_max,DJF,2023,2,90,90,1.6555555555555554,0.31083333333333335,2.912222222222221,0.22068475452196384,3.1360542385057464
rh_max,DJF,2023,3,90,90,2.1,0.7444444444444445,3.3786111111111103,0.6826621426187564,3.53514799154334
rh_max,DJF,2023,4,90,90,2.1,0.8997222222222223,3.289166666666666,0.9083515881708653,3.3847701149425284
rh_max,DJF,2023,5,90,90,1.3222222222222222,0.033055555555555574,2.589444444444444,0.0929935927859516,2.747260748959778
rh_max,DJF,2023,6,90,90,0.9333333333333333,-0.43333333333333335,2.5449999999999995,-0.5531015037593985,2.652291133844842
rh_max,DJF,2023,7,90,90,0.32222222222222224,-1.3452777777777778,2.2002777777777776,-1.404970257766028,2.5385511363636355
rh_max,DJF,2023,8,90,90,0.32222222222222224,-1.4447222222222222,2.2680555555555544,-1.516188769414576,2.6526195652173907
rh_max,DJF,2023,9,90,90,-0.17777777777777778,-1.988888888888889,1.9344444444444435,-2.1214785214785215,2.4023537388609064
rh_max,DJF,2024,1,91,91,3.197802197802198,2.2857142857142856,4.209340659340659,1.7760148674854557,4.602206664303439
rh_max,DJF,2024,2,91,91,3.5274725274725274,2.428296703296703,4.736263736263736,2.0749828414550446,5.144822695035461
rh_max,DJF,2024,3,91,91,3.6373626373626373,2.4832417582417583,4.94532967032967,2.0824238653868945,5.3708918539325845
rh_max,DJF,2024,4,91,91,3.857142857142857,2.6043956043956045,5.253021978021978,2.1808241692565145,5.565809178743961
rh_max,DJF,2024,5,91,91,4.186813186813187,2.89010989010989,5.516758241758241,2.4994565217391305,6.00054945054945
rh_max,DJF,2024,6,91,91,4.351648351648351,2.978021978021978,5.8901098901098905,2.516432584269663,6.39822365134865
rh_max,DJF,2024,7,91,91,4.021978021978022,2.6153846153846154,5.417582417582418,2.325870660694289,6.143021346469623
rh_max,DJF,2024,8,91,91,3.032967032967033,1.6593406593406594,4.583791208791207,1.2080668604651161,5.134947916666666
rh_max,DJF,2024,9,90,90,2.2777777777777777,0.7444444444444445,3.933333333333333,0.20219101123595506,4.6675287356321835
rh_max,DJF,2025,1,90,90,1.8555555555555556,0.7555555555555555,2.9897222222222215,0.6581057794273596,3.13070652173913
rh_max,DJF,2025,2,90,90,1.6333333333333333,0.38833333333333336,2.9224999999999994,0.28715546421663446,3.0002717391304343
rh_max,DJF,2025,3,90,90,0.7444444444444445,-0.6111111111111112,2.2555555555555555,-0.9536896243291593,2.467391304347826
rh_max,DJF,2025,4,90,90,0.8555555555555555,-0.6111111111111112,2.4891666666666663,-1.0513586956521739,2.5851063829787235
rh_max,DJF,2025,5,90,90,0.8555555555555555,-0.633611111111111,2.4336111111111105,-0.9259055217831813,2.5
rh_max,DJF,2025,6,90,90,0.35555555555555557,-1.1244444444444444,2.000555555555555,-1.568125,2.0892234848484845
rh_max,DJF,2025,7,90,90,-0.3111111111111111,-1.9780555555555557,1.433611111111111,-2.3030060782241017,1.5545516304347824
rh_max,DJF,2025,8,90,90,-1.0333333333333334,-2.811111111111111,0.9,-3.000277777777778,0.8409974747474747
rh_max,DJF,2025,9,90,90,-1.8111111111111111,-3.612222222222222,0.20027777777777753,-3.75,-0.10863783533765037
rh_max,JJA,2022,1,92,92,3.2934782608695654,2.4347826086956523,4.108695652173913,2.374933510638298,4.0931366988088485
rh_max,JJA,2022,2,92,92,3.619565217391304,2.7934782608695654,4.4241847826086955,2.641157155797101,4.5
rh_max,JJA,2022,3,92,92,3.347826086956522,2.391032608695652,4.217663043478261,2.221780303030303,4.2444503546099295
rh_max,JJA,2022,4,92,92,3.4565217391304346,2.5866847826086956,4.336956521739131,2.3600844407530457,4.357276785714285
rh_max,JJA,2022,5,92,92,3.347826086956522,2.4130434782608696,4.184782608695652,2.374933510638298,4.102207187222715
rh_max,JJA,2022,6,92,92,3.510869565217391,2.630434782608696,4.4021739130434785,2.6273936170212764,4.2857522796352585
rh_max,JJA,2022,7,92,92,3.347826086956522,2.423641304347826,4.304347826086956,2.3064393939393937,4.266887755102041
rh_max,JJA,2022,8,92,92,3.510869565217391,2.5760869565217392,4.391304347826087,2.3662765957446807,4.511666666666666
rh_max,JJA,2022,9,92,92,3.6739130434782608,2.7065217391304346,4.598097826086956,2.4895777925531917,4.700397727272727
rh_max,JJA,2023,1,92,92,3.3260869565217392,2.5760869565217392,4.130978260869564,2.299971264367816,4.438852634076886
rh_max,JJA,2023,2,92,92,3.652173913043478,2.902173913043478,4.413043478260869,2.7848877980364657,4.570468907987866
rh_max,JJA,2023,3,92,92,3.9782608695652173,3.1739130434782608,4.739402173913043,3.0224137931034485,5.022067745197168
rh_max,JJA,2023,4,92,92,4.141304347826087,3.347826086956522,4.902445652173913,3.1520153985507244,5.196081422259626
rh_max,JJA,2023,5,92,92,4.141304347826087,3.347826086956522,4.924456521739129,3.1135732323232324,5.285829493087557
rh_max,JJA,2023,6,92,92,4.25,3.402173913043478,5.032880434782609,3.195395290159798,5.36973468910706
rh_max,JJA,2023,7,92,92,4.358695652173913,3.5103260869565216,5.195923913043479,3.2527345198368556,5.476219512195121
rh_max,JJA,2023,8,92,92,4.304347826086956,3.380434782608696,5.217663043478261,3.153826530612245,5.453865979381443
rh_max,JJA,2023,9,92,92,4.195652173913044,3.239130434782609,5.13070652173913,2.9538969035890217,5.464004370237562
rh_max,JJA,2024,1,92,92,1.9565217391304348,1.2391304347826086,2.6850543478260867,1.3162988021295474,2.630611413043478
rh_max,JJA,2024,2,92,92,1.5217391304347827,0.7714673913043478,2.282880434782608,0.5508318544809228,2.6737522182786155
rh_max,JJA,2024,3,92,92,1.576086956521739,0.7934782608695652,2.3369565217391304,0.5217391304347826,2.739130434782609
rh_max,JJA,2024,4,92,92,1.684782608695652,0.8586956521739131,2.554619565217391,0.4561552072800809,3.058216658756526
rh_max,JJA,2024,5,92,92,1.7934782608695652,0.9345108695652175,2.674184782608695,0.4997448979591837,3.174157054125998
rh_max,JJA,2024,6,92,92,1.9565217391304348,1.0866847826086956,2.8266304347826083,0.6747010869565218,3.311192714453584
rh_max,JJA,2024,7,92,92,1.7934782608695652,0.9236413043478261,2.5980978260869563,0.4564459049544995,3.1327742346938776
rh_max,JJA,2024,8,92,92,1.684782608695652,0.6956521739130435,2.5652173913043477,0.31440217391304354,3.0653311425682506
rh_max,JJA,2024,9,92,92,1.358695652173913,0.3910326086956522,2.2502717391304343,-0.011141304347826071,2.673469387755102
rh_max,JJA,2025,1,92,92,4.054347826086956,3.1630434782608696,4.956521739130435,2.8364795918367345,5.540735126942023
rh_max,JJA,2025,2,92,92,3.7282608695652173,2.7934782608695654,4.641576086956522,2.433687020810515,5.426436781609194
rh_max,JJA,2025,3,92,92,3.5652173913043477,2.641032608695652,4.478260869565218,2.118196143863552,5.27597771236333
rh_max,JJA,2025,4,92,92,3.7282608695652173,2.8152173913043477,4.630434782608695,2.361818851251841,5.310919540229885
rh_max,JJA,2025,5,92,92,3.7282608695652173,2.7932065217391306,4.685054347826087,2.3327956989247314,5.356597466572835
rh_max,JJA,2025,6,92,92,3.891304347826087,2.9130434782608696,4.891576086956522,2.5510204081632653,5.528017241379308
rh_max,JJA,2025,7,92,92,4.0,2.9885869565217393,4.967391304347826,2.6559139784946235,5.782603092783504
rh_max,JJA,2025,8,92,92,3.891304347826087,2.869565217391304,4.923913043478261,2.5051075268817202,5.655747126436781
rh_max,JJA,2025,9,92,92,3.9456521739130435,2.9565217391304346,4.956521739130435,2.547992636746143,5.710492184901895
rh_max,MAM,2022,1,92,92,3.010869565217391,2.1192934782608694,3.9347826086956523,1.8726315789473684,4.179810762862211
rh_max,MAM,2022,2,92,92,3.608695652173913,2.7065217391304346,4.59836956521739,2.445557381193124,4.764325842696629
rh_max,MAM,2022,3,92,92,3.7717391304347827,2.7605978260869564,4.923913043478261,2.612404891304348,4.857181677018633
rh_max,MAM,2022,4,92,92,3.9347826086956523,2.8043478260869565,5.218478260869564,2.557711413364873,5.304633867276888
rh_max,MAM,2022,5,92,92,3.9347826086956523,2.6630434782608696,5.282880434782609,2.415449438202247,5.369628412537917
rh_max,MAM,2022,6,92,92,3.608695652173913,2.3690217391304347,4.967663043478261,2.2354909623839765,4.895263157894736
rh_max,MAM,2022,7,92,92,3.3369565217391304,2.130434782608696,4.619836956521739,1.9320224719101124,4.565243583027763
rh_max,MAM,2022,8,92,92,3.1739130434782608,1.7608695652173914,4.630434782608695,1.3584361260381046,4.6107894736842105
rh_max,MAM,2022,9,92,92,2.7934782608695654,1.5758152173913043,4.185054347826087,0.8794688959921317,4.2426315789473685
rh_max,MAM,2023,1,92,92,1.0434782608695652,0.0,1.9894021739130432,0.05535714285714287,1.9690104166666664
rh_max,MAM,2023,2,92,92,1.423913043478261,0.40217391304347827,2.38070652173913,0.23371474517565563,2.6138442350332594
rh_max,MAM,2023,3,92,92,1.2065217391304348,0.2714673913043478,2.1635869565217387,-0.0005434782608695343,2.272727272727273
rh_max,MAM,2023,4,92,92,1.0434782608695652,0.1736413043478261,1.9350543478260867,0.10632757092198582,1.9479166666666667
rh_max,MAM,2023,5,92,92,0.7717391304347826,-0.21766304347826085,1.7826086956521738,-0.2674631310266591,1.7983059666975019
rh_max,MAM,2023,6,92,92,0.8260869565217391,-0.10896739130434781,1.7934782608695652,-0.4324588974854932,2.0797307312252964
rh_max,MAM,2023,7,92,92,0.7717391304347826,-0.16304347826086957,1.75,-0.5108825445071645,2.0834239130434784
rh_max,MAM,2023,8,92,92,0.6630434782608695,-0.40244565217391304,1.7288043478260864,-0.9583545918367348,2.3001086956521735
rh_max,MAM,2023,9,92,92,0.17391304347826086,-1.0111413043478261,1.2502717391304345,-1.511761229314421,1.6598533990659052
rh_max,MAM,2024,1,92,92,3.608695652173913,2.717391304347826,4.543478260869565,2.4183673469387754,4.755246228926353
rh_max,MAM,2024,2,92,92,3.608695652173913,2.662771739130435,4.598097826086956,2.4080135314995563,4.775687666370897
rh_max,MAM,2024,3,92,92,3.608695652173913,2.7171195652173914,4.532608695652174,2.3361967613132206,4.891576086956522
rh_max,MAM,2024,4,92,92,3.989130434782609,2.9671195652173914,5.033423913043477,2.489235803016859,5.4900510204081625
rh_max,MAM,2024,5,92,92,4.043478260869565,2.7934782608695654,5.304619565217391,2.32382491186839,5.907128412537917
rh_max,MAM,2024,6,92,92,3.8260869565217392,2.641304347826087,5.065760869565216,2.28243123336291,5.616361223458038
rh_max,MAM,2024,7,92,92,3.7717391304347827,2.5652173913043477,5.032608695652174,2.1738624873609704,5.598097826086956
rh_max,MAM,2024,8,92,92,3.391304347826087,2.1956521739130435,4.772554347826086,2.020188656858092,5.185976996966632
rh_max,MAM,2024,9,92,92,2.467391304347826,1.2826086956521738,3.7945652173913036,1.1744059656218404,4.206715838509316
rh_max,MAM,2025,1,92,92,5.108695652173913,4.217119565217391,6.13070652173913,4.224312333629103,6.193921916592724
rh_max,MAM,2025,2,92,92,4.945652173913044,3.9345108695652176,6.0,3.9077564809707668,6.17348047914818
rh_max,MAM,2025,3,92,92,4.619565217391305,3.5758152173913045,5.695652173913044,3.5105978260869564,5.804551630434782
rh_max,MAM,2025,4,92,92,4.836956521739131,3.5652173913043477,6.2285326086956525,3.2346938775510203,6.348059006211179
rh_max,MAM,2025,5,92,92,4.782608695652174,3.4668478260869566,6.229347826086956,2.8366958740017747,6.69611801242236
rh_max,MAM,2025,6,92,92,4.782608695652174,3.1953804347826087,6.501086956521738,2.6120550545799714,7.142857142857143
rh_max,MAM,2025,7,92,92,4.891304347826087,3.239130434782609,6.654347826086955,2.6632534409112485,7.38248799519808
rh_max,MAM,2025,8,92,92,5.0,3.3692934782608694,6.8595108695652165,2.79558562555457,7.459528405956977
rh_max,MAM,2025,9,92,92,5.0,3.2497282608695652,6.945923913043479,2.4277408637873754,7.800153061224489
rh_max,SON,2022,1,91,91,3.934065934065934,2.681318681318681,5.198076923076923,2.0727066532258065,6.110099846390169
rh_max,SON,2022,2,91,91,4.373626373626373,2.8351648351648353,5.802747252747252,2.597826086956522,6.594228830645161
rh_max,SON,2022,3,91,91,4.483516483516484,2.879120879120879,6.121153846153845,2.514742660384197,6.802461357526881
rh_max,SON,2022,4,91,91,4.7032967032967035,3.2082417582417584,6.329945054945054,2.235907243605068,7.42421875
rh_max,SON,2022,5,91,91,4.593406593406593,2.934065934065934,6.4618131868131865,2.238646679407549,7.282031249999999
rh_max,SON,2022,6,91,91,4.0989010989010985,2.2192307692307693,6.055494505494504,1.286429521276596,7.154838709677419
rh_max,SON,2022,7,91,91,4.648351648351649,2.241758241758242,6.956868131868132,1.3949534161490682,8.07332283680175
rh_max,SON,2022,8,91,91,4.923076923076923,2.406318681318681,7.373901098901098,1.2291941108097637,8.886735409652076
rh_max,SON,2022,9,91,91,5.142857142857143,2.5475274725274724,7.605219780219779,1.1195016188714155,9.350343551797039
rh_max,SON,2023,1,91,91,2.5494505494505493,1.3733516483516484,3.769230769230769,1.1138271837349398,3.941288363171356
rh_max,SON,2023,2,91,91,2.659340659340659,1.4612637362637362,3.901098901098901,1.043624031007752,4.406893687707641
rh_max,SON,2023,3,91,91,2.3846153846153846,1.2192307692307693,3.6925824175824173,0.5831521739130435,4.257420141969829
rh_max,SON,2023,4,91,91,2.2747252747252746,1.0,3.560714285714285,0.27355769230769234,4.511598639455782
rh_max,SON,2023,5,91,91,1.945054945054945,0.6703296703296703,3.3076923076923075,-0.24008725649350648,4.174157054125998
rh_max,SON,2023,6,91,91,1.4505494505494505,0.1535714285714286,2.78021978021978,-0.7534942585504383,3.670758928571428
rh_max,SON,2023,7,91,91,0.7362637362637363,-0.7260989010989011,2.197802197802198,-1.7808673469387755,3.146014030612245
rh_max,SON,2023,8,91,91,0.9010989010989011,-0.9013736263736264,2.7368131868131864,-1.7300864361702128,3.4435537041476865
rh_max,SON,2023,9,91,91,0.9010989010989011,-0.7035714285714286,2.648626373626373,-1.500297619047619,3.2504360465116275
rh_max,SON,2024,1,91,91,4.21978021978022,3.076923076923077,5.516758241758241,2.7826675257731956,5.858136966126656
rh_max,SON,2024,2,91,91,4.1098901098901095,2.7472527472527473,5.615934065934065,2.30203125,5.978050595238095
rh_max,SON,2024,3,91,91,4.21978021978022,2.867857142857143,5.879670329670329,2.1850487141724253,6.372395833333332
rh_max,SON,2024,4,91,91,4.164835164835165,2.78021978021978,5.83598901098901,2.0500196232339087,6.348907487860976
rh_max,SON,2024,5,91,91,4.43956043956044,2.965934065934066,6.132142857142857,2.306701030927835,6.641304347826087
rh_max,SON,2024,6,91,91,4.43956043956044,2.713736263736264,6.395879120879121,2.093604052197802,7.021475290697674
rh_max,SON,2024,7,91,91,4.164835164835165,2.3076923076923075,6.197802197802198,1.3497196102866207,7.094779307071664
rh_max,SON,2024,8,91,91,4.1098901098901095,2.2634615384615384,6.242582417582417,0.7763626209977662,7.437673611111111
rh_max,SON,2024,9,91,91,4.21978021978022,2.218956043956044,6.4631868131868115,0.2963081638339371,8.081653692404796
rh_max,SON,2025,1,91,91,5.406593406593407,3.9,6.912637362637362,3.6805880289922843,7.042029494382023
rh_max,SON,2025,2,91,91,5.626373626373627,4.1098901098901095,7.0662087912087905,3.8432291666666667,7.489183624031007
rh_max,SON,2025,3,91,91,5.736263736263736,4.175824175824176,7.198076923076923,3.98953018707483,7.505798319327731
rh_max,SON,2025,4,91,91,5.736263736263736,4.0,7.341483516483516,4.069443710359408,7.447245440729483
rh_max,SON,2025,5,91,91,5.956043956043956,4.241758241758242,7.571428571428571,4.644989704873027,7.27481559536354
rh_max,SON,2025,6,91,91,5.406593406593407,3.7142857142857144,7.0335164835164825,4.124936224489796,6.820505617977528
rh_max,SON,2025,7,91,91,5.406593406593407,3.5274725274725274,7.187362637362637,4.040972107608516,6.944149450283919
rh_max,SON,2025,8,91,91,5.736263736263736,3.89010989010989,7.6486263736263735,4.130876245847176,7.615561224489795
rh_max,SON,2025,9,91,91,5.736263736263736,3.659065934065934,7.901373626373626,3.913656504785537,7.620371835443038
rh_min,DJF,2022,1,89,89,0.10112359550561797,-1.2814606741573034,1.5171348314606738,-1.013453947368421,1.3382154213036563
rh_min,DJF,2022,2,88,88,1.1363636363636365,-0.32954545454545453,2.5681818181818183,-0.22124060150375938,2.484424795958025
rh_min,DJF,2022,3,87,87,1.7126436781609196,0.08017241379310347,3.2991379310344824,0.04285714285714292,3.419503151649981
rh_min,DJF,2022,4,86,86,1.441860465116279,-0.3607558139534883,3.232848837209302,-0.35789473684210527,3.3338028169014082
rh_min,DJF,2022,5,85,85,0.8352941176470589,-1.118235294117647,2.8473529411764704,-1.13553125,3.0786718749999995
rh_min,DJF,2022,6,84,84,0.8095238095238095,-1.380952380952381,2.9404761904761907,-1.6074715909090906,3.658492063492062
rh_min,DJF,2022,7,83,83,0.39759036144578314,-1.8316265060240964,2.6147590361445783,-2.058307210031348,2.782142857142857
rh_min,DJF,2022,8,82,82,-0.0975609756097561,-2.5140243902439026,2.0493902439024385,-3.011400058275058,2.6000663129973454
rh_min,DJF,2022,9,81,81,-0.35802469135802467,-2.753086419753086,1.951234567901234,-3.6092988505747123,2.785422535211267
rh_min,DJF,2023,1,90,90,-0.7555555555555555,-2.6005555555555557,0.8888888888888888,-3.0749999999999997,1.175915750915751
rh_min,DJF,2023,2,90,90,0.35555555555555557,-1.6666666666666667,2.2002777777777776,-2.6295606776989753,3.074950132978723
rh_min,DJF,2023,3,90,90,0.5222222222222223,-1.5444444444444445,2.3227777777777776,-2.5298606811145508,3.283876811594202
rh_min,DJF,2023,4,90,90,0.5777777777777777,-1.5,2.411111111111111,-2.587869318181818,3.3542598684210523
rh_min,DJF,2023,5,90,90,0.35555555555555557,-1.8677777777777778,2.445277777777777,-2.735044525929806,3.280616359447004
rh_min,DJF,2023,6,90,90,-0.03333333333333333,-2.589166666666667,2.4336111111111105,-3.6742304541198503,3.5241071428571424
rh_min,DJF,2023,7,90,90,-0.3111111111111111,-3.033611111111111,2.488888888888889,-4.138829787234043,3.740996662621358
rh_min,DJF,2023,8,90,90,-0.14444444444444443,-3.033888888888889,2.656944444444443,-4.197010869565218,4.250595238095237
rh_min,DJF,2023,9,90,90,-0.3111111111111111,-3.2677777777777774,2.5133333333333314,-3.976253799392097,4.086991069083266
rh_min,DJF,2024,1,91,91,-0.7472527472527473,-2.033241758241758,0.5170329670329665,-2.516246639784946,0.9249824684431975
rh_min,DJF,2024,2,91,91,0.13186813186813187,-1.2313186813186814,1.7252747252747254,-1.9814756671899527,2.054991883116883
rh_min,DJF,2024,3,91,91,0.9010989010989011,-0.8035714285714285,2.670604395604395,-1.3923754295532644,3.0445238095238087
rh_min,DJF,2024,4,91,91,1.5054945054945055,-0.01098901098901099,3.198076923076923,-0.7742536032944406,3.825640785196299
rh_min,DJF,2024,5,91,91,1.89010989010989,0.37335164835164836,3.5057692307692303,-0.7935276679841897,4.424067905563347
rh_min,DJF,2024,6,91,91,2.32967032967033,0.49368131868131876,4.088461538461537,-0.6320685434516523,5.23407894736842
rh_min,DJF,2024,7,91,91,2.3846153846153846,0.4063186813186813,4.2749999999999995,-0.6518767749104828,5.562120625080718
rh_min,DJF,2024,8,91,91,2.32967032967033,0.21923076923076926,4.418406593406593,-1.2094992636229749,5.942489777664195
rh_min,DJF,2024,9,90,90,1.788888888888889,-0.6224999999999999,3.889999999999999,-2.01112414187643,5.710099179206566
rh_min,DJF,2025,1,90,90,-1.0222222222222221,-2.4669444444444446,0.5005555555555551,-2.826268115942029,0.7344414893617017
rh_min,DJF,2025,2,90,90,-1.1333333333333333,-2.5669444444444447,0.3783333333333328,-2.881534954407295,0.36976486246672563
rh_min,DJF,2025,3,90,90,-0.9666666666666667,-2.533888888888889,0.7449999999999996,-2.9775284090909087,0.6065295267042986
rh_min,DJF,2025,4,90,90,-0.8555555555555555,-2.5555555555555554,0.9558333333333331,-3.251728723404255,1.1357244318181816
rh_min,DJF,2025,5,90,90,0.03333333333333333,-1.7,1.9222222222222223,-2.6137716450216453,2.147838438735178
rh_min,DJF,2025,6,90,90,-0.13333333333333333,-2.1,1.8555555555555556,-3.151550387596899,2.329980287569573
rh_min,DJF,2025,7,90,90,-0.022222222222222223,-2.056111111111111,2.0911111111111094,-2.9227777777777777,2.455410079051383
rh_min,DJF,2025,8,90,90,-0.5222222222222223,-2.8002777777777776,1.8230555555555548,-3.168478260869565,1.9904660037002762
rh_min,DJF,2025,9,90,90,-1.1333333333333333,-3.711666666666667,1.311666666666666,-3.8024378964059196,1.57612922705314
rh_min,JJA,2022,1,92,92,-0.42391304347826086,-1.5222826086956522,0.6741847826086954,-1.6951352067868504,0.8415700371057508
rh_min,JJA,2022,2,92,92,0.5543478260869565,-0.6413043478260869,1.7934782608695652,-0.6560271317829457,1.7767121010638298
rh_min,JJA,2022,3,92,92,1.315217391304348,0.031521739130434843,2.706793478260869,-0.10214937038645244,2.8373867753623183
rh_min,JJA,2022,4,92,92,1.315217391304348,-0.04402173913043475,2.772010869565217,-0.2873448581560284,3.0320098784194527
rh_min,JJA,2022,5,92,92,1.2608695652173914,-0.16304347826086957,2.7176630434782605,-0.30027777777777775,3.020844414893617
rh_min,JJA,2022,6,92,92,1.423913043478261,-0.00027173913043476716,2.772010869565217,-0.22797979797979792,3.3193334780720796
rh_min,JJA,2022,7,92,92,1.641304347826087,0.29266304347826094,3.0437499999999997,-0.07791666666666666,3.551046981292517
rh_min,JJA,2022,8,92,92,1.858695652173913,0.5108695652173914,3.174999999999999,0.18824275362318843,3.81919466403162
rh_min,JJA,2022,9,92,92,2.130434782608696,0.6304347826086957,3.532880434782608,0.4997340425531915,4.065289598108746
rh_min,JJA,2023,1,92,92,0.30434782608695654,-0.8375,1.5980978260869563,-0.6770917338709678,1.353956858116968
rh_min,JJA,2023,2,92,92,1.5,0.25,2.8480978260869563,-0.1032627166647785,3.091353754940711
rh_min,JJA,2023,3,92,92,2.152173913043478,0.8366847826086957,3.456793478260869,0.6116767738023045,3.6775293255131962
rh_min,JJA,2023,4,92,92,2.75,1.4019021739130435,4.065489130434782,1.3042133572389063,4.237628865979381
rh_min,JJA,2023,5,92,92,2.858695652173913,1.445108695652174,4.261141304347826,1.3175183823529413,4.361082474226803
rh_min,JJA,2023,6,92,92,3.5652173913043477,2.1519021739130433,5.033695652173912,2.0744356512714064,5.175773195876288
rh_min,JJA,2023,7,92,92,3.402173913043478,1.8692934782608697,4.913586956521738,1.5061473844979,5.5936868048533865
rh_min,JJA,2023,8,92,92,3.4565217391304346,1.7388586956521739,5.076630434782608,1.126362281822052,6.370500505561172
rh_min,JJA,2023,9,92,92,3.510869565217391,1.7932065217391304,5.163315217391304,1.0521310068649885,6.478294143744455
rh_min,JJA,2024,1,92,92,-2.2934782608695654,-3.239945652173913,-1.358152173913044,-3.435326086956522,-1.173901952085182
rh_min,JJA,2024,2,92,92,-1.5869565217391304,-2.7282608695652173,-0.3692934782608698,-3.1630434782608696,-0.0400676574977824
rh_min,JJA,2024,3,92,92,-1.315217391304348,-2.5543478260869565,-0.08695652173913043,-3.139617940199335,0.5815343781597573
rh_min,JJA,2024,4,92,92,-1.4782608695652173,-2.8915760869565217,0.05489130434782559,-3.9004591836734694,1.0351145690834471
rh_min,JJA,2024,5,92,92,-0.9891304347826086,-2.489130434782609,0.48940217391304325,-3.652961401952085,1.628459302325581
rh_min,JJA,2024,6,92,92,-0.8804347826086957,-2.4027173913043476,0.5013586956521727,-3.5127906976744185,1.7795693277310922
rh_min,JJA,2024,7,92,92,-0.8804347826086957,-2.402445652173913,0.5543478260869565,-3.6130102040816325,1.744458946369245
rh_min,JJA,2024,8,92,92,-0.9891304347826086,-2.54375,0.48940217391304325,-3.8025799418604653,1.7719223963599595
rh_min,JJA,2024,9,92,92,-1.2065217391304348,-2.8915760869565217,0.337228260869565,-4.070468907987866,1.6000510204081633
rh_min,JJA,2025,1,92,92,0.4891304347826087,-0.7608695652173914,1.707065217391304,-0.3695652173913043,1.5056175595238095
rh_min,JJA,2025,2,92,92,1.1956521739130435,-0.0763586956521739,2.4024456521739124,-0.07910474809713662,2.5233464616154038
rh_min,JJA,2025,3,92,92,1.7391304347826086,0.4782608695652174,2.9024456521739124,0.295796130952381,3.141343167701863
rh_min,JJA,2025,4,92,92,1.576086956521739,0.23885869565217394,2.804619565217391,0.04275070126227211,3.279682917888563
rh_min,JJA,2025,5,92,92,2.010869565217391,0.4891304347826087,3.3698369565217385,0.26426903735632185,4.097189890256069
rh_min,JJA,2025,6,92,92,2.4456521739130435,0.9997282608695652,3.902173913043478,0.8060913389746143,4.520770052206929
rh_min,JJA,2025,7,92,92,2.391304347826087,0.9668478260869565,3.869565217391304,0.6988995295698925,4.536585365853658
rh_min,JJA,2025,8,92,92,2.282608695652174,0.8369565217391305,3.92445652173913,0.5201631125547239,4.500403225806451
rh_min,JJA,2025,9,92,92,2.2282608695652173,0.6519021739130435,3.913315217391304,0.15595199742268043,5.020876288659793
rh_min,MAM,2022,1,92,92,0.8695652173913043,-0.75,2.5437499999999997,-1.4949417234154005,3.021960958296362
rh_min,MAM,2022,2,92,92,2.1739130434782608,0.22771739130434784,4.207065217391303,-1.1163612234580385,5.357908163265305
rh_min,MAM,2022,3,92,92,2.989130434782609,0.8904891304347826,5.239130434782608,-0.7398382204246713,6.136953661327231
rh_min,MAM,2022,4,92,92,3.4782608695652173,1.2709239130434784,5.739945652173912,-0.6095496894409937,6.849999999999998
rh_min,MAM,2022,5,92,92,3.4782608695652173,1.2932065217391304,5.717663043478261,-0.7790519974635384,7.020984915705412
rh_min,MAM,2022,6,92,92,3.5869565217391304,1.4671195652173914,5.870923913043478,-0.5034638554216866,7.439352454169129
rh_min,MAM,2022,7,92,92,3.6956521739130435,1.2934782608695652,6.141576086956522,-0.7241127553693032,7.687784834992141
rh_min,MAM,2022,8,92,92,3.0434782608695654,0.6619565217391304,5.554347826086956,-1.7595869033047733,7.473033707865167
rh_min,MAM,2022,9,92,92,2.5,-0.011141304347826071,5.076902173913043,-2.633421052631579,7.5178799526907145
rh_min,MAM,2023,1,92,92,-1.076086956521739,-2.51195652173913,0.22853260869565192,-2.7049578527062996,0.569884957941613
rh_min,MAM,2023,2,92,92,-0.043478260869565216,-1.7179347826086957,1.554619565217391,-2.1490818135764944,2.159375
rh_min,MAM,2023,3,92,92,0.22826086956521738,-1.5328804347826086,1.9241847826086955,-2.0212868480725623,2.600217391304348
rh_min,MAM,2023,4,92,92,0.11956521739130435,-1.6630434782608696,1.869836956521739,-2.23480479148181,2.702907801418439
rh_min,MAM,2023,5,92,92,0.22826086956521738,-1.6198369565217392,2.010869565217391,-2.1152901785714286,2.947027186761229
rh_min,MAM,2023,6,92,92,0.5,-1.380978260869565,2.3263586956521736,-2.106848404255319,3.373865248226949
rh_min,MAM,2023,7,92,92,-0.09782608695652174,-2.0448369565217392,1.858695652173913,-3.0638297872340425,3.122575757575757
rh_min,MAM,2023,8,92,92,-0.2608695652173913,-2.1959239130434782,1.75,-3.479836083369518,3.100159574468085
rh_min,MAM,2023,9,92,92,-0.532608695652174,-2.4679347826086957,1.5980978260869563,-3.980102040816327,3.189848484848484
rh_min,MAM,2024,1,92,92,-0.7934782608695652,-2.413858695652174,0.8695652173913043,-2.5624999999999996,1.0764807009760422
rh_min,MAM,2024,2,92,92,-0.1956521739130435,-2.0005434782608695,1.6521739130434783,-2.2942934782608697,2.0619897959183664
rh_min,MAM,2024,3,92,92,-0.14130434782608695,-1.967663043478261,1.619836956521739,-2.5543478260869565,2.36734693877551
rh_min,MAM,2024,4,92,92,0.34782608695652173,-1.6307065217391303,2.359239130434782,-2.5222826086956522,3.61234575225439
rh_min,MAM,2024,5,92,92,1.0,-1.0217391304347827,3.3589673913043474,-2.446755767524401,4.939762644188109
rh_min,MAM,2024,6,92,92,1.7065217391304348,-0.47880434782608694,4.359782608695651,-1.9676963176574978,5.913686779059449
rh_min,MAM,2024,7,92,92,1.815217391304348,-0.41413043478260864,4.425815217391302,-1.685104903943377,5.908928571428571
rh_min,MAM,2024,8,92,92,1.6521739130434783,-0.6521739130434783,4.26141304347826,-2.151453488372093,5.794021739130434
rh_min,MAM,2024,9,92,92,0.782608695652174,-1.6195652173913044,3.3048913043478256,-2.980102040816327,4.957317997977754
rh_min,MAM,2025,1,92,92,-0.2826086956521739,-1.8266304347826086,1.2728260869565209,-1.6304902395740903,1.0582166587565258
rh_min,MAM,2025,2,92,92,0.42391304347826086,-1.25,2.0217391304347827,-1.1229203637976928,1.8775510204081634
rh_min,MAM,2025,3,92,92,1.184782608695652,-0.533695652173913,2.9347826086956523,-0.5587209302325581,2.988662790697674
rh_min,MAM,2025,4,92,92,1.4021739130434783,-0.6086956521739131,3.25,-0.4567366026289181,3.2165816326530594
rh_min,MAM,2025,5,92,92,2.380434782608696,0.15217391304347827,4.510869565217392,0.021739130434782608,4.83674023957409
rh_min,MAM,2025,6,92,92,3.3043478260869565,0.7277173913043479,5.7078804347826075,0.4670437310414561,6.413686779059449
rh_min,MAM,2025,7,92,92,3.9565217391304346,1.1953804347826087,6.456793478260869,1.0211956521739132,7.183701197870453
rh_min,MAM,2025,8,92,92,4.391304347826087,1.5535326086956522,7.130978260869564,0.6409694135490395,8.16624889086069
rh_min,MAM,2025,9,92,92,4.663043478260869,1.8233695652173914,7.358967391304348,0.824375,8.460204081632652
rh_min,SON,2022,1,91,91,0.06593406593406594,-1.307967032967033,1.5054945054945055,-1.8581574675324675,2.2104395604395592
rh_min,SON,2022,2,91,91,1.054945054945055,-0.5826923076923077,2.7373626373626365,-1.2754414125200642,3.5
rh_min,SON,2022,3,91,91,1.4945054945054945,-0.17582417582417584,3.2747252747252746,-1.1923470661672908,4.291397849462364
rh_min,SON,2022,4,91,91,1.5494505494505495,-0.19807692307692304,3.341208791208791,-1.583637640449438,4.860027472527471
rh_min,SON,2022,5,91,91,1.879120879120879,-0.1002747252747252,3.9901098901098893,-1.734937641723356,5.521748737373734
rh_min,SON,2022,6,91,91,2.1538461538461537,-0.19807692307692304,4.483516483516484,-1.9328651685393259,6.244316436251918
rh_min,SON,2022,7,91,91,3.197802197802198,0.5274725274725275,5.914010989010988,-1.5401041666666666,8.117356614246068
rh_min,SON,2022,8,91,91,3.4175824175824174,0.31813186813186817,6.078021978021977,-1.8259118541033432,8.957221819499818
rh_min,SON,2022,9,91,91,3.6373626373626373,0.4162087912087913,6.34065934065934,-1.7802655677655677,9.227419354838709
rh_min,SON,2023,1,91,91,-0.4945054945054945,-1.967032967032967,0.8684065934065932,-2.1201054987212276,1.6815154440154438
rh_min,SON,2023,2,91,91,0.32967032967032966,-1.242032967032967,1.8582417582417572,-1.6867900856793145,2.7067158385093166
rh_min,SON,2023,3,91,91,0.054945054945054944,-1.8357142857142856,1.7697802197802193,-2.760710047468354,3.3024205030849547
rh_min,SON,2023,4,91,91,-0.32967032967032966,-2.340934065934066,1.4728021978021977,-3.462760416666667,3.011877076411959
rh_min,SON,2023,5,91,91,-1.2087912087912087,-3.231043956043956,0.5934065934065934,-4.337327954437589,2.033264066496163
rh_min,SON,2023,6,91,91,-2.2527472527472527,-4.2749999999999995,-0.4502747252747255,-5.353419972640219,0.8478211284513798
rh_min,SON,2023,7,91,91,-2.4175824175824174,-4.60576923076923,-0.5164835164835165,-5.9564429331756354,1.1520228961879637
rh_min,SON,2023,8,91,91,-1.6483516483516483,-3.9239010989010987,0.3409340659340657,-5.37168713077725,2.3032521802325574
rh_min,SON,2023,9,91,91,-1.098901098901099,-3.4395604395604398,1.044230769230769,-4.788245685161589,2.6317010309278324
rh_min,SON,2024,1,91,91,-1.6813186813186813,-2.8796703296703297,-0.41730769230769255,-3.2909302325581398,-0.17382658102766807
rh_min,SON,2024,2,91,91,-0.6373626373626373,-2.0549450549450547,0.9565934065934061,-2.4949742268041235,1.2857142857142858
rh_min,SON,2024,3,91,91,-0.1978021978021978,-1.6596153846153847,1.3739010989010987,-2.086970108695652,1.8742379385964907
rh_min,SON,2024,4,91,91,-0.3076923076923077,-1.8576923076923078,1.3299450549450547,-2.4166895604395604,1.9063501602564101
rh_min,SON,2024,5,91,91,-0.14285714285714285,-1.7695054945054944,1.5390109890109887,-2.7184782608695652,2.388749999999999
rh_min,SON,2024,6,91,91,-0.1978021978021978,-2.0225274725274724,1.5387362637362636,-3.142317388493859,2.7725037917087962
rh_min,SON,2024,7,91,91,-0.25274725274725274,-2.296978021978022,1.7802197802197801,-3.8861073369565218,3.248379970544918
rh_min,SON,2024,8,91,91,0.6263736263736264,-1.6923076923076923,2.802472527472527,-3.261141304347826,4.306202327084679
rh_min,SON,2024,9,91,91,0.9010989010989011,-1.4725274725274726,3.264285714285714,-3.7558746486072065,4.95860969387755
rh_min,SON,2025,1,91,91,-0.6043956043956044,-1.8571428571428572,0.5277472527472525,-1.7956202651515152,0.6813893110435658
rh_min,SON,2025,2,91,91,0.21978021978021978,-1.032967032967033,1.4065934065934067,-1.1734693877551021,1.9495218002812937
rh_min,SON,2025,3,91,91,0.6593406593406593,-0.5826923076923077,1.934065934065934,-0.796181698485846,2.50816043712385
rh_min,SON,2025,4,91,91,0.9340659340659341,-0.46153846153846156,2.319230769230769,-0.46252520161290317,2.7266403654485045
rh_min,SON,2025,5,91,91,1.1538461538461537,-0.24230769230769228,2.6156593406593402,-0.2854070037105751,2.8318051096843226
rh_min,SON,2025,6,91,91,0.989010989010989,-0.4728021978021978,2.3626373626373627,-0.6429315476190477,2.75015243902439
rh_min,SON,2025,7,91,91,0.8791208791208791,-0.7038461538461539,2.4725274725274726,-0.8409707009857612,2.9348307649972485
rh_min,SON,2025,8,91,91,1.5384615384615385,-0.18681318681318682,3.4615384615384617,-0.5569087162837162,3.893690388848129
rh_min,SON,2025,9,91,91,1.4285714285714286,-0.45082417582417583,3.3958791208791204,-0.9903351113172542,4.089703647416411
