valid_month,metric,lead_days,rain_group,n_forecasts,n_valid_days,mae_c,bias_c
1,Tmax,1,under_10_mm,123,123,0.915,-0.208
1,Tmax,2,under_10_mm,122,122,0.972,-0.169
1,Tmax,3,under_10_mm,121,121,1.031,-0.199
1,Tmax,4,under_10_mm,120,120,1.03,-0.213
1,Tmax,5,under_10_mm,119,119,1.099,-0.252
1,Tmax,6,under_10_mm,118,118,1.175,-0.275
1,Tmax,7,under_10_mm,117,117,1.326,-0.293
1,Tmax,8,under_10_mm,116,116,1.427,-0.346
1,Tmax,9,under_10_mm,115,115,1.53,-0.296
1,Tmin,1,under_10_mm,123,123,0.636,-0.299
1,Tmin,2,under_10_mm,122,122,0.708,-0.023
1,Tmin,3,under_10_mm,121,121,0.807,0.002
1,Tmin,4,under_10_mm,120,120,0.875,0.022
1,Tmin,5,under_10_mm,119,119,0.959,0.05
1,Tmin,6,under_10_mm,118,118,1.051,0.036
1,Tmin,7,under_10_mm,117,117,1.193,0.089
1,Tmin,8,under_10_mm,116,116,1.359,0.116
1,Tmin,9,under_10_mm,115,115,1.547,0.131
2,Tmax,1,at_least_10_mm,6,6,0.85,-0.75
2,Tmax,1,under_10_mm,107,107,1.087,-0.435
2,Tmax,2,at_least_10_mm,6,6,1.183,-0.417
2,Tmax,2,under_10_mm,107,107,1.246,-0.444
2,Tmax,3,at_least_10_mm,6,6,1.317,0.083
2,Tmax,3,under_10_mm,107,107,1.281,-0.565
2,Tmax,4,at_least_10_mm,6,6,1.383,0.583
2,Tmax,4,under_10_mm,107,107,1.322,-0.668
2,Tmax,5,at_least_10_mm,6,6,1.65,0.917
2,Tmax,5,under_10_mm,107,107,1.382,-0.668
2,Tmax,6,at_least_10_mm,6,6,2.083,1.917
2,Tmax,6,under_10_mm,107,107,1.494,-0.715
2,Tmax,7,at_least_10_mm,6,6,2.583,2.417
2,Tmax,7,under_10_mm,107,107,1.605,-0.855
2,Tmax,8,at_least_10_mm,6,6,3.583,3.083
2,Tmax,8,under_10_mm,107,107,1.775,-1.07
2,Tmax,9,at_least_10_mm,6,6,4.083,3.583
2,Tmax,9,under_10_mm,107,107,1.949,-1.173
2,Tmin,1,at_least_10_mm,6,6,0.6,-0.167
2,Tmin,1,under_10_mm,107,107,0.704,-0.319
2,Tmin,2,at_least_10_mm,6,6,0.767,0.167
2,Tmin,2,under_10_mm,107,107,0.764,-0.038
2,Tmin,3,at_least_10_mm,6,6,0.967,0.833
2,Tmin,3,under_10_mm,107,107,0.82,-0.029
2,Tmin,4,at_least_10_mm,6,6,1.4,1.333
2,Tmin,4,under_10_mm,107,107,0.816,-0.085
2,Tmin,5,at_least_10_mm,6,6,2.233,2.167
2,Tmin,5,under_10_mm,107,107,0.848,-0.104
2,Tmin,6,at_least_10_mm,6,6,3.233,2.833
2,Tmin,6,under_10_mm,107,107,0.872,-0.113
2,Tmin,7,at_least_10_mm,6,6,3.733,3.333
2,Tmin,7,under_10_mm,107,107,1.05,-0.235
2,Tmin,8,at_least_10_mm,6,6,4.233,3.833
2,Tmin,8,under_10_mm,107,107,1.236,-0.337
2,Tmin,9,at_least_10_mm,6,6,4.733,4.0
2,Tmin,9,under_10_mm,107,107,1.414,-0.45
3,Tmax,1,at_least_10_mm,6,6,0.933,-0.033
3,Tmax,1,under_10_mm,118,118,1.186,-0.338
3,Tmax,2,at_least_10_mm,6,6,1.1,0.133
3,Tmax,2,under_10_mm,118,118,1.419,-0.389
3,Tmax,3,at_least_10_mm,6,6,1.267,-0.033
3,Tmax,3,under_10_mm,118,118,1.725,-0.465
3,Tmax,4,at_least_10_mm,6,6,1.233,0.133
3,Tmax,4,under_10_mm,118,118,1.848,-0.584
3,Tmax,5,at_least_10_mm,6,6,1.4,-0.367
3,Tmax,5,under_10_mm,118,118,1.967,-0.745
3,Tmax,6,at_least_10_mm,6,6,1.267,-0.7
3,Tmax,6,under_10_mm,118,118,2.138,-0.957
3,Tmax,7,at_least_10_mm,6,6,1.767,-0.2
3,Tmax,7,under_10_mm,118,118,2.323,-1.126
3,Tmax,8,at_least_10_mm,6,6,2.067,0.133
3,Tmax,8,under_10_mm,118,118,2.547,-1.33
3,Tmax,9,at_least_10_mm,6,6,2.567,0.8
3,Tmax,9,under_10_mm,118,118,2.767,-1.313
3,Tmin,1,at_least_10_mm,6,6,0.583,0.15
3,Tmin,1,under_10_mm,118,118,0.714,-0.339
3,Tmin,2,at_least_10_mm,6,6,0.65,0.317
3,Tmin,2,under_10_mm,118,118,0.917,-0.322
3,Tmin,3,at_least_10_mm,6,6,0.783,0.15
3,Tmin,3,under_10_mm,118,118,1.039,-0.314
3,Tmin,4,at_least_10_mm,6,6,0.783,0.483
3,Tmin,4,under_10_mm,118,118,1.054,-0.28
3,Tmin,5,at_least_10_mm,6,6,0.883,0.317
3,Tmin,5,under_10_mm,118,118,1.176,-0.314
3,Tmin,6,at_least_10_mm,6,6,0.75,0.483
3,Tmin,6,under_10_mm,118,118,1.268,-0.415
3,Tmin,7,at_least_10_mm,6,6,0.917,0.65
3,Tmin,7,under_10_mm,118,118,1.376,-0.5
3,Tmin,8,at_least_10_mm,6,6,1.083,0.817
3,Tmin,8,under_10_mm,118,118,1.522,-0.627
3,Tmin,9,at_least_10_mm,6,6,2.05,1.15
3,Tmin,9,under_10_mm,118,118,1.6,-0.636
4,Tmax,1,at_least_10_mm,11,11,1.327,0.255
4,Tmax,1,under_10_mm,109,109,1.345,0.018
4,Tmax,2,at_least_10_mm,11,11,0.745,0.436
4,Tmax,2,under_10_mm,109,109,1.543,0.165
4,Tmax,3,at_least_10_mm,11,11,0.891,0.618
4,Tmax,3,under_10_mm,109,109,1.563,0.138
4,Tmax,4,at_least_10_mm,11,11,0.945,0.709
4,Tmax,4,under_10_mm,109,109,1.662,0.028
4,Tmax,5,at_least_10_mm,11,11,0.836,0.436
4,Tmax,5,under_10_mm,109,109,1.776,0.037
4,Tmax,6,at_least_10_mm,11,11,0.927,0.345
4,Tmax,6,under_10_mm,109,109,1.76,0.073
4,Tmax,7,at_least_10_mm,11,11,0.982,0.436
4,Tmax,7,under_10_mm,109,109,1.793,-0.018
4,Tmax,8,at_least_10_mm,11,11,1.073,0.436
4,Tmax,8,under_10_mm,109,109,1.949,-0.156
4,Tmax,9,at_least_10_mm,11,11,1.164,0.436
4,Tmax,9,under_10_mm,109,109,1.888,-0.174
4,Tmin,1,at_least_10_mm,11,11,1.7,0.591
4,Tmin,1,under_10_mm,109,109,0.751,-0.206
4,Tmin,2,at_least_10_mm,11,11,1.645,1.318
4,Tmin,2,under_10_mm,109,109,0.917,-0.115
4,Tmin,3,at_least_10_mm,11,11,1.736,1.591
4,Tmin,3,under_10_mm,109,109,1.006,-0.115
4,Tmin,4,at_least_10_mm,11,11,1.827,1.591
4,Tmin,4,under_10_mm,109,109,1.126,-0.124
4,Tmin,5,at_least_10_mm,11,11,1.736,1.5
4,Tmin,5,under_10_mm,109,109,1.19,-0.124
4,Tmin,6,at_least_10_mm,11,11,1.736,1.5
4,Tmin,6,under_10_mm,109,109,1.19,-0.05
4,Tmin,7,at_least_10_mm,11,11,1.718,1.591
4,Tmin,7,under_10_mm,109,109,1.219,-0.069
4,Tmin,8,at_least_10_mm,11,11,1.718,1.409
4,Tmin,8,under_10_mm,109,109,1.289,-0.096
4,Tmin,9,at_least_10_mm,11,11,1.809,1.5
4,Tmin,9,under_10_mm,109,109,1.417,-0.161
5,Tmax,1,at_least_10_mm,22,22,0.959,0.495
5,Tmax,1,under_10_mm,102,102,1.064,-0.075
5,Tmax,2,at_least_10_mm,22,22,1.323,1.086
5,Tmax,2,under_10_mm,102,102,1.252,-0.164
5,Tmax,3,at_least_10_mm,22,22,1.595,1.223
5,Tmax,3,under_10_mm,102,102,1.299,-0.183
5,Tmax,4,at_least_10_mm,22,22,1.705,1.314
5,Tmax,4,under_10_mm,102,102,1.401,-0.223
5,Tmax,5,at_least_10_mm,22,22,1.95,1.495
5,Tmax,5,under_10_mm,102,102,1.46,-0.301
5,Tmax,6,at_least_10_mm,22,22,2.123,1.586
5,Tmax,6,under_10_mm,102,102,1.456,-0.232
5,Tmax,7,at_least_10_mm,22,22,2.25,1.45
5,Tmax,7,under_10_mm,102,102,1.43,-0.223
5,Tmax,8,at_least_10_mm,22,22,2.105,1.495
5,Tmax,8,under_10_mm,102,102,1.47,-0.105
5,Tmax,9,at_least_10_mm,22,22,2.368,1.768
5,Tmax,9,under_10_mm,102,102,1.542,-0.134
5,Tmin,1,at_least_10_mm,22,22,0.668,0.314
5,Tmin,1,under_10_mm,102,102,0.642,-0.281
5,Tmin,2,at_least_10_mm,22,22,1.059,0.723
5,Tmin,2,under_10_mm,102,102,0.781,-0.232
5,Tmin,3,at_least_10_mm,22,22,1.132,0.814
5,Tmin,3,under_10_mm,102,102,0.825,-0.144
5,Tmin,4,at_least_10_mm,22,22,1.077,0.768
5,Tmin,4,under_10_mm,102,102,0.862,-0.105
5,Tmin,5,at_least_10_mm,22,22,1.159,0.905
5,Tmin,5,under_10_mm,102,102,0.903,-0.075
5,Tmin,6,at_least_10_mm,22,22,1.45,1.041
5,Tmin,6,under_10_mm,102,102,0.917,-0.026
5,Tmin,7,at_least_10_mm,22,22,1.559,1.086
5,Tmin,7,under_10_mm,102,102,0.999,-0.026
5,Tmin,8,at_least_10_mm,22,22,1.559,1.132
5,Tmin,8,under_10_mm,102,102,1.126,-0.017
5,Tmin,9,at_least_10_mm,22,22,1.705,1.132
5,Tmin,9,under_10_mm,102,102,1.232,0.003
6,Tmax,1,at_least_10_mm,37,37,0.814,0.214
6,Tmax,1,under_10_mm,83,83,0.824,-0.137
6,Tmax,2,at_least_10_mm,37,37,1.068,0.186
6,Tmax,2,under_10_mm,83,83,0.952,-0.101
6,Tmax,3,at_least_10_mm,37,37,1.23,0.295
6,Tmax,3,under_10_mm,83,83,0.978,-0.125
6,Tmax,4,at_least_10_mm,37,37,1.397,0.484
6,Tmax,4,under_10_mm,83,83,1.053,-0.173
6,Tmax,5,at_least_10_mm,37,37,1.397,0.457
6,Tmax,5,under_10_mm,83,83,1.157,-0.318
6,Tmax,6,at_least_10_mm,37,37,1.338,0.376
6,Tmax,6,under_10_mm,83,83,1.198,-0.39
6,Tmax,7,at_least_10_mm,37,37,1.392,0.322
6,Tmax,7,under_10_mm,83,83,1.294,-0.547
6,Tmax,8,at_least_10_mm,37,37,1.332,0.349
6,Tmax,8,under_10_mm,83,83,1.361,-0.667
6,Tmax,9,at_least_10_mm,37,37,1.462,0.403
6,Tmax,9,under_10_mm,83,83,1.436,-0.667
6,Tmin,1,at_least_10_mm,37,37,0.792,0.641
6,Tmin,1,under_10_mm,83,83,0.607,-0.202
6,Tmin,2,at_least_10_mm,37,37,0.905,0.83
6,Tmin,2,under_10_mm,83,83,0.687,-0.13
6,Tmin,3,at_least_10_mm,37,37,0.981,0.911
6,Tmin,3,under_10_mm,83,83,0.74,-0.058
6,Tmin,4,at_least_10_mm,37,37,1.062,0.965
6,Tmin,4,under_10_mm,83,83,0.757,-0.106
6,Tmin,5,at_least_10_mm,37,37,1.089,0.992
6,Tmin,5,under_10_mm,83,83,0.793,-0.094
6,Tmin,6,at_least_10_mm,37,37,1.116,1.019
6,Tmin,6,under_10_mm,83,83,0.79,-0.142
6,Tmin,7,at_least_10_mm,37,37,1.17,1.019
6,Tmin,7,under_10_mm,83,83,0.829,-0.214
6,Tmin,8,at_least_10_mm,37,37,1.3,1.1
6,Tmin,8,under_10_mm,83,83,0.872,-0.335
6,Tmin,9,at_least_10_mm,37,37,1.354,1.1
6,Tmin,9,under_10_mm,83,83,0.964,-0.359
7,Tmax,1,at_least_10_mm,32,32,0.972,0.297
7,Tmax,1,under_10_mm,92,92,0.873,-0.229
7,Tmax,2,at_least_10_mm,32,32,1.066,0.266
7,Tmax,2,under_10_mm,92,92,0.914,-0.425
7,Tmax,3,at_least_10_mm,32,32,1.078,0.422
7,Tmax,3,under_10_mm,92,92,1.079,-0.675
7,Tmax,4,at_least_10_mm,32,32,1.147,0.453
7,Tmax,4,under_10_mm,92,92,1.145,-0.784
7,Tmax,5,at_least_10_mm,32,32,1.291,0.516
7,Tmax,5,under_10_mm,92,92,1.171,-0.816
7,Tmax,6,at_least_10_mm,32,32,1.384,0.547
7,Tmax,6,under_10_mm,92,92,1.273,-0.968
7,Tmax,7,at_least_10_mm,32,32,1.416,0.609
7,Tmax,7,under_10_mm,92,92,1.338,-1.11
7,Tmax,8,at_least_10_mm,32,32,1.541,0.703
7,Tmax,8,under_10_mm,92,92,1.458,-1.164
7,Tmax,9,at_least_10_mm,32,32,1.791,0.828
7,Tmax,9,under_10_mm,92,92,1.573,-1.229
7,Tmin,1,at_least_10_mm,32,32,0.787,0.475
7,Tmin,1,under_10_mm,92,92,0.716,-0.471
7,Tmin,2,at_least_10_mm,32,32,0.925,0.569
7,Tmin,2,under_10_mm,92,92,0.792,-0.482
7,Tmin,3,at_least_10_mm,32,32,0.975,0.662
7,Tmin,3,under_10_mm,92,92,0.862,-0.59
7,Tmin,4,at_least_10_mm,32,32,1.038,0.787
7,Tmin,4,under_10_mm,92,92,0.91,-0.655
7,Tmin,5,at_least_10_mm,32,32,1.075,0.912
7,Tmin,5,under_10_mm,92,92,0.901,-0.666
7,Tmin,6,at_least_10_mm,32,32,1.137,1.038
7,Tmin,6,under_10_mm,92,92,0.895,-0.677
7,Tmin,7,at_least_10_mm,32,32,1.131,1.006
7,Tmin,7,under_10_mm,92,92,0.884,-0.634
7,Tmin,8,at_least_10_mm,32,32,1.2,1.069
7,Tmin,8,under_10_mm,92,92,0.892,-0.623
7,Tmin,9,at_least_10_mm,32,32,1.262,1.131
7,Tmin,9,under_10_mm,92,92,0.905,-0.612
8,Tmax,1,at_least_10_mm,31,31,0.929,0.123
8,Tmax,1,under_10_mm,93,93,0.901,-0.4
8,Tmax,2,at_least_10_mm,31,31,0.929,0.058
8,Tmax,2,under_10_mm,93,93,0.927,-0.465
8,Tmax,3,at_least_10_mm,31,31,1.045,0.348
8,Tmax,3,under_10_mm,93,93,1.002,-0.572
8,Tmax,4,at_least_10_mm,31,31,1.116,0.606
8,Tmax,4,under_10_mm,93,93,1.052,-0.658
8,Tmax,5,at_least_10_mm,31,31,1.194,0.703
8,Tmax,5,under_10_mm,93,93,1.178,-0.809
8,Tmax,6,at_least_10_mm,31,31,1.258,0.832
8,Tmax,6,under_10_mm,93,93,1.2,-0.83
8,Tmax,7,at_least_10_mm,31,31,1.484,0.994
8,Tmax,7,under_10_mm,93,93,1.135,-0.766
8,Tmax,8,at_least_10_mm,31,31,1.606,1.219
8,Tmax,8,under_10_mm,93,93,1.26,-0.798
8,Tmax,9,at_least_10_mm,31,31,1.735,1.348
8,Tmax,9,under_10_mm,93,93,1.26,-0.787
8,Tmin,1,at_least_10_mm,31,31,0.706,0.552
8,Tmin,1,under_10_mm,93,93,0.675,-0.37
8,Tmin,2,at_least_10_mm,31,31,0.926,0.81
8,Tmin,2,under_10_mm,93,93,0.69,-0.273
8,Tmin,3,at_least_10_mm,31,31,1.023,0.906
8,Tmin,3,under_10_mm,93,93,0.697,-0.252
8,Tmin,4,at_least_10_mm,31,31,1.087,0.971
8,Tmin,4,under_10_mm,93,93,0.705,-0.262
8,Tmin,5,at_least_10_mm,31,31,1.216,1.1
8,Tmin,5,under_10_mm,93,93,0.759,-0.252
8,Tmin,6,at_least_10_mm,31,31,1.326,1.261
8,Tmin,6,under_10_mm,93,93,0.74,-0.198
8,Tmin,7,at_least_10_mm,31,31,1.552,1.487
8,Tmin,7,under_10_mm,93,93,0.742,-0.176
8,Tmin,8,at_least_10_mm,31,31,1.719,1.713
8,Tmin,8,under_10_mm,93,93,0.729,-0.058
8,Tmin,9,at_least_10_mm,31,31,1.842,1.842
8,Tmin,9,under_10_mm,93,93,0.746,-0.037
9,Tmax,1,at_least_10_mm,31,31,1.313,0.332
9,Tmax,1,under_10_mm,89,89,0.879,-0.299
9,Tmax,2,at_least_10_mm,31,31,1.539,0.752
9,Tmax,2,under_10_mm,89,89,1.027,-0.524
9,Tmax,3,at_least_10_mm,31,31,1.765,0.848
9,Tmax,3,under_10_mm,89,89,1.256,-0.748
9,Tmax,4,at_least_10_mm,31,31,2.023,1.074
9,Tmax,4,under_10_mm,89,89,1.31,-0.894
9,Tmax,5,at_least_10_mm,31,31,2.023,1.203
9,Tmax,5,under_10_mm,89,89,1.404,-0.962
9,Tmax,6,at_least_10_mm,31,31,2.184,1.365
9,Tmax,6,under_10_mm,89,89,1.461,-1.029
9,Tmax,7,at_least_10_mm,31,31,2.294,1.59
9,Tmax,7,under_10_mm,89,89,1.618,-1.097
9,Tmax,8,at_least_10_mm,31,31,2.229,1.526
9,Tmax,8,under_10_mm,89,89,1.787,-1.198
9,Tmax,9,at_least_10_mm,31,31,2.287,1.59
9,Tmax,9,under_10_mm,89,89,1.863,-1.265
9,Tmin,1,at_least_10_mm,31,31,0.929,0.606
9,Tmin,1,under_10_mm,89,89,0.648,-0.291
9,Tmin,2,at_least_10_mm,31,31,1.032,0.8
9,Tmin,2,under_10_mm,89,89,0.801,-0.448
9,Tmin,3,at_least_10_mm,31,31,1.181,0.897
9,Tmin,3,under_10_mm,89,89,0.864,-0.493
9,Tmin,4,at_least_10_mm,31,31,1.2,0.994
9,Tmin,4,under_10_mm,89,89,0.884,-0.538
9,Tmin,5,at_least_10_mm,31,31,1.168,1.026
9,Tmin,5,under_10_mm,89,89,0.954,-0.572
9,Tmin,6,at_least_10_mm,31,31,1.187,1.026
9,Tmin,6,under_10_mm,89,89,0.904,-0.561
9,Tmin,7,at_least_10_mm,31,31,1.284,1.187
9,Tmin,7,under_10_mm,89,89,0.943,-0.583
9,Tmin,8,at_least_10_mm,31,31,1.394,1.316
9,Tmin,8,under_10_mm,89,89,1.006,-0.583
9,Tmin,9,at_least_10_mm,31,31,1.426,1.348
9,Tmin,9,under_10_mm,89,89,1.033,-0.572
10,Tmax,1,at_least_10_mm,7,7,0.943,0.314
10,Tmax,1,under_10_mm,117,117,0.751,-0.139
10,Tmax,2,at_least_10_mm,7,7,1.229,0.314
10,Tmax,2,under_10_mm,117,117,0.984,-0.25
10,Tmax,3,at_least_10_mm,7,7,1.657,0.743
10,Tmax,3,under_10_mm,117,117,1.02,-0.268
10,Tmax,4,at_least_10_mm,7,7,2.371,1.457
10,Tmax,4,under_10_mm,117,117,1.032,-0.268
10,Tmax,5,at_least_10_mm,7,7,2.086,1.457
10,Tmax,5,under_10_mm,117,117,1.184,-0.233
10,Tmax,6,at_least_10_mm,7,7,2.371,1.743
10,Tmax,6,under_10_mm,117,117,1.233,-0.276
10,Tmax,7,at_least_10_mm,7,7,2.514,2.171
10,Tmax,7,under_10_mm,117,117,1.273,-0.259
10,Tmax,8,at_least_10_mm,7,7,2.6,2.457
10,Tmax,8,under_10_mm,117,117,1.408,-0.293
10,Tmax,9,at_least_10_mm,7,7,3.171,3.171
10,Tmax,9,under_10_mm,117,117,1.515,-0.259
10,Tmin,1,at_least_10_mm,7,7,0.743,0.171
10,Tmin,1,under_10_mm,117,117,0.635,-0.35
10,Tmin,2,at_least_10_mm,7,7,0.6,0.314
10,Tmin,2,under_10_mm,117,117,0.837,-0.298
10,Tmin,3,at_least_10_mm,7,7,0.743,0.457
10,Tmin,3,under_10_mm,117,117,0.84,-0.315
10,Tmin,4,at_least_10_mm,7,7,0.914,0.743
10,Tmin,4,under_10_mm,117,117,0.871,-0.332
10,Tmin,5,at_least_10_mm,7,7,0.914,0.743
10,Tmin,5,under_10_mm,117,117,1.033,-0.332
10,Tmin,6,at_least_10_mm,7,7,1.2,1.029
10,Tmin,6,under_10_mm,117,117,1.109,-0.332
10,Tmin,7,at_least_10_mm,7,7,1.629,1.457
10,Tmin,7,under_10_mm,117,117,1.141,-0.273
10,Tmin,8,at_least_10_mm,7,7,1.886,1.886
10,Tmin,8,under_10_mm,117,117,1.196,-0.247
10,Tmin,9,at_least_10_mm,7,7,2.171,2.171
10,Tmin,9,under_10_mm,117,117,1.201,-0.153
11,Tmax,1,at_least_10_mm,6,6,1.417,1.417
11,Tmax,1,under_10_mm,114,114,0.691,0.046
11,Tmax,2,at_least_10_mm,6,6,1.583,1.583
11,Tmax,2,under_10_mm,114,114,0.844,0.089
11,Tmax,3,at_least_10_mm,6,6,1.583,1.583
11,Tmax,3,under_10_mm,114,114,0.921,0.116
11,Tmax,4,at_least_10_mm,6,6,2.083,2.083
11,Tmax,4,under_10_mm,114,114,1.011,0.151
11,Tmax,5,at_least_10_mm,6,6,2.417,2.417
11,Tmax,5,under_10_mm,114,114,1.084,0.221
11,Tmax,6,at_least_10_mm,6,6,3.25,3.25
11,Tmax,6,under_10_mm,114,114,1.205,0.177
11,Tmax,7,at_least_10_mm,6,6,3.917,3.917
11,Tmax,7,under_10_mm,114,114,1.326,0.204
11,Tmax,8,at_least_10_mm,6,6,3.917,3.917
11,Tmax,8,under_10_mm,114,114,1.414,0.212
11,Tmax,9,at_least_10_mm,6,6,4.083,4.083
11,Tmax,9,under_10_mm,114,114,1.633,0.388
11,Tmin,1,at_least_10_mm,6,6,0.8,-0.133
11,Tmin,1,under_10_mm,114,114,0.632,-0.318
11,Tmin,2,at_least_10_mm,6,6,0.867,0.867
11,Tmin,2,under_10_mm,114,114,0.674,-0.318
11,Tmin,3,at_least_10_mm,6,6,0.867,0.867
11,Tmin,3,under_10_mm,114,114,0.781,-0.37
11,Tmin,4,at_least_10_mm,6,6,1.2,1.2
11,Tmin,4,under_10_mm,114,114,0.865,-0.344
11,Tmin,5,at_least_10_mm,6,6,1.5,1.2
11,Tmin,5,under_10_mm,114,114,0.989,-0.37
11,Tmin,6,at_least_10_mm,6,6,1.7,1.7
11,Tmin,6,under_10_mm,114,114,1.189,-0.396
11,Tmin,7,at_least_10_mm,6,6,1.867,1.867
11,Tmin,7,under_10_mm,114,114,1.384,-0.388
11,Tmin,8,at_least_10_mm,6,6,1.867,1.867
11,Tmin,8,under_10_mm,114,114,1.486,-0.256
11,Tmin,9,at_least_10_mm,6,6,1.867,1.867
11,Tmin,9,under_10_mm,114,114,1.612,-0.081
12,Tmax,1,under_10_mm,124,124,0.757,-0.122
12,Tmax,2,under_10_mm,124,124,0.998,0.007
12,Tmax,3,under_10_mm,124,124,1.06,0.04
12,Tmax,4,under_10_mm,124,124,1.146,0.064
12,Tmax,5,under_10_mm,124,124,1.185,0.048
12,Tmax,6,under_10_mm,124,124,1.312,0.104
12,Tmax,7,under_10_mm,124,124,1.512,0.064
12,Tmax,8,under_10_mm,124,124,1.63,0.104
12,Tmax,9,under_10_mm,123,123,1.873,0.202
12,Tmin,1,under_10_mm,124,124,0.658,-0.374
12,Tmin,2,under_10_mm,124,124,0.692,-0.14
12,Tmin,3,under_10_mm,124,124,0.721,-0.108
12,Tmin,4,under_10_mm,124,124,0.831,-0.027
12,Tmin,5,under_10_mm,124,124,0.947,0.013
12,Tmin,6,under_10_mm,124,124,1.069,0.085
12,Tmin,7,under_10_mm,124,124,1.148,0.094
12,Tmin,8,under_10_mm,124,124,1.292,0.134
12,Tmin,9,under_10_mm,123,123,1.513,0.233
